KO_ID	secondary_cluster	n_bins_with_ko	n_bins	carrier_frac	coef_cluster	qval_cluster	phylum	class	order	family	genus	species	category
K00012	1000_1	2	2	1									LPS / endotoxin
K00012	1001_1	123	135	0.911111111111111	0.261194982385927	0.528023152241292	Bacteroidota	Bacteroidia	Bacteroidales	Tannerellaceae	Parabacteroides	Parabacteroides merdae	LPS / endotoxin
K00012	1001_2	4	5	0.8									LPS / endotoxin
K00012	1002_1	1	1	1									LPS / endotoxin
K00012	1003_1	1	2	0.5									LPS / endotoxin
K00012	1004_1	7	8	0.875									LPS / endotoxin
K00012	1005_1	3	3	1									LPS / endotoxin
K00012	1006_1	3	3	1									LPS / endotoxin
K00012	1007_1	68	71	0.957746478873239	0.0423727266989698	0.947439630427701	Bacteroidota	Bacteroidia	Bacteroidales	Barnesiellaceae	Barnesiella	Barnesiella intestinihominis	LPS / endotoxin
K00012	1008_1	14	14	1	-0.0525813015598358	0.960672736786275	Bacteroidota	Bacteroidia	Bacteroidales	Coprobacteraceae	Coprobacter	Coprobacter fastidiosus	LPS / endotoxin
K00012	1009_1	2	2	1									LPS / endotoxin
K00012	100_1	1	1	1									LPS / endotoxin
K00012	100_2	9	9	1									LPS / endotoxin
K00012	1010_1	8	8	1									LPS / endotoxin
K00012	1011_1	2	2	1									LPS / endotoxin
K00012	1012_1	1	1	1									LPS / endotoxin
K00012	1013_1	3	3	1									LPS / endotoxin
K00012	1014_1	1	1	1									LPS / endotoxin
K00012	1016_1	63	63	1	-0.208898775088439	0.778322092567065	Bacteroidota	Bacteroidia	Bacteroidales	Muribaculaceae	Limisoma	Limisoma sp000437795	LPS / endotoxin
K00012	1017_1	3	3	1									LPS / endotoxin
K00012	1018_1	1	1	1									LPS / endotoxin
K00012	1019_1	1	1	1									LPS / endotoxin
K00012	101_1	1	1	1									LPS / endotoxin
K00012	1020_1	4	4	1									LPS / endotoxin
K00012	1021_1	31	37	0.837837837837838	-0.179607844653082	0.874535489671309	Bacteroidota	Bacteroidia	Bacteroidales	Bacteroidaceae	Bacteroides	Bacteroides fragilis	LPS / endotoxin
K00012	1022_1	11	11	1	-0.286165399503727	0.757559086992637	Bacteroidota	Bacteroidia	Bacteroidales	Bacteroidaceae	Phocaeicola	Phocaeicola sp000434735	LPS / endotoxin
K00012	1023_1	4	4	1									LPS / endotoxin
K00012	1024_1	4	6	0.666666666666667									LPS / endotoxin
K00012	1024_2	1	1	1									LPS / endotoxin
K00012	1025_1	10	11	0.909090909090909	0.196106397696826	0.701738090779955	Bacteroidota	Bacteroidia	Bacteroidales	Bacteroidaceae	Phocaeicola	""	LPS / endotoxin
K00012	1026_1	2	2	1									LPS / endotoxin
K00012	1027_1	46	48	0.958333333333333	-0.2169914798534	0.839584115395913	Bacteroidota	Bacteroidia	Bacteroidales	Bacteroidaceae	Phocaeicola	Phocaeicola coprophilus	LPS / endotoxin
K00012	1028_1	66	70	0.942857142857143	0.516057187655274	0.302129563143712	Bacteroidota	Bacteroidia	Bacteroidales	Bacteroidaceae	Phocaeicola	Phocaeicola coprocola	LPS / endotoxin
K00012	1029_1	54	87	0.620689655172414	-0.238226121941742	0.742598088192423	Bacteroidota	Bacteroidia	Bacteroidales	Bacteroidaceae	Phocaeicola	Phocaeicola plebeius_A	LPS / endotoxin
K00012	1029_2	21	28	0.75	-0.476089528521639	0.7107993086602	Bacteroidota	Bacteroidia	Bacteroidales	Bacteroidaceae	Phocaeicola	Phocaeicola plebeius	LPS / endotoxin
K00012	1029_3	1	1	1									LPS / endotoxin
K00012	1030_1	1	2	0.5									LPS / endotoxin
K00012	1031_1	16	16	1	0.0135433246737455	0.990564642112473	Bacteroidota	Bacteroidia	Bacteroidales	Bacteroidaceae	Phocaeicola	Phocaeicola massiliensis	LPS / endotoxin
K00012	1031_2	2	3	0.666666666666667									LPS / endotoxin
K00012	1032_1	143	161	0.888198757763975	0.889281398761076	0.0743509713386384	Bacteroidota	Bacteroidia	Bacteroidales	Bacteroidaceae	Phocaeicola	Phocaeicola vulgatus	LPS / endotoxin
K00012	1034_1	15	16	0.9375	0.33057146041234	0.670386921581713	Bacteroidota	Bacteroidia	Bacteroidales	Bacteroidaceae	Bacteroides	Bacteroides cellulosilyticus	LPS / endotoxin
K00012	1034_2	2	2	1									LPS / endotoxin
K00012	1035_1	7	7	1									LPS / endotoxin
K00012	1036_1	1	1	1									LPS / endotoxin
K00012	1037_1	9	9	1									LPS / endotoxin
K00012	1038_1	13	14	0.928571428571429	-0.374837014546726	0.496099005078926	Bacteroidota	Bacteroidia	Bacteroidales	Bacteroidaceae	Bacteroides	Bacteroides clarus	LPS / endotoxin
K00012	1039_1	54	66	0.818181818181818	1.11624268991281	0.0870945140509126	Bacteroidota	Bacteroidia	Bacteroidales	Bacteroidaceae	Bacteroides	Bacteroides stercoris_A	LPS / endotoxin
K00012	1040_1	147	156	0.942307692307692	0.745021470471891	0.12435426833705	Bacteroidota	Bacteroidia	Bacteroidales	Bacteroidaceae	Bacteroides	Bacteroides uniformis	LPS / endotoxin
K00012	1041_1	1	1	1									LPS / endotoxin
K00012	1042_1	1	1	1									LPS / endotoxin
K00012	1043_1	27	32	0.84375	0.019094354544421	0.987596417076079	Bacteroidota	Bacteroidia	Bacteroidales	Bacteroidaceae	Bacteroides	Bacteroides thetaiotaomicron	LPS / endotoxin
K00012	1043_2	2	2	1									LPS / endotoxin
K00012	1044_1	25	35	0.714285714285714	-0.0599809783690067	0.950001439141797	Bacteroidota	Bacteroidia	Bacteroidales	Bacteroidaceae	Bacteroides	Bacteroides caccae	LPS / endotoxin
K00012	1044_2	1	1	1									LPS / endotoxin
K00012	1044_3	1	1	1									LPS / endotoxin
K00012	1045_1	6	8	0.75									LPS / endotoxin
K00012	1046_1	38	43	0.883720930232558	-0.357393799768856	0.636621250464773	Bacteroidota	Bacteroidia	Bacteroidales	Bacteroidaceae	Bacteroides	Bacteroides ovatus	LPS / endotoxin
K00012	1046_2	11	14	0.785714285714286	-0.96275434253752	0.189698331972496	Bacteroidota	Bacteroidia	Bacteroidales	Bacteroidaceae	Bacteroides	Bacteroides xylanisolvens	LPS / endotoxin
K00012	1046_3	1	1	1									LPS / endotoxin
K00012	1046_4	1	1	1									LPS / endotoxin
K00012	1046_5	1	2	0.5									LPS / endotoxin
K00012	1047_1	9	10	0.9	0.361334862683469	0.690814022366494	Bacteroidota	Bacteroidia	Bacteroidales	Bacteroidaceae	Bacteroides	Bacteroides salyersiae	LPS / endotoxin
K00012	1048_1	6	6	1									LPS / endotoxin
K00012	1048_2	3	3	1									LPS / endotoxin
K00012	1051_1	82	86	0.953488372093023	-0.229759068933236	0.702741495877688	Bacteroidota	Bacteroidia	Bacteroidales	Marinifilaceae	Odoribacter	Odoribacter splanchnicus	LPS / endotoxin
K00012	1052_1	1	1	1									LPS / endotoxin
K00012	1052_2	1	1	1									LPS / endotoxin
K00012	1053_1	11	11	1	-0.605691333403473	0.440381178841193	Bacteroidota	Bacteroidia	Bacteroidales	Marinifilaceae	Butyricimonas	Butyricimonas faecalis	LPS / endotoxin
K00012	1053_2	1	1	1									LPS / endotoxin
K00012	1054_1	15	15	1	0.453957827453901	0.380704007840178	Bacteroidota	Bacteroidia	Bacteroidales	Marinifilaceae	Butyricimonas	""	LPS / endotoxin
K00012	1054_2	16	16	1	-0.0830589795416084	0.939012573140302	Bacteroidota	Bacteroidia	Bacteroidales	Marinifilaceae	Butyricimonas	Butyricimonas virosa	LPS / endotoxin
K00012	1054_3	12	12	1	-0.418405760914221	0.415564352658791	Bacteroidota	Bacteroidia	Bacteroidales	Marinifilaceae	Butyricimonas	Butyricimonas faecihominis	LPS / endotoxin
K00012	1054_4	4	8	0.5									LPS / endotoxin
K00012	1055_1	1	1	1									LPS / endotoxin
K00012	1056_1	1	1	1									LPS / endotoxin
K00012	1058_1	10	25	0.4	-0.837358316157133	0.101530848406785	Actinomycetota	Coriobacteriia	Coriobacteriales	Eggerthellaceae	Anaerotardibacter	Anaerotardibacter sp000436075	LPS / endotoxin
K00012	1058_2	7	18	0.388888888888889	-1.18144441517648	0.00871718429781164	Actinomycetota	Coriobacteriia	Coriobacteriales	Eggerthellaceae	Anaerotardibacter	Anaerotardibacter sp900544455	LPS / endotoxin
K00012	105_1	1	2	0.5									LPS / endotoxin
K00012	1060_1	2	8	0.25									LPS / endotoxin
K00012	1061_1	2	2	1									LPS / endotoxin
K00012	1067_1	7	20	0.35	0.0692668402219812	0.937837942512275	Actinomycetota	Coriobacteriia	Coriobacteriales	Atopobiaceae	Paratractidigestivibacter	Paratractidigestivibacter faecalis	LPS / endotoxin
K00012	1073_1	4	7	0.571428571428571									LPS / endotoxin
K00012	1074_1	11	22	0.5	-0.513807714770883	0.483468909616883	Actinomycetota	Coriobacteriia	Coriobacteriales	Coriobacteriaceae	Collinsella	""	LPS / endotoxin
K00012	1074_11	4	4	1									LPS / endotoxin
K00012	1074_12	2	5	0.4									LPS / endotoxin
K00012	1074_13	1	2	0.5									LPS / endotoxin
K00012	1074_14	1	1	1									LPS / endotoxin
K00012	1074_15	2	2	1									LPS / endotoxin
K00012	1074_16	1	2	0.5									LPS / endotoxin
K00012	1074_17	2	2	1									LPS / endotoxin
K00012	1074_19	1	1	1									LPS / endotoxin
K00012	1074_2	9	9	1									LPS / endotoxin
K00012	1074_21	4	8	0.5									LPS / endotoxin
K00012	1074_23	2	3	0.666666666666667									LPS / endotoxin
K00012	1074_24	1	1	1									LPS / endotoxin
K00012	1074_26	4	6	0.666666666666667									LPS / endotoxin
K00012	1074_27	1	1	1									LPS / endotoxin
K00012	1074_28	1	1	1									LPS / endotoxin
K00012	1074_29	1	1	1									LPS / endotoxin
K00012	1074_3	8	19	0.421052631578947	0.318133869164916	0.615729532216391	Actinomycetota	Coriobacteriia	Coriobacteriales	Coriobacteriaceae	Collinsella	Collinsella sp003459245	LPS / endotoxin
K00012	1074_30	1	1	1									LPS / endotoxin
K00012	1074_31	1	1	1									LPS / endotoxin
K00012	1074_33	1	1	1									LPS / endotoxin
K00012	1074_38	1	1	1									LPS / endotoxin
K00012	1074_4	1	1	1									LPS / endotoxin
K00012	1074_5	4	8	0.5									LPS / endotoxin
K00012	1074_6	3	4	0.75									LPS / endotoxin
K00012	1074_7	1	3	0.333333333333333									LPS / endotoxin
K00012	1074_8	12	16	0.75	-0.602232921384223	0.320138272702497	Actinomycetota	Coriobacteriia	Coriobacteriales	Coriobacteriaceae	Collinsella	""	LPS / endotoxin
K00012	1074_9	1	3	0.333333333333333									LPS / endotoxin
K00012	1076_1	1	4	0.25									LPS / endotoxin
K00012	1077_1	1	1	1									LPS / endotoxin
K00012	1078_1	3	3	1									LPS / endotoxin
K00012	1082_1	5	15	0.333333333333333	-0.514771269033049	0.347784276447953	Actinomycetota	Coriobacteriia	Coriobacteriales	Eggerthellaceae	Slackia	Slackia isoflavoniconvertens	LPS / endotoxin
K00012	1083_2	1	3	0.333333333333333									LPS / endotoxin
K00012	1085_1	6	11	0.545454545454545	-0.321372000198904	0.384265230319888	Actinomycetota	Coriobacteriia	Coriobacteriales	Eggerthellaceae	Senegalimassilia	Senegalimassilia faecalis	LPS / endotoxin
K00012	1087_1	9	29	0.310344827586207	-1.18601844555949	0.00240146105029924	Actinomycetota	Coriobacteriia	Coriobacteriales	Eggerthellaceae	Adlercreutzia	Adlercreutzia rubneri	LPS / endotoxin
K00012	1088_1	1	1	1									LPS / endotoxin
K00012	1090_1	3	8	0.375									LPS / endotoxin
K00012	1090_2	1	2	0.5									LPS / endotoxin
K00012	1092_1	35	73	0.479452054794521	-0.00159963330957656	0.999407958867046	Actinomycetota	Coriobacteriia	Coriobacteriales	Eggerthellaceae	Eggerthella	Eggerthella lenta	LPS / endotoxin
K00012	1093_1	1	4	0.25									LPS / endotoxin
K00012	1097_1	11	12	0.916666666666667	0.0269774703599389	0.986223214161706	Actinomycetota	Actinomycetes	Actinomycetales	Bifidobacteriaceae	Bifidobacterium	Bifidobacterium animalis_B	LPS / endotoxin
K00012	1098_1	1	3	0.333333333333333									LPS / endotoxin
K00012	1099_1	43	115	0.373913043478261	0.701404799674147	0.157622252780984	Actinomycetota	Actinomycetes	Actinomycetales	Bifidobacteriaceae	Bifidobacterium	Bifidobacterium adolescentis	LPS / endotoxin
K00012	10_1	1	1	1									LPS / endotoxin
K00012	1100_1	36	112	0.321428571428571	0.171199520407769	0.857598970815532	Actinomycetota	Actinomycetes	Actinomycetales	Bifidobacteriaceae	Bifidobacterium	Bifidobacterium pseudocatenulatum	LPS / endotoxin
K00012	1100_3	1	1	1									LPS / endotoxin
K00012	1100_4	2	3	0.666666666666667									LPS / endotoxin
K00012	1102_1	71	149	0.476510067114094	0.560776878578486	0.133292324070373	Actinomycetota	Actinomycetes	Actinomycetales	Bifidobacteriaceae	Bifidobacterium	Bifidobacterium longum	LPS / endotoxin
K00012	1104_1	1	1	1									LPS / endotoxin
K00012	1105_1	1	1	1									LPS / endotoxin
K00012	1106_1	3	3	1									LPS / endotoxin
K00012	1107_1	19	23	0.826086956521739	-0.879211993171519	0.0831275357601202	Bacteroidota	Bacteroidia	Bacteroidales	UBA932	Cryptobacteroides	Cryptobacteroides sp000433355	LPS / endotoxin
K00012	1107_2	2	2	1									LPS / endotoxin
K00012	1107_3	5	7	0.714285714285714									LPS / endotoxin
K00012	1108_1	2	2	1									LPS / endotoxin
K00012	1109_1	13	14	0.928571428571429	-0.340553863713002	0.450440417805453	Bacteroidota	Bacteroidia	Bacteroidales	UBA932	Cryptobacteroides	Cryptobacteroides sp000435075	LPS / endotoxin
K00012	1110_1	7	8	0.875									LPS / endotoxin
K00012	1111_1	1	2	0.5									LPS / endotoxin
K00012	1112_1	1	1	1									LPS / endotoxin
K00012	1113_1	112	121	0.925619834710744	0.583180764854139	0.111723788254774	Bacteroidota	Bacteroidia	Bacteroidales	Rikenellaceae	Alistipes	Alistipes putredinis	LPS / endotoxin
K00012	1114_1	37	41	0.902439024390244	-0.0763192419191101	0.941064511686959	Bacteroidota	Bacteroidia	Bacteroidales	Rikenellaceae	Alistipes	Alistipes communis	LPS / endotoxin
K00012	1115_1	16	19	0.842105263157895	-0.154981220324971	0.917423232123717	Bacteroidota	Bacteroidia	Bacteroidales	Rikenellaceae	Alistipes	Alistipes senegalensis	LPS / endotoxin
K00012	1116_1	82	88	0.931818181818182	0.226522172780732	0.654951089379597	Bacteroidota	Bacteroidia	Bacteroidales	Rikenellaceae	Alistipes	Alistipes shahii	LPS / endotoxin
K00012	1116_2	1	1	1									LPS / endotoxin
K00012	1117_1	55	58	0.948275862068965	0.131443132518955	0.915655769990715	Bacteroidota	Bacteroidia	Bacteroidales	Rikenellaceae	Alistipes	Alistipes onderdonkii	LPS / endotoxin
K00012	1118_1	34	34	1	0.200836809226206	0.783038263282324	Bacteroidota	Bacteroidia	Bacteroidales	Rikenellaceae	Alistipes	Alistipes finegoldii	LPS / endotoxin
K00012	1119_1	1	1	1									LPS / endotoxin
K00012	1120_1	6	6	1									LPS / endotoxin
K00012	1121_1	3	3	1									LPS / endotoxin
K00012	1122_1	1	1	1									LPS / endotoxin
K00012	1123_1	7	8	0.875									LPS / endotoxin
K00012	1124_1	13	15	0.866666666666667	0.983083342986006	0.0300286467860094	Bacteroidota	Bacteroidia	Bacteroidales	Rikenellaceae	Alistipes_A	Alistipes_A ihumii	LPS / endotoxin
K00012	1125_1	11	12	0.916666666666667	0.181984278059233	0.699329897153679	Bacteroidota	Bacteroidia	Bacteroidales	Rikenellaceae	Alistipes_A	Alistipes_A sp900539755	LPS / endotoxin
K00012	1126_1	22	22	1	0.212185630767125	0.770318580797188	Bacteroidota	Bacteroidia	Bacteroidales	Rikenellaceae	Alistipes_A	Alistipes_A indistinctus	LPS / endotoxin
K00012	112_1	1	1	1									LPS / endotoxin
K00012	130_1	1	4	0.25									LPS / endotoxin
K00012	134_1	1	1	1									LPS / endotoxin
K00012	13_1	1	2	0.5									LPS / endotoxin
K00012	146_1	1	1	1									LPS / endotoxin
K00012	148_1	18	23	0.782608695652174	-0.467799057470357	0.564607822933228	Bacillota	Bacilli	RF39	UBA660	CAG-302	CAG-302 sp000431795	LPS / endotoxin
K00012	153_1	1	3	0.333333333333333									LPS / endotoxin
K00012	154_1	6	10	0.6	-0.373989605063359	0.428544642195116	Bacillota	Bacilli	MOL361	Turicibacteraceae	Turicibacter	Turicibacter bilis	LPS / endotoxin
K00012	155_1	1	1	1									LPS / endotoxin
K00012	158_1	1	1	1									LPS / endotoxin
K00012	159_1	1	4	0.25									LPS / endotoxin
K00012	15_1	6	6	1									LPS / endotoxin
K00012	160_1	4	4	1									LPS / endotoxin
K00012	160_2	2	3	0.666666666666667									LPS / endotoxin
K00012	161_1	2	2	1									LPS / endotoxin
K00012	161_2	1	1	1									LPS / endotoxin
K00012	162_1	1	1	1									LPS / endotoxin
K00012	166_1	5	18	0.277777777777778	1.32850482576754	0.0099970529836233	Bacillota	Bacilli	Erysipelotrichales	Erysipelotrichaceae	Amedibacterium	Amedibacterium intestinale	LPS / endotoxin
K00012	172_1	3	7	0.428571428571429									LPS / endotoxin
K00012	176_1	1	3	0.333333333333333									LPS / endotoxin
K00012	177_1	1	1	1									LPS / endotoxin
K00012	178_1	36	65	0.553846153846154	-1.20867705912629	0.0442997574675555	Bacillota	Bacilli	Erysipelotrichales	Coprobacillaceae	Catenibacterium	Catenibacterium mitsuokai	LPS / endotoxin
K00012	179_1	86	116	0.741379310344828	0.622474215001055	0.0870945140509126	Bacillota	Bacilli	Erysipelotrichales	Coprobacillaceae	Faecalibacillus	Faecalibacillus intestinalis	LPS / endotoxin
K00012	17_1	2	2	1									LPS / endotoxin
K00012	180_1	1	1	1									LPS / endotoxin
K00012	185_1	20	52	0.384615384615385	-0.597980927787929	0.291451235526897	Bacillota	Bacilli	Erysipelotrichales	Erysipelotrichaceae	Holdemanella	Holdemanella sp900556915	LPS / endotoxin
K00012	185_2	16	37	0.432432432432432	0.204382310023734	0.829680563447189	Bacillota	Bacilli	Erysipelotrichales	Erysipelotrichaceae	Holdemanella	Holdemanella biformis	LPS / endotoxin
K00012	185_4	2	2	1									LPS / endotoxin
K00012	185_7	1	1	1									LPS / endotoxin
K00012	187_1	1	1	1									LPS / endotoxin
K00012	18_1	1	1	1									LPS / endotoxin
K00012	190_1	2	3	0.666666666666667									LPS / endotoxin
K00012	191_1	2	2	1									LPS / endotoxin
K00012	192_1	1	4	0.25									LPS / endotoxin
K00012	196_1	1	1	1									LPS / endotoxin
K00012	197_1	1	1	1									LPS / endotoxin
K00012	202_1	1	1	1									LPS / endotoxin
K00012	203_1	1	1	1									LPS / endotoxin
K00012	203_2	1	2	0.5									LPS / endotoxin
K00012	207_1	1	1	1									LPS / endotoxin
K00012	208_1	1	1	1									LPS / endotoxin
K00012	209_1	8	8	1									LPS / endotoxin
K00012	210_1	1	1	1									LPS / endotoxin
K00012	215_1	2	2	1									LPS / endotoxin
K00012	217_1	39	72	0.541666666666667	-0.108585260323466	0.906956554086696	Bacillota	Clostridia	Oscillospirales	Acutalibacteraceae	Fimenecus	Fimenecus sp000432435	LPS / endotoxin
K00012	219_1	2	2	1									LPS / endotoxin
K00012	222_1	1	1	1									LPS / endotoxin
K00012	224_1	7	7	1									LPS / endotoxin
K00012	224_2	5	5	1									LPS / endotoxin
K00012	225_1	4	4	1									LPS / endotoxin
K00012	226_1	1	1	1									LPS / endotoxin
K00012	228_1	2	2	1									LPS / endotoxin
K00012	249_1	2	3	0.666666666666667									LPS / endotoxin
K00012	24_1	1	1	1									LPS / endotoxin
K00012	253_1	1	1	1									LPS / endotoxin
K00012	259_1	1	4	0.25									LPS / endotoxin
K00012	25_1	1	1	1									LPS / endotoxin
K00012	260_1	1	1	1									LPS / endotoxin
K00012	261_1	1	2	0.5									LPS / endotoxin
K00012	262_1	10	14	0.714285714285714	-0.795661344060123	0.378001205993654	Bacillota	Clostridia	Oscillospirales	Acutalibacteraceae	Clostridium_A	Clostridium_A leptum	LPS / endotoxin
K00012	270_1	1	3	0.333333333333333									LPS / endotoxin
K00012	280_1	6	6	1									LPS / endotoxin
K00012	282_1	1	3	0.333333333333333									LPS / endotoxin
K00012	284_1	1	1	1									LPS / endotoxin
K00012	289_1	3	4	0.75									LPS / endotoxin
K00012	290_1	1	1	1									LPS / endotoxin
K00012	294_1	7	9	0.777777777777778									LPS / endotoxin
K00012	294_2	1	1	1									LPS / endotoxin
K00012	295_1	4	5	0.8									LPS / endotoxin
K00012	296_1	1	1	1									LPS / endotoxin
K00012	297_1	1	1	1									LPS / endotoxin
K00012	298_1	1	1	1									LPS / endotoxin
K00012	2_1	2	2	1									LPS / endotoxin
K00012	300_2	1	1	1									LPS / endotoxin
K00012	301_1	3	3	1									LPS / endotoxin
K00012	301_2	1	1	1									LPS / endotoxin
K00012	302_2	1	1	1									LPS / endotoxin
K00012	304_1	16	29	0.551724137931035	-1.05694439057469	0.15003989299863	Bacillota	Clostridia	Christensenellales	Aristaeellaceae	Ventricola	Ventricola sp900542395	LPS / endotoxin
K00012	305_1	3	3	1									LPS / endotoxin
K00012	306_1	120	126	0.952380952380952	0.665519920437379	0.139287301659451	Desulfobacterota_I	Desulfovibrionia	Desulfovibrionales	Desulfovibrionaceae	Bilophila	Bilophila wadsworthia	LPS / endotoxin
K00012	306_2	2	2	1									LPS / endotoxin
K00012	307_1	1	1	1									LPS / endotoxin
K00012	308_1	6	22	0.272727272727273	-0.580671708932085	0.202403431596351	Bacillota	Negativicutes	Acidaminococcales	Acidaminococcaceae	Phascolarctobacterium_A	Phascolarctobacterium_A succinatutens_B	LPS / endotoxin
K00012	308_2	5	20	0.25	0.440436698597377	0.497154177267794	Bacillota	Negativicutes	Acidaminococcales	Acidaminococcaceae	Phascolarctobacterium_A	Phascolarctobacterium_A succinatutens	LPS / endotoxin
K00012	313_1	1	1	1									LPS / endotoxin
K00012	314_1	37	47	0.787234042553192	-0.924306695451911	0.218493065803885	Bacillota	Clostridia	Christensenellales	Aristaeellaceae	UBA11524	UBA11524 sp000437595	LPS / endotoxin
K00012	315_2	1	1	1									LPS / endotoxin
K00012	317_1	1	2	0.5									LPS / endotoxin
K00012	324_1	6	23	0.260869565217391	-0.746328723295103	0.141321222601118	Bacillota	Clostridia	Christensenellales	Borkfalkiaceae	Scatosoma	Scatosoma sp900542935	LPS / endotoxin
K00012	325_1	1	3	0.333333333333333									LPS / endotoxin
K00012	327_1	2	7	0.285714285714286									LPS / endotoxin
K00012	328_1	5	5	1									LPS / endotoxin
K00012	330_1	1	1	1									LPS / endotoxin
K00012	334_1	1	1	1									LPS / endotoxin
K00012	343_1	8	32	0.25	-0.072340626982239	0.936823274479639	Bacillota	Clostridia	TANB77	CAG-508	CAG-245	CAG-245 sp000435175	LPS / endotoxin
K00012	345_1	1	1	1									LPS / endotoxin
K00012	348_1	4	4	1									LPS / endotoxin
K00012	349_1	5	10	0.5	-1.00370331325854	0.0245950850566471	Bacillota	Clostridia	TANB77	CAG-508	CAG-492	CAG-492 sp000434335	LPS / endotoxin
K00012	349_2	1	3	0.333333333333333									LPS / endotoxin
K00012	350_1	1	4	0.25									LPS / endotoxin
K00012	351_1	1	3	0.333333333333333									LPS / endotoxin
K00012	355_1	1	1	1									LPS / endotoxin
K00012	35_1	1	1	1									LPS / endotoxin
K00012	36_1	1	1	1									LPS / endotoxin
K00012	371_1	1	1	1									LPS / endotoxin
K00012	376_2	3	5	0.6									LPS / endotoxin
K00012	378_1	77	98	0.785714285714286	-0.130375867064473	0.834948011033038	Bacillota	Clostridia	Peptostreptococcales	Peptostreptococcaceae	Romboutsia	Romboutsia timonensis	LPS / endotoxin
K00012	378_2	1	1	1									LPS / endotoxin
K00012	37_1	1	1	1									LPS / endotoxin
K00012	381_1	1	1	1									LPS / endotoxin
K00012	382_1	4	9	0.444444444444444									LPS / endotoxin
K00012	383_1	40	55	0.727272727272727	-0.394249911660716	0.53220454789838	Bacillota	Clostridia	Clostridiales	Clostridiaceae	Clostridium	Clostridium sp900540255	LPS / endotoxin
K00012	384_1	1	1	1									LPS / endotoxin
K00012	385_1	6	10	0.6	-0.332875366496291	0.538176494665755	Bacillota	Clostridia	Clostridiales	Clostridiaceae	Clostridium	Clostridium sp000435835	LPS / endotoxin
K00012	385_2	11	11	1	-1.41239423455234	0.00125952777556916	Bacillota	Clostridia	Clostridiales	Clostridiaceae	Clostridium	Clostridium lentum	LPS / endotoxin
K00012	386_1	1	1	1									LPS / endotoxin
K00012	387_1	1	2	0.5									LPS / endotoxin
K00012	388_1	1	1	1									LPS / endotoxin
K00012	395_1	4	7	0.571428571428571									LPS / endotoxin
K00012	397_1	9	11	0.818181818181818	-0.159712583165412	0.855856822026673	Bacillota	Clostridia	Monoglobales	Monoglobaceae	Monoglobus	Monoglobus pectinilyticus	LPS / endotoxin
K00012	401_1	7	13	0.538461538461538	-0.0327752358157016	0.974832982541305	Bacillota	Clostridia	Lachnospirales	Lachnospiraceae	Clostridium_AP	Clostridium_AP sp000509125	LPS / endotoxin
K00012	401_2	1	2	0.5									LPS / endotoxin
K00012	40_3	2	2	1									LPS / endotoxin
K00012	413_1	7	8	0.875									LPS / endotoxin
K00012	414_1	1	1	1									LPS / endotoxin
K00012	414_2	18	53	0.339622641509434	-0.647078140392149	0.430406239631471	Bacillota	Clostridia	Oscillospirales	Ruminococcaceae	Ruminococcus_C	Ruminococcus_C sp000433635	LPS / endotoxin
K00012	415_1	7	7	1									LPS / endotoxin
K00012	416_1	4	5	0.8									LPS / endotoxin
K00012	417_1	47	48	0.979166666666667	-0.703064557130396	0.164161139229001	Bacillota	Clostridia	Oscillospirales	Ruminococcaceae	Ruminococcus_C	Ruminococcus_C sp000980705	LPS / endotoxin
K00012	418_1	44	46	0.956521739130435	-0.882135402996782	0.0170444218845398	Bacillota	Clostridia	Oscillospirales	Ruminococcaceae	Ruminococcus_C	Ruminococcus_C callidus	LPS / endotoxin
K00012	423_1	3	3	1									LPS / endotoxin
K00012	424_1	4	4	1									LPS / endotoxin
K00012	425_1	2	2	1									LPS / endotoxin
K00012	426_1	3	6	0.5									LPS / endotoxin
K00012	427_1	1	1	1									LPS / endotoxin
K00012	427_2	1	1	1									LPS / endotoxin
K00012	42_1	2	3	0.666666666666667									LPS / endotoxin
K00012	42_2	3	6	0.5									LPS / endotoxin
K00012	430_1	5	5	1									LPS / endotoxin
K00012	431_1	1	1	1									LPS / endotoxin
K00012	433_1	58	98	0.591836734693878	0.459923672633173	0.333199402533618	Bacillota	Clostridia	Oscillospirales	Ruminococcaceae	Hominimerdicola	Hominimerdicola aceti	LPS / endotoxin
K00012	436_1	5	7	0.714285714285714									LPS / endotoxin
K00012	43_1	1	1	1									LPS / endotoxin
K00012	440_1	1	1	1									LPS / endotoxin
K00012	442_1	6	9	0.666666666666667									LPS / endotoxin
K00012	443_1	3	7	0.428571428571429									LPS / endotoxin
K00012	443_2	1	1	1									LPS / endotoxin
K00012	446_3	1	4	0.25									LPS / endotoxin
K00012	456_3	1	1	1									LPS / endotoxin
K00012	457_1	1	1	1									LPS / endotoxin
K00012	458_1	1	1	1									LPS / endotoxin
K00012	45_1	2	4	0.5									LPS / endotoxin
K00012	465_1	2	3	0.666666666666667									LPS / endotoxin
K00012	468_1	21	21	1	0.0957629958797071	0.927175507808937	Bacillota	Clostridia	Oscillospirales	Acutalibacteraceae	CAG-177	CAG-177 sp003538135	LPS / endotoxin
K00012	468_2	44	47	0.936170212765957	-0.12260223506872	0.917709957555471	Bacillota	Clostridia	Oscillospirales	Acutalibacteraceae	CAG-177	CAG-177 sp003514385	LPS / endotoxin
K00012	475_1	1	1	1									LPS / endotoxin
K00012	476_1	1	2	0.5									LPS / endotoxin
K00012	47_1	1	1	1									LPS / endotoxin
K00012	484_1	8	8	1									LPS / endotoxin
K00012	485_1	10	12	0.833333333333333	0.569670196723303	0.379903512754518	Bacillota	Negativicutes	Veillonellales	Veillonellaceae	Veillonella	Veillonella parvula_A	LPS / endotoxin
K00012	486_1	12	14	0.857142857142857	-0.520328170491622	0.212836289515412	Bacillota	Negativicutes	Veillonellales	Veillonellaceae	Veillonella	Veillonella infantium_A	LPS / endotoxin
K00012	486_10	1	1	1									LPS / endotoxin
K00012	486_11	1	1	1									LPS / endotoxin
K00012	486_13	1	1	1									LPS / endotoxin
K00012	486_2	1	1	1									LPS / endotoxin
K00012	486_3	2	2	1									LPS / endotoxin
K00012	486_4	1	1	1									LPS / endotoxin
K00012	486_5	1	1	1									LPS / endotoxin
K00012	486_8	1	1	1									LPS / endotoxin
K00012	486_9	1	1	1									LPS / endotoxin
K00012	48_1	1	1	1									LPS / endotoxin
K00012	490_1	28	46	0.608695652173913	-0.304664411167838	0.668523329329729	Bacillota	Clostridia	Lachnospirales	Lachnospiraceae	Claveliimonas	Claveliimonas ammoniilytica	LPS / endotoxin
K00012	492_1	1	4	0.25									LPS / endotoxin
K00012	493_1	18	19	0.947368421052632	-0.543654697586037	0.279030842039369	Bacillota	Clostridia	Lachnospirales	Lachnospiraceae	UBA4285	UBA4285 sp900545225	LPS / endotoxin
K00012	495_1	1	1	1									LPS / endotoxin
K00012	496_1	1	1	1									LPS / endotoxin
K00012	497_1	1	1	1									LPS / endotoxin
K00012	4_1	20	20	1	-0.84380619277371	0.148414564832512	Methanobacteriota	Methanobacteria	Methanobacteriales	Methanobacteriaceae	Methanocatella	Methanocatella smithii	LPS / endotoxin
K00012	505_1	1	2	0.5									LPS / endotoxin
K00012	507_1	18	19	0.947368421052632	-0.0889282358241746	0.931486913554913	Bacillota	Clostridia	Oscillospirales	Ruminococcaceae	CAG-115	CAG-115 sp003531585	LPS / endotoxin
K00012	508_1	4	4	1									LPS / endotoxin
K00012	509_1	4	4	1									LPS / endotoxin
K00012	50_1	2	2	1									LPS / endotoxin
K00012	510_1	34	48	0.708333333333333	-0.0908642551778141	0.927175507808937	Bacillota	Negativicutes	Selenomonadales	Selenomonadaceae	Mitsuokella	Mitsuokella jalaludinii	LPS / endotoxin
K00012	510_2	5	5	1									LPS / endotoxin
K00012	511_1	1	1	1									LPS / endotoxin
K00012	515_2	2	2	1									LPS / endotoxin
K00012	516_1	10	21	0.476190476190476	0.426857283924984	0.287585184077375	Bacillota	Clostridia	Lachnospirales	Lachnospiraceae	Hominiventricola	Hominiventricola aquisgranensis	LPS / endotoxin
K00012	517_1	1	3	0.333333333333333									LPS / endotoxin
K00012	517_2	1	1	1									LPS / endotoxin
K00012	519_1	60	60	1	0.0375351107002946	0.982138997559126	Bacillota	Negativicutes	Selenomonadales	Selenomonadaceae	Megamonas	Megamonas funiformis	LPS / endotoxin
K00012	51_1	7	8	0.875									LPS / endotoxin
K00012	523_1	16	34	0.470588235294118	-0.528143067512205	0.538176494665755	Bacillota	Clostridia	Oscillospirales	Acutalibacteraceae	Ruminococcoides	Ruminococcoides intestinalis	LPS / endotoxin
K00012	524_1	72	128	0.5625	0.978725947890569	0.0238024965733005	Bacillota	Clostridia	Oscillospirales	Acutalibacteraceae	Ruminococcoides	Ruminococcoides intestinale	LPS / endotoxin
K00012	530_1	7	7	1									LPS / endotoxin
K00012	533_1	3	3	1									LPS / endotoxin
K00012	535_1	1	1	1									LPS / endotoxin
K00012	536_1	1	1	1									LPS / endotoxin
K00012	538_1	3	3	1									LPS / endotoxin
K00012	539_1	6	11	0.545454545454545	0.131522587006985	0.869091839001416	Bacillota	Negativicutes	Veillonellales	Megasphaeraceae	Caecibacter	Caecibacter massiliensis	LPS / endotoxin
K00012	53_1	1	1	1									LPS / endotoxin
K00012	540_1	1	1	1									LPS / endotoxin
K00012	541_1	6	7	0.857142857142857									LPS / endotoxin
K00012	541_2	28	30	0.933333333333333	-0.136009261813823	0.857598970815532	Bacillota	Negativicutes	Veillonellales	Megasphaeraceae	Megasphaera	Megasphaera elsdenii	LPS / endotoxin
K00012	542_1	6	6	1									LPS / endotoxin
K00012	542_2	1	1	1									LPS / endotoxin
K00012	543_1	1	1	1									LPS / endotoxin
K00012	545_1	6	8	0.75									LPS / endotoxin
K00012	546_1	27	28	0.964285714285714	-0.0201495689243513	0.986364952381606	Bacillota	Negativicutes	Veillonellales	Dialisteraceae	Dialister	Dialister hominis	LPS / endotoxin
K00012	547_1	6	24	0.25	-0.600102042337062	0.210717481829925	Bacillota	Negativicutes	Veillonellales	Dialisteraceae	Dialister	Dialister sp000434475	LPS / endotoxin
K00012	548_1	2	2	1									LPS / endotoxin
K00012	549_1	11	11	1	0.236742646516818	0.692843369608951	Bacillota	Negativicutes	Veillonellales	Dialisteraceae	Dialister	Dialister sp002320515	LPS / endotoxin
K00012	549_2	27	27	1	-1.10074330334457	0.0867577302918209	Bacillota	Negativicutes	Veillonellales	Dialisteraceae	Dialister	Dialister succinatiphilus	LPS / endotoxin
K00012	54_1	3	3	1									LPS / endotoxin
K00012	550_1	69	74	0.932432432432432	0.216086250543238	0.716644473768369	Bacillota	Clostridia	Lachnospirales	Lachnospiraceae	Acetatifactor	Acetatifactor acetigignens	LPS / endotoxin
K00012	550_3	1	3	0.333333333333333									LPS / endotoxin
K00012	550_5	1	1	1									LPS / endotoxin
K00012	557_1	5	9	0.555555555555556									LPS / endotoxin
K00012	559_1	3	3	1									LPS / endotoxin
K00012	55_1	2	2	1									LPS / endotoxin
K00012	560_1	22	22	1	-0.930715022216706	0.0359058786151043	Bacillota	Clostridia	Lachnospirales	Lachnospiraceae	Butyribacter	Butyribacter hominis	LPS / endotoxin
K00012	561_1	4	5	0.8									LPS / endotoxin
K00012	562_1	33	35	0.942857142857143	-0.674329998413561	0.148160139561155	Bacillota	Clostridia	Lachnospirales	Lachnospiraceae	Eubacterium_U	""	LPS / endotoxin
K00012	563_1	8	10	0.8	-0.429045273759109	0.313942333611298	Bacillota	Clostridia	Lachnospirales	Lachnospiraceae	Eubacterium_G	Eubacterium_G sp000435815	LPS / endotoxin
K00012	564_1	3	4	0.75									LPS / endotoxin
K00012	571_1	4	4	1									LPS / endotoxin
K00012	572_1	3	3	1									LPS / endotoxin
K00012	573_1	1	2	0.5									LPS / endotoxin
K00012	574_2	12	14	0.857142857142857	-1.01839660522183	0.009235483070221	Bacillota	Clostridia	Lachnospirales	Lachnospiraceae	Coprococcus	Coprococcus sp000154245	LPS / endotoxin
K00012	575_1	47	49	0.959183673469388	-1.12202313750731	0.0037506704159551	Bacillota	Clostridia	Lachnospirales	Lachnospiraceae	Coprococcus	Coprococcus aceti	LPS / endotoxin
K00012	575_2	5	7	0.714285714285714									LPS / endotoxin
K00012	575_3	1	2	0.5									LPS / endotoxin
K00012	576_1	7	7	1									LPS / endotoxin
K00012	577_1	15	15	1	-0.766818907070048	0.0747770021006218	Bacillota	Clostridia	Lachnospirales	Lachnospiraceae	Coprococcus	Coprococcus sp000433075	LPS / endotoxin
K00012	578_1	65	66	0.984848484848485	-0.235472875228636	0.810234067666634	Bacillota	Clostridia	Lachnospirales	Lachnospiraceae	Wujia	Wujia hominis	LPS / endotoxin
K00012	578_2	1	1	1									LPS / endotoxin
K00012	580_1	10	23	0.434782608695652	-0.325521708151126	0.621007671806081	Bacillota	Clostridia	Lachnospirales	Lachnospiraceae	Butyribacter	Butyribacter intestini	LPS / endotoxin
K00012	581_1	1	2	0.5									LPS / endotoxin
K00012	582_1	79	153	0.516339869281046	0.668035923554365	0.0623596104399875	Bacillota	Clostridia	Lachnospirales	Lachnospiraceae	Anthropogastromicrobium	Anthropogastromicrobium aceti	LPS / endotoxin
K00012	583_1	31	40	0.775	-0.877487206020384	0.0259869101892949	Bacillota	Clostridia	Lachnospirales	Lachnospiraceae	Gallintestinimicrobium	Gallintestinimicrobium propionicum	LPS / endotoxin
K00012	584_1	10	23	0.434782608695652	-0.624125619435195	0.141321222601118	Bacillota	Clostridia	Lachnospirales	Lachnospiraceae	Eubacterium_I	Eubacterium_I ramulus_A	LPS / endotoxin
K00012	585_1	11	22	0.5	0.340482801480459	0.580755600520319	Bacillota	Clostridia	Lachnospirales	Lachnospiraceae	Eubacterium_I	""	LPS / endotoxin
K00012	591_1	3	3	1									LPS / endotoxin
K00012	595_1	12	40	0.3	-0.462788412645942	0.445358515766853	Bacillota	Clostridia	Lachnospirales	Lachnospiraceae	Limivivens	Limivivens faecihominis	LPS / endotoxin
K00012	598_1	22	23	0.956521739130435	-0.986699018067629	0.0337894963134003	Bacillota	Clostridia	Lachnospirales	Lachnospiraceae	Maccoya	Maccoya intestinihominis	LPS / endotoxin
K00012	599_1	75	83	0.903614457831325	-0.203608742919372	0.757559086992637	Bacillota	Clostridia	Lachnospirales	Lachnospiraceae	Hominisplanchenecus	Hominisplanchenecus faecis	LPS / endotoxin
K00012	5_1	12	13	0.923076923076923	-0.816262599233828	0.166422765610922	Methanobacteriota	Methanobacteria	Methanobacteriales	Methanobacteriaceae	Methanosphaera	Methanosphaera stadtmanae	LPS / endotoxin
K00012	600_1	8	10	0.8	-1.43544139490868	0.00981902367853479	Bacillota	Clostridia	Lachnospirales	Lachnospiraceae	Bacteroides_F	Bacteroides_F pectinophilus	LPS / endotoxin
K00012	605_1	80	82	0.975609756097561	-0.14357911844854	0.850454342189356	Bacillota	Clostridia	Lachnospirales	Lachnospiraceae	Lachnospira	Lachnospira sp000437735	LPS / endotoxin
K00012	606_1	64	77	0.831168831168831	0.00448851831298221	0.998990799564075	Bacillota	Clostridia	Lachnospirales	Lachnospiraceae	Lachnospira	Lachnospira hominis	LPS / endotoxin
K00012	607_1	24	26	0.923076923076923	-0.171930815266113	0.855856822026673	Bacillota	Clostridia	Lachnospirales	Lachnospiraceae	Lachnospira	Lachnospira sp900545725	LPS / endotoxin
K00012	608_1	6	6	1									LPS / endotoxin
K00012	613_1	10	10	1	-0.616994015464299	0.278627870170504	Bacillota	Clostridia	Lachnospirales	Lachnospiraceae	Schaedlerella	""	LPS / endotoxin
K00012	615_1	27	89	0.303370786516854	0.580059154903108	0.0795060788865612	Bacillota	Clostridia	Lachnospirales	Lachnospiraceae	Mediterraneibacter	Mediterraneibacter faecis	LPS / endotoxin
K00012	617_1	3	4	0.75									LPS / endotoxin
K00012	618_1	27	47	0.574468085106383	-0.0335793821109907	0.97869908170741	Bacillota	Clostridia	Lachnospirales	Lachnospiraceae	Dorea_A	Dorea_A sp019421265	LPS / endotoxin
K00012	618_2	48	48	1	-0.439606813084421	0.599296942781166	Bacillota	Clostridia	Lachnospirales	Lachnospiraceae	Dorea_A	Dorea_A longicatena	LPS / endotoxin
K00012	619_1	20	55	0.363636363636364	-0.634037777400313	0.163423091828184	Bacillota	Clostridia	Lachnospirales	Lachnospiraceae	Dorea	Dorea formicigenerans	LPS / endotoxin
K00012	622_1	1	2	0.5									LPS / endotoxin
K00012	624_1	2	6	0.333333333333333									LPS / endotoxin
K00012	626_1	1	1	1									LPS / endotoxin
K00012	628_1	1	1	1									LPS / endotoxin
K00012	629_1	27	32	0.84375	0.173994413621363	0.781911157646849	Bacillota	Clostridia	Lachnospirales	Lachnospiraceae	Sellimonas	Sellimonas intestinalis	LPS / endotoxin
K00012	630_1	1	3	0.333333333333333									LPS / endotoxin
K00012	632_2	1	1	1									LPS / endotoxin
K00012	639_1	1	1	1									LPS / endotoxin
K00012	647_1	1	2	0.5									LPS / endotoxin
K00012	650_1	1	1	1									LPS / endotoxin
K00012	653_1	4	4	1									LPS / endotoxin
K00012	654_1	2	2	1									LPS / endotoxin
K00012	657_1	1	2	0.5									LPS / endotoxin
K00012	661_1	1	1	1									LPS / endotoxin
K00012	667_1	1	1	1									LPS / endotoxin
K00012	669_1	8	11	0.727272727272727	-0.816420843338708	0.120516227904004	Bacillota	Clostridia	Lachnospirales	Lachnospiraceae	Limivivens	Limivivens sp905214955	LPS / endotoxin
K00012	671_2	7	12	0.583333333333333	-0.0230868003992087	0.984636756118392	Bacillota	Clostridia	Lachnospirales	Lachnospiraceae	Anaerostipes	Anaerostipes amylophilus	LPS / endotoxin
K00012	671_3	1	3	0.333333333333333									LPS / endotoxin
K00012	672_1	115	136	0.845588235294118	0.370003371179614	0.495263230965692	Bacillota	Clostridia	Lachnospirales	Lachnospiraceae	Anaerobutyricum	Anaerobutyricum hallii	LPS / endotoxin
K00012	673_1	20	51	0.392156862745098	0.212699248990672	0.789180285008668	Bacillota	Clostridia	Lachnospirales	Lachnospiraceae	Anaerobutyricum	Anaerobutyricum soehngenii	LPS / endotoxin
K00012	674_1	1	1	1									LPS / endotoxin
K00012	675_1	47	186	0.252688172043011	0.905179036869504	0.141624400887205	Bacillota	Clostridia	Lachnospirales	Lachnospiraceae	Fusicatenibacter	Fusicatenibacter saccharivorans	LPS / endotoxin
K00012	676_1	3	4	0.75									LPS / endotoxin
K00012	678_1	23	36	0.638888888888889	1.01113164271323	0.0961411899936891	Bacillota	Clostridia	Lachnospirales	Lachnospiraceae	Blautia_A	Blautia_A caecimuris	LPS / endotoxin
K00012	680_1	15	28	0.535714285714286	-0.31822628288637	0.699329897153679	Bacillota	Clostridia	Lachnospirales	Lachnospiraceae	Blautia_A	Blautia_A intestinihominis	LPS / endotoxin
K00012	680_2	1	2	0.5									LPS / endotoxin
K00012	681_1	24	27	0.888888888888889	-0.268815823492539	0.788367045111025	Bacillota	Clostridia	Lachnospirales	Lachnospiraceae	Blautia_A	Blautia_A obeum	LPS / endotoxin
K00012	681_2	2	2	1									LPS / endotoxin
K00012	682_1	7	8	0.875									LPS / endotoxin
K00012	682_2	1	1	1									LPS / endotoxin
K00012	683_2	2	2	1									LPS / endotoxin
K00012	684_1	2	6	0.333333333333333									LPS / endotoxin
K00012	684_2	39	105	0.371428571428571	0.40025648902236	0.501567075761143	Bacillota	Clostridia	Lachnospirales	Lachnospiraceae	Blautia_A	Blautia_A fusiformis	LPS / endotoxin
K00012	684_3	2	4	0.5									LPS / endotoxin
K00012	687_1	4	10	0.4	-0.739216562131549	0.140676023121156	Bacillota	Clostridia	Lachnospirales	Lachnospiraceae	Blautia_A	Blautia_A sp003471165	LPS / endotoxin
K00012	688_1	1	2	0.5									LPS / endotoxin
K00012	689_2	1	2	0.5									LPS / endotoxin
K00012	690_1	9	17	0.529411764705882	-0.18629011572555	0.716644473768369	Bacillota	Clostridia	Lachnospirales	Lachnospiraceae	Blautia_A	Blautia_A acetigignens	LPS / endotoxin
K00012	690_2	1	1	1									LPS / endotoxin
K00012	691_1	90	102	0.882352941176471	0.255816203361653	0.589314244068348	Bacillota	Clostridia	Lachnospirales	Lachnospiraceae	Blautia_A	Blautia_A faecis	LPS / endotoxin
K00012	691_2	3	3	1									LPS / endotoxin
K00012	692_1	1	1	1									LPS / endotoxin
K00012	694_1	1	3	0.333333333333333									LPS / endotoxin
K00012	697_1	8	12	0.666666666666667	-0.78941452979126	0.18243459597151	Bacillota	Clostridia	Lachnospirales	Lachnospiraceae	Hominifimenecus	Hominifimenecus microfluidus	LPS / endotoxin
K00012	6_1	1	2	0.5									LPS / endotoxin
K00012	701_1	11	12	0.916666666666667	-0.213140673170657	0.770318580797188	Bacillota	Clostridia	Lachnospirales	Lachnospiraceae	CAG-882	CAG-882 sp003486385	LPS / endotoxin
K00012	702_1	8	8	1									LPS / endotoxin
K00012	704_1	26	65	0.4	-0.386927042494291	0.428464365247671	Bacillota	Clostridia	Lachnospirales	Lachnospiraceae	Oliverpabstia	Oliverpabstia tarda	LPS / endotoxin
K00012	705_1	25	25	1	-0.594206795190536	0.2575135271958	Bacillota	Clostridia	Lachnospirales	Lachnospiraceae	Roseburia_C	Roseburia_C amylophila	LPS / endotoxin
K00012	708_1	3	11	0.272727272727273	-0.309612447603738	0.738784161890317	Bacillota	Clostridia	Lachnospirales	Lachnospiraceae	Agathobacter	Agathobacter sp900543445	LPS / endotoxin
K00012	709_1	1	2	0.5									LPS / endotoxin
K00012	711_1	5	5	1									LPS / endotoxin
K00012	712_1	36	40	0.9	-0.0267325133658708	0.984636756118392	Bacillota	Clostridia	Lachnospirales	Lachnospiraceae	Roseburia	Roseburia intestinalis	LPS / endotoxin
K00012	712_2	6	6	1									LPS / endotoxin
K00012	713_1	4	5	0.8									LPS / endotoxin
K00012	716_1	3	8	0.375									LPS / endotoxin
K00012	717_1	1	1	1									LPS / endotoxin
K00012	724_1	1	1	1									LPS / endotoxin
K00012	727_1	1	1	1									LPS / endotoxin
K00012	729_1	6	13	0.461538461538462	-1.4389605436868	0.00240146105029924	Bacillota	Clostridia	Lachnospirales	Lachnospiraceae	Butyrivibrio_A	Butyrivibrio_A crossota	LPS / endotoxin
K00012	731_1	11	11	1	-2.04871525105564	0.00496405451323191	Bacillota	Clostridia	Lachnospirales	Lachnospiraceae	CAG-194	CAG-194 sp000432915	LPS / endotoxin
K00012	732_1	2	2	1									LPS / endotoxin
K00012	733_1	12	13	0.923076923076923	-1.89879920477747	0.0442997574675555	Bacillota	Clostridia	Lachnospirales	Lachnospiraceae	Suilimivivens	Suilimivivens sp000438155	LPS / endotoxin
K00012	734_1	1	1	1									LPS / endotoxin
K00012	735_1	1	3	0.333333333333333									LPS / endotoxin
K00012	736_1	29	91	0.318681318681319	0.136674458664275	0.814141225401884	Bacillota	Clostridia	Lachnospirales	Lachnospiraceae	Coprococcus_A	Coprococcus_A intestinihominis	LPS / endotoxin
K00012	736_2	9	14	0.642857142857143	-0.240745877707547	0.763601773509143	Bacillota	Clostridia	Lachnospirales	Lachnospiraceae	Coprococcus_A	Coprococcus_A catus	LPS / endotoxin
K00012	737_1	68	71	0.957746478873239	-0.493288302160901	0.304583391340693	Bacillota	Clostridia	Lachnospirales	Lachnospiraceae	Roseburia	Roseburia hominis	LPS / endotoxin
K00012	739_1	13	14	0.928571428571429	-0.699920988415974	0.0388195187070003	Bacillota	Clostridia	Lachnospirales	Lachnospiraceae	Suilimivivens	Suilimivivens aceti	LPS / endotoxin
K00012	741_1	4	4	1									LPS / endotoxin
K00012	742_1	19	35	0.542857142857143	0.261407436398267	0.654951089379597	Bacillota	Clostridia	Lachnospirales	Lachnospiraceae	Otoolea	Otoolea sp000435655	LPS / endotoxin
K00012	745_1	6	9	0.666666666666667									LPS / endotoxin
K00012	747_2	1	3	0.333333333333333									LPS / endotoxin
K00012	748_1	11	39	0.282051282051282	-0.789974310512618	0.132634441365631	Bacillota	Clostridia	Lachnospirales	Lachnospiraceae	Brotaphodocola	Brotaphodocola sp003480315	LPS / endotoxin
K00012	749_1	62	159	0.389937106918239	-0.138641879962926	0.870212501843107	Bacillota	Clostridia	Lachnospirales	Lachnospiraceae	Otoolea	Otoolea fessa	LPS / endotoxin
K00012	74_1	1	1	1									LPS / endotoxin
K00012	750_1	7	23	0.304347826086957	0.0750243767748776	0.935556466053977	Bacillota	Clostridia	Lachnospirales	Lachnospiraceae	Alitiscatomonas	Alitiscatomonas aceti	LPS / endotoxin
K00012	754_1	2	3	0.666666666666667									LPS / endotoxin
K00012	755_1	1	3	0.333333333333333									LPS / endotoxin
K00012	756_1	87	109	0.798165137614679	0.201675598319069	0.72237476333877	Bacillota	Clostridia	Lachnospirales	Lachnospiraceae	Enterocloster	Enterocloster sp000431375	LPS / endotoxin
K00012	756_3	1	1	1									LPS / endotoxin
K00012	757_1	1	2	0.5									LPS / endotoxin
K00012	759_1	4	6	0.666666666666667									LPS / endotoxin
K00012	760_2	2	2	1									LPS / endotoxin
K00012	761_1	3	4	0.75									LPS / endotoxin
K00012	762_1	1	1	1									LPS / endotoxin
K00012	766_1	5	5	1									LPS / endotoxin
K00012	767_1	1	1	1									LPS / endotoxin
K00012	775_1	2	2	1									LPS / endotoxin
K00012	778_1	1	1	1									LPS / endotoxin
K00012	781_1	15	15	1	-0.105351995840205	0.886767456239775	Bacillota	Clostridia	Oscillospirales	Oscillospiraceae	Vescimonas	Vescimonas sp900545585	LPS / endotoxin
K00012	787_2	6	7	0.857142857142857									LPS / endotoxin
K00012	7_1	1	1	1									LPS / endotoxin
K00012	807_1	1	1	1									LPS / endotoxin
K00012	814_1	1	1	1									LPS / endotoxin
K00012	81_1	40	50	0.8	-0.799783575649938	0.140691791141007	Bacillota	Bacilli	Lactobacillales	Lactobacillaceae	Ligilactobacillus	Ligilactobacillus ruminis	LPS / endotoxin
K00012	82_1	5	5	1									LPS / endotoxin
K00012	830_1	5	15	0.333333333333333	-0.0375926652935947	0.960890051163765	Bacillota	Clostridia	Oscillospirales	Oscillospiraceae	Lawsonibacter	Lawsonibacter sp900549405	LPS / endotoxin
K00012	842_1	13	14	0.928571428571429	-0.925657373513501	0.123424302358515	Bacillota	Clostridia	Oscillospirales	Oscillospiraceae	Faecousia	Faecousia sp900544945	LPS / endotoxin
K00012	843_2	2	8	0.25									LPS / endotoxin
K00012	844_1	21	22	0.954545454545455	-1.80901590865885	0.0010293237522104	Bacillota	Clostridia	Oscillospirales	Oscillospiraceae	Faecousia	Faecousia sp900540635	LPS / endotoxin
K00012	845_1	8	9	0.888888888888889									LPS / endotoxin
K00012	853_1	9	21	0.428571428571429	-0.414780070631746	0.301010476805866	Bacillota	Clostridia	Oscillospirales	Oscillospiraceae	CAG-170	""	LPS / endotoxin
K00012	867_1	17	20	0.85	-1.37302066211382	0.0133806853375269	Bacillota	Clostridia	Oscillospirales	Oscillospiraceae	Limivicinus	Limivicinus sp003150355	LPS / endotoxin
K00012	867_2	1	1	1									LPS / endotoxin
K00012	869_1	4	5	0.8									LPS / endotoxin
K00012	871_1	6	6	1									LPS / endotoxin
K00012	871_2	9	9	1									LPS / endotoxin
K00012	871_3	39	42	0.928571428571429	-0.649418418403834	0.148007227288229	Bacillota	Clostridia	Oscillospirales	Oscillospiraceae	CAG-103	CAG-103 sp900543625	LPS / endotoxin
K00012	871_4	49	53	0.924528301886792	0.0392967111723353	0.959720341655165	Bacillota	Clostridia	Oscillospirales	Oscillospiraceae	CAG-103	CAG-103 sp000432375	LPS / endotoxin
K00012	871_5	1	1	1									LPS / endotoxin
K00012	872_1	1	2	0.5									LPS / endotoxin
K00012	877_1	3	4	0.75									LPS / endotoxin
K00012	879_1	57	130	0.438461538461539	0.427294764906586	0.437227229988097	Bacillota	Clostridia	Oscillospirales	Ruminococcaceae	Faecalibacterium	Faecalibacterium longum	LPS / endotoxin
K00012	879_2	3	4	0.75									LPS / endotoxin
K00012	882_4	1	3	0.333333333333333									LPS / endotoxin
K00012	882_5	2	6	0.333333333333333									LPS / endotoxin
K00012	882_6	1	1	1									LPS / endotoxin
K00012	882_9	1	2	0.5									LPS / endotoxin
K00012	883_2	1	1	1									LPS / endotoxin
K00012	889_1	107	120	0.891666666666667	0.0538566884983013	0.943770492010822	Bacillota	Clostridia	Oscillospirales	Ruminococcaceae	Gemmiger	Gemmiger qucibialis	LPS / endotoxin
K00012	890_1	43	49	0.877551020408163	-0.25582819652178	0.635739753893684	Bacillota	Clostridia	Oscillospirales	Ruminococcaceae	Gemmiger	Gemmiger sp900539695	LPS / endotoxin
K00012	890_2	1	1	1									LPS / endotoxin
K00012	891_1	1	1	1									LPS / endotoxin
K00012	893_1	116	140	0.828571428571429	0.19495488044412	0.778322092567065	Bacillota	Clostridia	Oscillospirales	Ruminococcaceae	Gemmiger	Gemmiger formicilis	LPS / endotoxin
K00012	894_1	3	5	0.6									LPS / endotoxin
K00012	895_1	18	21	0.857142857142857	-0.933504967344803	0.0831275357601202	Bacillota	Clostridia	Oscillospirales	Ruminococcaceae	Gemmiger	Gemmiger sp900540595	LPS / endotoxin
K00012	896_1	1	1	1									LPS / endotoxin
K00012	902_1	6	7	0.857142857142857									LPS / endotoxin
K00012	903_1	27	31	0.870967741935484	-0.103816619834537	0.917709957555471	Verrucomicrobiota	Verrucomicrobiia	Verrucomicrobiales	Akkermansiaceae	Akkermansia	Akkermansia muciniphila	LPS / endotoxin
K00012	903_2	1	1	1									LPS / endotoxin
K00012	905_1	1	1	1									LPS / endotoxin
K00012	910_1	68	88	0.772727272727273	0.473047598612671	0.304583391340693	Pseudomonadota	Gammaproteobacteria	Enterobacterales	Enterobacteriaceae	Escherichia	Escherichia coli	LPS / endotoxin
K00012	911_1	1	1	1									LPS / endotoxin
K00012	913_1	3	4	0.75									LPS / endotoxin
K00012	913_2	1	1	1									LPS / endotoxin
K00012	913_3	1	1	1									LPS / endotoxin
K00012	914_1	3	5	0.6									LPS / endotoxin
K00012	915_1	2	3	0.666666666666667									LPS / endotoxin
K00012	915_2	1	4	0.25									LPS / endotoxin
K00012	915_3	17	36	0.472222222222222	0.134378032138443	0.917709957555471	Pseudomonadota	Gammaproteobacteria	Enterobacterales	Enterobacteriaceae	Klebsiella	Klebsiella pneumoniae	LPS / endotoxin
K00012	916_1	1	1	1									LPS / endotoxin
K00012	918_1	7	8	0.875									LPS / endotoxin
K00012	91_1	1	1	1									LPS / endotoxin
K00012	920_1	1	2	0.5									LPS / endotoxin
K00012	922_1	1	1	1									LPS / endotoxin
K00012	927_1	1	3	0.333333333333333									LPS / endotoxin
K00012	932_1	2	2	1									LPS / endotoxin
K00012	933_1	5	6	0.833333333333333									LPS / endotoxin
K00012	934_1	10	11	0.909090909090909	-0.41931158710435	0.699473689670921	Verrucomicrobiota	Lentisphaeria	Victivallales	Victivallaceae	Victivallis	Victivallis lenta	LPS / endotoxin
K00012	935_1	1	1	1									LPS / endotoxin
K00012	936_1	2	2	1									LPS / endotoxin
K00012	937_1	9	13	0.692307692307692	-0.241923571364727	0.688715015596133	Verrucomicrobiota	Lentisphaeria	Victivallales	UBA1829	UBA11452	UBA11452 sp003526375	LPS / endotoxin
K00012	938_1	1	1	1									LPS / endotoxin
K00012	939_1	11	13	0.846153846153846	-0.582476799143684	0.274924252877668	Pseudomonadota	Gammaproteobacteria	Burkholderiales	Burkholderiaceae	Mesosutterella	Mesosutterella multiformis	LPS / endotoxin
K00012	939_2	1	1	1									LPS / endotoxin
K00012	93_1	4	8	0.5									LPS / endotoxin
K00012	940_1	1	1	1									LPS / endotoxin
K00012	941_1	1	1	1									LPS / endotoxin
K00012	945_1	1	4	0.25									LPS / endotoxin
K00012	946_1	4	4	1									LPS / endotoxin
K00012	947_1	1	1	1									LPS / endotoxin
K00012	948_1	11	11	1	-0.0979922819887544	0.92352297586185	Pseudomonadota	Alphaproteobacteria	RF32	CAG-239	Scatocola	Scatocola faecipullorum	LPS / endotoxin
K00012	949_1	2	2	1									LPS / endotoxin
K00012	94_1	1	1	1									LPS / endotoxin
K00012	950_1	3	4	0.75									LPS / endotoxin
K00012	951_1	1	1	1									LPS / endotoxin
K00012	954_1	3	4	0.75									LPS / endotoxin
K00012	955_1	3	7	0.428571428571429									LPS / endotoxin
K00012	956_1	2	5	0.4									LPS / endotoxin
K00012	958_1	7	9	0.777777777777778									LPS / endotoxin
K00012	959_1	1	1	1									LPS / endotoxin
K00012	961_1	1	1	1									LPS / endotoxin
K00012	962_1	1	1	1									LPS / endotoxin
K00012	963_1	6	6	1									LPS / endotoxin
K00012	964_1	12	12	1	-0.533625056759914	0.2575135271958	Bacteroidota	Bacteroidia	Bacteroidales	Muribaculaceae	Sodaliphilus	Sodaliphilus pleomorphus	LPS / endotoxin
K00012	965_1	4	4	1									LPS / endotoxin
K00012	966_1	1	1	1									LPS / endotoxin
K00012	967_1	1	1	1									LPS / endotoxin
K00012	968_1	2	4	0.5									LPS / endotoxin
K00012	969_1	6	6	1									LPS / endotoxin
K00012	96_1	1	1	1									LPS / endotoxin
K00012	970_1	1	1	1									LPS / endotoxin
K00012	971_1	3	3	1									LPS / endotoxin
K00012	972_1	1	1	1									LPS / endotoxin
K00012	973_1	19	19	1	-1.67574098582769	0.0623596104399875	Bacteroidota	Bacteroidia	Bacteroidales	Bacteroidaceae	Alloprevotella	Alloprevotella sp900539625	LPS / endotoxin
K00012	974_1	15	15	1	-0.0784205551231295	0.948225710639292	Bacteroidota	Bacteroidia	Bacteroidales	Bacteroidaceae	Alloprevotella	Alloprevotella timonensis	LPS / endotoxin
K00012	975_1	18	18	1	-0.523489156863972	0.454402479822528	Bacteroidota	Bacteroidia	Bacteroidales	Bacteroidaceae	Alloprevotella	Alloprevotella sp900540885	LPS / endotoxin
K00012	976_1	1	1	1									LPS / endotoxin
K00012	977_1	10	10	1	-0.502972589415875	0.365961078393476	Bacteroidota	Bacteroidia	Bacteroidales	Bacteroidaceae	Prevotella	Prevotella sp000436915	LPS / endotoxin
K00012	978_1	69	74	0.932432432432432	-0.585820526876515	0.381094120851295	Bacteroidota	Bacteroidia	Bacteroidales	Bacteroidaceae	Prevotella	Prevotella sp934191715	LPS / endotoxin
K00012	978_2	1	1	1									LPS / endotoxin
K00012	978_3	2	2	1									LPS / endotoxin
K00012	978_4	1	1	1									LPS / endotoxin
K00012	979_1	3	5	0.6									LPS / endotoxin
K00012	97_1	5	6	0.833333333333333									LPS / endotoxin
K00012	980_1	18	18	1	-1.00285156225719	0.222688071753967	Bacteroidota	Bacteroidia	Bacteroidales	Bacteroidaceae	Prevotella	Prevotella copri_A	LPS / endotoxin
K00012	980_2	1	1	1									LPS / endotoxin
K00012	980_3	2	2	1									LPS / endotoxin
K00012	980_4	3	4	0.75									LPS / endotoxin
K00012	981_1	25	28	0.892857142857143	-0.991408860973335	0.0940957035536014	Bacteroidota	Bacteroidia	Bacteroidales	Bacteroidaceae	Prevotella	Prevotella sp900313215	LPS / endotoxin
K00012	982_1	7	7	1									LPS / endotoxin
K00012	983_1	1	1	1									LPS / endotoxin
K00012	984_1	7	7	1									LPS / endotoxin
K00012	985_1	8	8	1									LPS / endotoxin
K00012	986_1	1	1	1									LPS / endotoxin
K00012	987_1	2	2	1									LPS / endotoxin
K00012	988_1	2	2	1									LPS / endotoxin
K00012	989_1	5	5	1									LPS / endotoxin
K00012	98_1	1	1	1									LPS / endotoxin
K00012	990_1	1	1	1									LPS / endotoxin
K00012	991_1	9	9	1									LPS / endotoxin
K00012	992_1	1	1	1									LPS / endotoxin
K00012	992_2	1	1	1									LPS / endotoxin
K00012	993_1	16	19	0.842105263157895	-0.579721182922959	0.21699551489875	Bacteroidota	Bacteroidia	Bacteroidales	Bacteroidaceae	Prevotella	Prevotella sp002265625	LPS / endotoxin
K00012	994_1	16	16	1	-0.410768670553581	0.699473689670921	Bacteroidota	Bacteroidia	Bacteroidales	Bacteroidaceae	Prevotella	Prevotella sp000434975	LPS / endotoxin
K00012	994_2	52	53	0.981132075471698	-0.55520575848509	0.497609598483521	Bacteroidota	Bacteroidia	Bacteroidales	Bacteroidaceae	Prevotella	Prevotella stercorea	LPS / endotoxin
K00012	995_1	86	87	0.988505747126437	-0.0402005625084298	0.976269819170509	Bacteroidota	Bacteroidia	Bacteroidales	Bacteroidaceae	Paraprevotella	""	LPS / endotoxin
K00012	995_2	12	12	1	-0.25588609912359	0.813785217335964	Bacteroidota	Bacteroidia	Bacteroidales	Bacteroidaceae	Paraprevotella	Paraprevotella xylaniphila	LPS / endotoxin
K00012	996_1	3	4	0.75									LPS / endotoxin
K00012	996_2	3	3	1									LPS / endotoxin
K00012	997_1	1	1	1									LPS / endotoxin
K00012	998_1	1	1	1									LPS / endotoxin
K00012	999_1	156	163	0.957055214723926	1.00763116493202	0.00240146105029924	Bacteroidota	Bacteroidia	Bacteroidales	Tannerellaceae	Parabacteroides	Parabacteroides distasonis	LPS / endotoxin
K00012	99_1	7	7	1									LPS / endotoxin
K00274	1058_2	14	18	0.777777777777778	-1.18144441517648	0.00871718429781164	Actinomycetota	Coriobacteriia	Coriobacteriales	Eggerthellaceae	Anaerotardibacter	Anaerotardibacter sp900544455	Tryptophan metabolism
K00274	197_1	1	1	1									Tryptophan metabolism
K00274	386_1	1	1	1									Tryptophan metabolism
K00274	388_1	1	1	1									Tryptophan metabolism
K00274	650_1	1	1	1									Tryptophan metabolism
K00274	913_1	1	4	0.25									Tryptophan metabolism
K00274	959_1	1	1	1									Tryptophan metabolism
K00625	1000_1	2	2	1									SCFA (propionate)
K00625	1001_1	112	135	0.82962962962963	0.261194982385927	0.528023152241292	Bacteroidota	Bacteroidia	Bacteroidales	Tannerellaceae	Parabacteroides	Parabacteroides merdae	SCFA (propionate)
K00625	1001_2	3	5	0.6									SCFA (propionate)
K00625	1002_1	1	1	1									SCFA (propionate)
K00625	1003_1	2	2	1									SCFA (propionate)
K00625	1004_1	7	8	0.875									SCFA (propionate)
K00625	1004_2	1	1	1									SCFA (propionate)
K00625	1005_1	3	3	1									SCFA (propionate)
K00625	1006_1	3	3	1									SCFA (propionate)
K00625	1007_1	67	71	0.943661971830986	0.0423727266989698	0.947439630427701	Bacteroidota	Bacteroidia	Bacteroidales	Barnesiellaceae	Barnesiella	Barnesiella intestinihominis	SCFA (propionate)
K00625	1008_1	14	14	1	-0.0525813015598358	0.960672736786275	Bacteroidota	Bacteroidia	Bacteroidales	Coprobacteraceae	Coprobacter	Coprobacter fastidiosus	SCFA (propionate)
K00625	1009_1	2	2	1									SCFA (propionate)
K00625	100_1	1	1	1									SCFA (propionate)
K00625	100_2	9	9	1									SCFA (propionate)
K00625	1010_1	8	8	1									SCFA (propionate)
K00625	1011_1	2	2	1									SCFA (propionate)
K00625	1012_1	1	1	1									SCFA (propionate)
K00625	1013_1	3	3	1									SCFA (propionate)
K00625	1014_1	1	1	1									SCFA (propionate)
K00625	1015_1	1	1	1									SCFA (propionate)
K00625	1016_1	62	63	0.984126984126984	-0.208898775088439	0.778322092567065	Bacteroidota	Bacteroidia	Bacteroidales	Muribaculaceae	Limisoma	Limisoma sp000437795	SCFA (propionate)
K00625	1017_1	3	3	1									SCFA (propionate)
K00625	1018_1	1	1	1									SCFA (propionate)
K00625	1019_1	1	1	1									SCFA (propionate)
K00625	101_1	1	1	1									SCFA (propionate)
K00625	1020_1	4	4	1									SCFA (propionate)
K00625	1021_1	36	37	0.972972972972973	-0.179607844653082	0.874535489671309	Bacteroidota	Bacteroidia	Bacteroidales	Bacteroidaceae	Bacteroides	Bacteroides fragilis	SCFA (propionate)
K00625	1022_1	11	11	1	-0.286165399503727	0.757559086992637	Bacteroidota	Bacteroidia	Bacteroidales	Bacteroidaceae	Phocaeicola	Phocaeicola sp000434735	SCFA (propionate)
K00625	1023_1	4	4	1									SCFA (propionate)
K00625	1024_1	6	6	1									SCFA (propionate)
K00625	1024_2	1	1	1									SCFA (propionate)
K00625	1025_1	9	11	0.818181818181818	0.196106397696826	0.701738090779955	Bacteroidota	Bacteroidia	Bacteroidales	Bacteroidaceae	Phocaeicola	""	SCFA (propionate)
K00625	1026_1	2	2	1									SCFA (propionate)
K00625	1027_1	48	48	1	-0.2169914798534	0.839584115395913	Bacteroidota	Bacteroidia	Bacteroidales	Bacteroidaceae	Phocaeicola	Phocaeicola coprophilus	SCFA (propionate)
K00625	1028_1	66	70	0.942857142857143	0.516057187655274	0.302129563143712	Bacteroidota	Bacteroidia	Bacteroidales	Bacteroidaceae	Phocaeicola	Phocaeicola coprocola	SCFA (propionate)
K00625	1029_1	75	87	0.862068965517241	-0.238226121941742	0.742598088192423	Bacteroidota	Bacteroidia	Bacteroidales	Bacteroidaceae	Phocaeicola	Phocaeicola plebeius_A	SCFA (propionate)
K00625	1029_2	28	28	1	-0.476089528521639	0.7107993086602	Bacteroidota	Bacteroidia	Bacteroidales	Bacteroidaceae	Phocaeicola	Phocaeicola plebeius	SCFA (propionate)
K00625	1029_3	1	1	1									SCFA (propionate)
K00625	102_1	1	1	1									SCFA (propionate)
K00625	1030_1	2	2	1									SCFA (propionate)
K00625	1031_1	14	16	0.875	0.0135433246737455	0.990564642112473	Bacteroidota	Bacteroidia	Bacteroidales	Bacteroidaceae	Phocaeicola	Phocaeicola massiliensis	SCFA (propionate)
K00625	1031_2	3	3	1									SCFA (propionate)
K00625	1032_1	153	161	0.950310559006211	0.889281398761076	0.0743509713386384	Bacteroidota	Bacteroidia	Bacteroidales	Bacteroidaceae	Phocaeicola	Phocaeicola vulgatus	SCFA (propionate)
K00625	1034_1	15	16	0.9375	0.33057146041234	0.670386921581713	Bacteroidota	Bacteroidia	Bacteroidales	Bacteroidaceae	Bacteroides	Bacteroides cellulosilyticus	SCFA (propionate)
K00625	1034_2	2	2	1									SCFA (propionate)
K00625	1035_1	7	7	1									SCFA (propionate)
K00625	1036_1	1	1	1									SCFA (propionate)
K00625	1037_1	9	9	1									SCFA (propionate)
K00625	1038_1	14	14	1	-0.374837014546726	0.496099005078926	Bacteroidota	Bacteroidia	Bacteroidales	Bacteroidaceae	Bacteroides	Bacteroides clarus	SCFA (propionate)
K00625	1039_1	62	66	0.939393939393939	1.11624268991281	0.0870945140509126	Bacteroidota	Bacteroidia	Bacteroidales	Bacteroidaceae	Bacteroides	Bacteroides stercoris_A	SCFA (propionate)
K00625	1040_1	154	156	0.987179487179487	0.745021470471891	0.12435426833705	Bacteroidota	Bacteroidia	Bacteroidales	Bacteroidaceae	Bacteroides	Bacteroides uniformis	SCFA (propionate)
K00625	1041_1	1	1	1									SCFA (propionate)
K00625	1042_1	1	1	1									SCFA (propionate)
K00625	1043_1	32	32	1	0.019094354544421	0.987596417076079	Bacteroidota	Bacteroidia	Bacteroidales	Bacteroidaceae	Bacteroides	Bacteroides thetaiotaomicron	SCFA (propionate)
K00625	1043_2	2	2	1									SCFA (propionate)
K00625	1044_1	34	35	0.971428571428571	-0.0599809783690067	0.950001439141797	Bacteroidota	Bacteroidia	Bacteroidales	Bacteroidaceae	Bacteroides	Bacteroides caccae	SCFA (propionate)
K00625	1044_2	1	1	1									SCFA (propionate)
K00625	1044_3	1	1	1									SCFA (propionate)
K00625	1045_1	7	8	0.875									SCFA (propionate)
K00625	1046_1	38	43	0.883720930232558	-0.357393799768856	0.636621250464773	Bacteroidota	Bacteroidia	Bacteroidales	Bacteroidaceae	Bacteroides	Bacteroides ovatus	SCFA (propionate)
K00625	1046_2	13	14	0.928571428571429	-0.96275434253752	0.189698331972496	Bacteroidota	Bacteroidia	Bacteroidales	Bacteroidaceae	Bacteroides	Bacteroides xylanisolvens	SCFA (propionate)
K00625	1046_3	1	1	1									SCFA (propionate)
K00625	1046_4	1	1	1									SCFA (propionate)
K00625	1046_5	2	2	1									SCFA (propionate)
K00625	1047_1	10	10	1	0.361334862683469	0.690814022366494	Bacteroidota	Bacteroidia	Bacteroidales	Bacteroidaceae	Bacteroides	Bacteroides salyersiae	SCFA (propionate)
K00625	1048_1	6	6	1									SCFA (propionate)
K00625	1048_2	3	3	1									SCFA (propionate)
K00625	1049_1	1	1	1									SCFA (propionate)
K00625	1051_1	76	86	0.883720930232558	-0.229759068933236	0.702741495877688	Bacteroidota	Bacteroidia	Bacteroidales	Marinifilaceae	Odoribacter	Odoribacter splanchnicus	SCFA (propionate)
K00625	1052_1	1	1	1									SCFA (propionate)
K00625	1053_1	7	11	0.636363636363636	-0.605691333403473	0.440381178841193	Bacteroidota	Bacteroidia	Bacteroidales	Marinifilaceae	Butyricimonas	Butyricimonas faecalis	SCFA (propionate)
K00625	1053_2	1	1	1									SCFA (propionate)
K00625	1054_1	12	15	0.8	0.453957827453901	0.380704007840178	Bacteroidota	Bacteroidia	Bacteroidales	Marinifilaceae	Butyricimonas	""	SCFA (propionate)
K00625	1054_2	15	16	0.9375	-0.0830589795416084	0.939012573140302	Bacteroidota	Bacteroidia	Bacteroidales	Marinifilaceae	Butyricimonas	Butyricimonas virosa	SCFA (propionate)
K00625	1054_3	10	12	0.833333333333333	-0.418405760914221	0.415564352658791	Bacteroidota	Bacteroidia	Bacteroidales	Marinifilaceae	Butyricimonas	Butyricimonas faecihominis	SCFA (propionate)
K00625	1054_4	7	8	0.875									SCFA (propionate)
K00625	1057_1	2	2	1									SCFA (propionate)
K00625	1058_1	23	25	0.92	-0.837358316157133	0.101530848406785	Actinomycetota	Coriobacteriia	Coriobacteriales	Eggerthellaceae	Anaerotardibacter	Anaerotardibacter sp000436075	SCFA (propionate)
K00625	1058_2	15	18	0.833333333333333	-1.18144441517648	0.00871718429781164	Actinomycetota	Coriobacteriia	Coriobacteriales	Eggerthellaceae	Anaerotardibacter	Anaerotardibacter sp900544455	SCFA (propionate)
K00625	1059_1	2	2	1									SCFA (propionate)
K00625	1060_1	6	8	0.75									SCFA (propionate)
K00625	1061_1	2	2	1									SCFA (propionate)
K00625	1063_1	2	2	1									SCFA (propionate)
K00625	1063_2	1	1	1									SCFA (propionate)
K00625	1063_3	1	1	1									SCFA (propionate)
K00625	1064_1	1	1	1									SCFA (propionate)
K00625	1065_1	1	1	1									SCFA (propionate)
K00625	1066_1	3	3	1									SCFA (propionate)
K00625	1067_1	18	20	0.9	0.0692668402219812	0.937837942512275	Actinomycetota	Coriobacteriia	Coriobacteriales	Atopobiaceae	Paratractidigestivibacter	Paratractidigestivibacter faecalis	SCFA (propionate)
K00625	1068_1	1	1	1									SCFA (propionate)
K00625	1069_1	2	2	1									SCFA (propionate)
K00625	1070_1	10	10	1	0.0291851094542721	0.974140336086172	Actinomycetota	Coriobacteriia	Coriobacteriales	Coriobacteriaceae	Collinsella	Collinsella intestinalis	SCFA (propionate)
K00625	1071_1	1	2	0.5									SCFA (propionate)
K00625	1072_1	2	2	1									SCFA (propionate)
K00625	1073_1	7	7	1									SCFA (propionate)
K00625	1073_2	1	2	0.5									SCFA (propionate)
K00625	1073_3	1	1	1									SCFA (propionate)
K00625	1074_1	19	22	0.863636363636364	-0.513807714770883	0.483468909616883	Actinomycetota	Coriobacteriia	Coriobacteriales	Coriobacteriaceae	Collinsella	""	SCFA (propionate)
K00625	1074_10	1	1	1									SCFA (propionate)
K00625	1074_11	4	4	1									SCFA (propionate)
K00625	1074_12	3	5	0.6									SCFA (propionate)
K00625	1074_13	2	2	1									SCFA (propionate)
K00625	1074_14	1	1	1									SCFA (propionate)
K00625	1074_15	2	2	1									SCFA (propionate)
K00625	1074_16	2	2	1									SCFA (propionate)
K00625	1074_17	2	2	1									SCFA (propionate)
K00625	1074_18	1	1	1									SCFA (propionate)
K00625	1074_19	1	1	1									SCFA (propionate)
K00625	1074_2	9	9	1									SCFA (propionate)
K00625	1074_20	1	1	1									SCFA (propionate)
K00625	1074_21	7	8	0.875									SCFA (propionate)
K00625	1074_22	1	1	1									SCFA (propionate)
K00625	1074_23	3	3	1									SCFA (propionate)
K00625	1074_24	1	1	1									SCFA (propionate)
K00625	1074_25	1	1	1									SCFA (propionate)
K00625	1074_26	6	6	1									SCFA (propionate)
K00625	1074_27	1	1	1									SCFA (propionate)
K00625	1074_28	1	1	1									SCFA (propionate)
K00625	1074_3	19	19	1	0.318133869164916	0.615729532216391	Actinomycetota	Coriobacteriia	Coriobacteriales	Coriobacteriaceae	Collinsella	Collinsella sp003459245	SCFA (propionate)
K00625	1074_30	1	1	1									SCFA (propionate)
K00625	1074_31	1	1	1									SCFA (propionate)
K00625	1074_32	1	1	1									SCFA (propionate)
K00625	1074_33	1	1	1									SCFA (propionate)
K00625	1074_34	1	1	1									SCFA (propionate)
K00625	1074_35	1	1	1									SCFA (propionate)
K00625	1074_36	1	1	1									SCFA (propionate)
K00625	1074_37	1	1	1									SCFA (propionate)
K00625	1074_4	1	1	1									SCFA (propionate)
K00625	1074_5	8	8	1									SCFA (propionate)
K00625	1074_6	4	4	1									SCFA (propionate)
K00625	1074_7	3	3	1									SCFA (propionate)
K00625	1074_8	15	16	0.9375	-0.602232921384223	0.320138272702497	Actinomycetota	Coriobacteriia	Coriobacteriales	Coriobacteriaceae	Collinsella	""	SCFA (propionate)
K00625	1074_9	3	3	1									SCFA (propionate)
K00625	1076_1	3	4	0.75									SCFA (propionate)
K00625	1078_1	2	3	0.666666666666667									SCFA (propionate)
K00625	1079_1	13	13	1	-0.556759533219657	0.277978335907629	Actinomycetota	Coriobacteriia	Coriobacteriales	Eggerthellaceae	Anaerotardibacter	Anaerotardibacter sp000435675	SCFA (propionate)
K00625	1079_2	1	1	1									SCFA (propionate)
K00625	1080_1	1	2	0.5									SCFA (propionate)
K00625	1081_1	13	13	1	-0.422572242501209	0.260033038187731	Actinomycetota	Coriobacteriia	Coriobacteriales	Eggerthellaceae	Ellagibacter	Ellagibacter isourolithinifaciens	SCFA (propionate)
K00625	1082_1	11	15	0.733333333333333	-0.514771269033049	0.347784276447953	Actinomycetota	Coriobacteriia	Coriobacteriales	Eggerthellaceae	Slackia	Slackia isoflavoniconvertens	SCFA (propionate)
K00625	1083_1	1	1	1									SCFA (propionate)
K00625	1083_2	3	3	1									SCFA (propionate)
K00625	1085_1	8	11	0.727272727272727	-0.321372000198904	0.384265230319888	Actinomycetota	Coriobacteriia	Coriobacteriales	Eggerthellaceae	Senegalimassilia	Senegalimassilia faecalis	SCFA (propionate)
K00625	1086_1	30	35	0.857142857142857	-0.172634921823342	0.855856822026673	Actinomycetota	Coriobacteriia	Coriobacteriales	Eggerthellaceae	Senegalimassilia	Senegalimassilia sp003474385	SCFA (propionate)
K00625	1086_2	1	1	1									SCFA (propionate)
K00625	1087_1	25	29	0.862068965517241	-1.18601844555949	0.00240146105029924	Actinomycetota	Coriobacteriia	Coriobacteriales	Eggerthellaceae	Adlercreutzia	Adlercreutzia rubneri	SCFA (propionate)
K00625	1087_2	35	40	0.875	-0.141801278339665	0.855856822026673	Actinomycetota	Coriobacteriia	Coriobacteriales	Eggerthellaceae	Adlercreutzia	Adlercreutzia equolifaciens	SCFA (propionate)
K00625	1088_1	1	1	1									SCFA (propionate)
K00625	1089_1	1	1	1									SCFA (propionate)
K00625	1090_1	5	8	0.625									SCFA (propionate)
K00625	1090_2	2	2	1									SCFA (propionate)
K00625	1091_1	2	2	1									SCFA (propionate)
K00625	1092_1	54	73	0.73972602739726	-0.00159963330957656	0.999407958867046	Actinomycetota	Coriobacteriia	Coriobacteriales	Eggerthellaceae	Eggerthella	Eggerthella lenta	SCFA (propionate)
K00625	1093_1	4	4	1									SCFA (propionate)
K00625	1094_1	6	8	0.75									SCFA (propionate)
K00625	1095_1	1	1	1									SCFA (propionate)
K00625	1105_1	1	1	1									SCFA (propionate)
K00625	1123_1	8	8	1									SCFA (propionate)
K00625	1124_1	13	15	0.866666666666667	0.983083342986006	0.0300286467860094	Bacteroidota	Bacteroidia	Bacteroidales	Rikenellaceae	Alistipes_A	Alistipes_A ihumii	SCFA (propionate)
K00625	1125_1	11	12	0.916666666666667	0.181984278059233	0.699329897153679	Bacteroidota	Bacteroidia	Bacteroidales	Rikenellaceae	Alistipes_A	Alistipes_A sp900539755	SCFA (propionate)
K00625	1126_1	19	22	0.863636363636364	0.212185630767125	0.770318580797188	Bacteroidota	Bacteroidia	Bacteroidales	Rikenellaceae	Alistipes_A	Alistipes_A indistinctus	SCFA (propionate)
K00625	113_1	13	13	1	-0.56289777407617	0.301060149246665	Bacillota	Bacilli	RF39	UBA660	CAG-417	CAG-417 sp000432835	SCFA (propionate)
K00625	114_1	6	7	0.857142857142857									SCFA (propionate)
K00625	116_1	6	6	1									SCFA (propionate)
K00625	117_1	1	1	1									SCFA (propionate)
K00625	118_1	1	1	1									SCFA (propionate)
K00625	133_1	1	1	1									SCFA (propionate)
K00625	134_1	1	1	1									SCFA (propionate)
K00625	136_1	1	1	1									SCFA (propionate)
K00625	138_1	2	3	0.666666666666667									SCFA (propionate)
K00625	153_1	3	3	1									SCFA (propionate)
K00625	154_1	9	10	0.9	-0.373989605063359	0.428544642195116	Bacillota	Bacilli	MOL361	Turicibacteraceae	Turicibacter	Turicibacter bilis	SCFA (propionate)
K00625	155_1	1	1	1									SCFA (propionate)
K00625	15_1	6	6	1									SCFA (propionate)
K00625	164_1	22	22	1	0.326964690209221	0.313942333611298	Bacillota	Bacilli	Erysipelotrichales	Erysipelotrichaceae	Clostridium_AQ	Clostridium_AQ innocuum	SCFA (propionate)
K00625	165_1	1	1	1									SCFA (propionate)
K00625	166_1	17	18	0.944444444444444	1.32850482576754	0.0099970529836233	Bacillota	Bacilli	Erysipelotrichales	Erysipelotrichaceae	Amedibacterium	Amedibacterium intestinale	SCFA (propionate)
K00625	167_1	1	1	1									SCFA (propionate)
K00625	169_1	1	1	1									SCFA (propionate)
K00625	170_1	2	2	1									SCFA (propionate)
K00625	171_1	3	3	1									SCFA (propionate)
K00625	180_1	1	1	1									SCFA (propionate)
K00625	183_1	11	11	1	-1.00954114009101	0.0444760431520508	Bacillota	Bacilli	Erysipelotrichales	Erysipelotrichaceae	Bulleidia	Bulleidia sp900539965	SCFA (propionate)
K00625	184_1	1	1	1									SCFA (propionate)
K00625	185_1	50	52	0.961538461538461	-0.597980927787929	0.291451235526897	Bacillota	Bacilli	Erysipelotrichales	Erysipelotrichaceae	Holdemanella	Holdemanella sp900556915	SCFA (propionate)
K00625	185_2	30	37	0.810810810810811	0.204382310023734	0.829680563447189	Bacillota	Bacilli	Erysipelotrichales	Erysipelotrichaceae	Holdemanella	Holdemanella biformis	SCFA (propionate)
K00625	185_3	1	1	1									SCFA (propionate)
K00625	185_4	2	2	1									SCFA (propionate)
K00625	185_6	1	2	0.5									SCFA (propionate)
K00625	185_7	1	1	1									SCFA (propionate)
K00625	186_1	1	1	1									SCFA (propionate)
K00625	187_1	1	1	1									SCFA (propionate)
K00625	191_1	2	2	1									SCFA (propionate)
K00625	193_1	1	1	1									SCFA (propionate)
K00625	203_1	1	1	1									SCFA (propionate)
K00625	203_2	2	2	1									SCFA (propionate)
K00625	204_1	1	1	1									SCFA (propionate)
K00625	205_1	2	2	1									SCFA (propionate)
K00625	206_1	2	2	1									SCFA (propionate)
K00625	207_1	1	1	1									SCFA (propionate)
K00625	208_1	1	1	1									SCFA (propionate)
K00625	220_1	1	1	1									SCFA (propionate)
K00625	223_1	1	1	1									SCFA (propionate)
K00625	224_1	6	7	0.857142857142857									SCFA (propionate)
K00625	224_2	5	5	1									SCFA (propionate)
K00625	225_1	3	4	0.75									SCFA (propionate)
K00625	226_1	1	1	1									SCFA (propionate)
K00625	228_1	2	2	1									SCFA (propionate)
K00625	229_1	10	12	0.833333333333333	-0.207473561773505	0.716644473768369	Bacillota	Clostridia	Christensenellales	Aristaeellaceae	Limiplasma	Limiplasma sp900548145	SCFA (propionate)
K00625	230_1	3	3	1									SCFA (propionate)
K00625	231_1	3	6	0.5									SCFA (propionate)
K00625	233_1	1	1	1									SCFA (propionate)
K00625	233_2	1	1	1									SCFA (propionate)
K00625	233_3	1	1	1									SCFA (propionate)
K00625	234_1	1	1	1									SCFA (propionate)
K00625	235_1	6	6	1									SCFA (propionate)
K00625	236_1	6	6	1									SCFA (propionate)
K00625	249_1	2	3	0.666666666666667									SCFA (propionate)
K00625	24_1	1	1	1									SCFA (propionate)
K00625	251_1	4	4	1									SCFA (propionate)
K00625	253_1	1	1	1									SCFA (propionate)
K00625	254_1	1	1	1									SCFA (propionate)
K00625	259_1	4	4	1									SCFA (propionate)
K00625	25_1	1	1	1									SCFA (propionate)
K00625	260_1	1	1	1									SCFA (propionate)
K00625	263_1	2	4	0.5									SCFA (propionate)
K00625	264_1	1	1	1									SCFA (propionate)
K00625	274_1	1	1	1									SCFA (propionate)
K00625	275_1	2	2	1									SCFA (propionate)
K00625	282_1	2	3	0.666666666666667									SCFA (propionate)
K00625	283_1	24	24	1	-1.36433251741329	0.0725839287548737	Bacillota	Clostridia	Oscillospirales	Butyricicoccaceae	Butyricicoccus_A	Butyricicoccus_A intestinisimiae	SCFA (propionate)
K00625	284_1	1	1	1									SCFA (propionate)
K00625	289_1	4	4	1									SCFA (propionate)
K00625	290_1	1	1	1									SCFA (propionate)
K00625	292_1	2	4	0.5									SCFA (propionate)
K00625	293_1	1	1	1									SCFA (propionate)
K00625	294_1	9	9	1									SCFA (propionate)
K00625	294_2	1	1	1									SCFA (propionate)
K00625	295_1	5	5	1									SCFA (propionate)
K00625	296_1	1	1	1									SCFA (propionate)
K00625	297_1	1	1	1									SCFA (propionate)
K00625	298_1	1	1	1									SCFA (propionate)
K00625	299_1	2	2	1									SCFA (propionate)
K00625	2_1	2	2	1									SCFA (propionate)
K00625	300_1	1	1	1									SCFA (propionate)
K00625	300_2	1	1	1									SCFA (propionate)
K00625	301_1	3	3	1									SCFA (propionate)
K00625	302_1	6	8	0.75									SCFA (propionate)
K00625	302_2	1	1	1									SCFA (propionate)
K00625	303_1	12	14	0.857142857142857	-0.729710925062759	0.163423091828184	Bacillota	Clostridia	Christensenellales	Aristaeellaceae	Ventricola	Ventricola sp900542445	SCFA (propionate)
K00625	304_1	27	29	0.931034482758621	-1.05694439057469	0.15003989299863	Bacillota	Clostridia	Christensenellales	Aristaeellaceae	Ventricola	Ventricola sp900542395	SCFA (propionate)
K00625	304_2	1	1	1									SCFA (propionate)
K00625	305_1	3	3	1									SCFA (propionate)
K00625	306_1	105	126	0.833333333333333	0.665519920437379	0.139287301659451	Desulfobacterota_I	Desulfovibrionia	Desulfovibrionales	Desulfovibrionaceae	Bilophila	Bilophila wadsworthia	SCFA (propionate)
K00625	306_2	1	2	0.5									SCFA (propionate)
K00625	307_1	1	1	1									SCFA (propionate)
K00625	315_1	4	4	1									SCFA (propionate)
K00625	315_2	1	1	1									SCFA (propionate)
K00625	321_1	6	6	1									SCFA (propionate)
K00625	322_1	6	10	0.6	-0.228311391949408	0.774173025583637	Bacillota	Clostridia	Christensenellales	Borkfalkiaceae	Scatosoma	Scatosoma sp900555925	SCFA (propionate)
K00625	323_1	4	5	0.8									SCFA (propionate)
K00625	324_1	20	23	0.869565217391304	-0.746328723295103	0.141321222601118	Bacillota	Clostridia	Christensenellales	Borkfalkiaceae	Scatosoma	Scatosoma sp900542935	SCFA (propionate)
K00625	325_1	3	3	1									SCFA (propionate)
K00625	326_1	2	2	1									SCFA (propionate)
K00625	327_1	5	7	0.714285714285714									SCFA (propionate)
K00625	328_1	5	5	1									SCFA (propionate)
K00625	329_1	4	5	0.8									SCFA (propionate)
K00625	332_1	9	9	1									SCFA (propionate)
K00625	333_1	4	4	1									SCFA (propionate)
K00625	334_1	1	1	1									SCFA (propionate)
K00625	335_1	2	2	1									SCFA (propionate)
K00625	336_1	4	4	1									SCFA (propionate)
K00625	337_1	9	11	0.818181818181818	-0.871195235912021	0.112254435243703	Bacillota	Clostridia	Christensenellales	Aristaeellaceae	Fimadaptatus	Fimadaptatus sp948467645	SCFA (propionate)
K00625	338_1	1	2	0.5									SCFA (propionate)
K00625	339_1	9	11	0.818181818181818	-0.652406755697348	0.20162856253014	Bacillota	Clostridia	Oscillospirales	Oscillospiraceae	HGM13006	HGM13006 sp900757695	SCFA (propionate)
K00625	339_2	1	1	1									SCFA (propionate)
K00625	342_1	3	5	0.6									SCFA (propionate)
K00625	343_1	27	32	0.84375	-0.072340626982239	0.936823274479639	Bacillota	Clostridia	TANB77	CAG-508	CAG-245	CAG-245 sp000435175	SCFA (propionate)
K00625	345_1	1	1	1									SCFA (propionate)
K00625	346_1	1	1	1									SCFA (propionate)
K00625	347_1	1	1	1									SCFA (propionate)
K00625	348_1	4	4	1									SCFA (propionate)
K00625	349_1	10	10	1	-1.00370331325854	0.0245950850566471	Bacillota	Clostridia	TANB77	CAG-508	CAG-492	CAG-492 sp000434335	SCFA (propionate)
K00625	349_2	3	3	1									SCFA (propionate)
K00625	350_1	4	4	1									SCFA (propionate)
K00625	351_1	3	3	1									SCFA (propionate)
K00625	352_1	1	1	1									SCFA (propionate)
K00625	353_1	1	1	1									SCFA (propionate)
K00625	354_1	7	7	1									SCFA (propionate)
K00625	355_1	1	1	1									SCFA (propionate)
K00625	356_1	1	1	1									SCFA (propionate)
K00625	357_1	5	6	0.833333333333333									SCFA (propionate)
K00625	358_1	2	3	0.666666666666667									SCFA (propionate)
K00625	359_1	6	6	1									SCFA (propionate)
K00625	360_1	1	1	1									SCFA (propionate)
K00625	361_1	1	1	1									SCFA (propionate)
K00625	362_1	20	20	1	0.217704201961076	0.793457052172703	Bacillota	Clostridia	TANB77	CAG-508	CAG-269	CAG-269 sp003525075	SCFA (propionate)
K00625	363_1	2	2	1									SCFA (propionate)
K00625	363_2	1	1	1									SCFA (propionate)
K00625	364_1	3	3	1									SCFA (propionate)
K00625	365_1	1	1	1									SCFA (propionate)
K00625	366_1	1	1	1									SCFA (propionate)
K00625	367_1	5	5	1									SCFA (propionate)
K00625	368_1	5	5	1									SCFA (propionate)
K00625	369_1	1	1	1									SCFA (propionate)
K00625	370_1	1	1	1									SCFA (propionate)
K00625	371_1	1	1	1									SCFA (propionate)
K00625	372_1	1	1	1									SCFA (propionate)
K00625	373_1	9	10	0.9	0.493134363330776	0.514647199222221	Bacillota	Clostridia	TANB77	CAG-508	CAG-452	CAG-452 sp000434035	SCFA (propionate)
K00625	373_2	1	1	1									SCFA (propionate)
K00625	374_1	2	2	1									SCFA (propionate)
K00625	375_1	1	1	1									SCFA (propionate)
K00625	379_1	1	1	1									SCFA (propionate)
K00625	380_1	1	1	1									SCFA (propionate)
K00625	381_1	1	1	1									SCFA (propionate)
K00625	382_1	9	9	1									SCFA (propionate)
K00625	383_1	52	55	0.945454545454546	-0.394249911660716	0.53220454789838	Bacillota	Clostridia	Clostridiales	Clostridiaceae	Clostridium	Clostridium sp900540255	SCFA (propionate)
K00625	384_1	1	1	1									SCFA (propionate)
K00625	385_1	9	10	0.9	-0.332875366496291	0.538176494665755	Bacillota	Clostridia	Clostridiales	Clostridiaceae	Clostridium	Clostridium sp000435835	SCFA (propionate)
K00625	385_2	10	11	0.909090909090909	-1.41239423455234	0.00125952777556916	Bacillota	Clostridia	Clostridiales	Clostridiaceae	Clostridium	Clostridium lentum	SCFA (propionate)
K00625	386_1	1	1	1									SCFA (propionate)
K00625	387_1	2	2	1									SCFA (propionate)
K00625	388_1	1	1	1									SCFA (propionate)
K00625	391_1	1	1	1									SCFA (propionate)
K00625	392_1	1	1	1									SCFA (propionate)
K00625	393_1	1	1	1									SCFA (propionate)
K00625	397_1	9	11	0.818181818181818	-0.159712583165412	0.855856822026673	Bacillota	Clostridia	Monoglobales	Monoglobaceae	Monoglobus	Monoglobus pectinilyticus	SCFA (propionate)
K00625	398_1	4	4	1									SCFA (propionate)
K00625	399_1	21	23	0.91304347826087	-0.811322888568328	0.164161139229001	Bacillota	Clostridia	Christensenellales	CAG-138	Phil1	Phil1 sp001940855	SCFA (propionate)
K00625	400_1	21	22	0.954545454545455	-0.324549704221622	0.489723223158862	Bacillota	Clostridia	Christensenellales	CAG-138	SFEL01	SFEL01 sp004557245	SCFA (propionate)
K00625	401_1	10	13	0.769230769230769	-0.0327752358157016	0.974832982541305	Bacillota	Clostridia	Lachnospirales	Lachnospiraceae	Clostridium_AP	Clostridium_AP sp000509125	SCFA (propionate)
K00625	401_2	2	2	1									SCFA (propionate)
K00625	423_1	3	3	1									SCFA (propionate)
K00625	424_1	4	4	1									SCFA (propionate)
K00625	425_1	2	2	1									SCFA (propionate)
K00625	426_1	5	6	0.833333333333333									SCFA (propionate)
K00625	440_1	1	1	1									SCFA (propionate)
K00625	441_1	1	1	1									SCFA (propionate)
K00625	442_1	8	9	0.888888888888889									SCFA (propionate)
K00625	443_1	7	7	1									SCFA (propionate)
K00625	443_2	1	1	1									SCFA (propionate)
K00625	444_1	58	68	0.852941176470588	0.0267571541175575	0.977036408656166	Bacillota	Bacilli	Lactobacillales	Streptococcaceae	Streptococcus	Streptococcus salivarius	SCFA (propionate)
K00625	444_2	8	10	0.8	0.204101609936718	0.645351074882835	Bacillota	Bacilli	Lactobacillales	Streptococcaceae	Streptococcus	Streptococcus thermophilus	SCFA (propionate)
K00625	445_1	2	5	0.4									SCFA (propionate)
K00625	445_2	1	1	1									SCFA (propionate)
K00625	445_3	1	1	1									SCFA (propionate)
K00625	445_5	1	1	1									SCFA (propionate)
K00625	446_1	3	4	0.75									SCFA (propionate)
K00625	446_2	9	16	0.5625	0.132508502777099	0.903548698977595	Bacillota	Bacilli	Lactobacillales	Streptococcaceae	Streptococcus	""	SCFA (propionate)
K00625	446_3	2	4	0.5									SCFA (propionate)
K00625	446_4	1	1	1									SCFA (propionate)
K00625	446_7	1	1	1									SCFA (propionate)
K00625	446_8	1	1	1									SCFA (propionate)
K00625	447_1	2	2	1									SCFA (propionate)
K00625	447_2	6	6	1									SCFA (propionate)
K00625	448_1	1	1	1									SCFA (propionate)
K00625	448_2	1	1	1									SCFA (propionate)
K00625	450_1	9	11	0.818181818181818	0.275667485344944	0.579276240707327	Bacillota	Bacilli	Lactobacillales	Streptococcaceae	Lactococcus	Lactococcus lactis	SCFA (propionate)
K00625	451_1	2	2	1									SCFA (propionate)
K00625	452_1	1	2	0.5									SCFA (propionate)
K00625	453_1	3	3	1									SCFA (propionate)
K00625	453_2	7	9	0.777777777777778									SCFA (propionate)
K00625	454_1	3	4	0.75									SCFA (propionate)
K00625	455_1	6	6	1									SCFA (propionate)
K00625	456_1	9	9	1									SCFA (propionate)
K00625	456_2	6	6	1									SCFA (propionate)
K00625	457_1	1	1	1									SCFA (propionate)
K00625	459_1	3	3	1									SCFA (propionate)
K00625	460_1	2	2	1									SCFA (propionate)
K00625	463_1	1	1	1									SCFA (propionate)
K00625	464_1	1	1	1									SCFA (propionate)
K00625	470_1	4	4	1									SCFA (propionate)
K00625	471_1	1	1	1									SCFA (propionate)
K00625	474_1	4	5	0.8									SCFA (propionate)
K00625	475_1	1	1	1									SCFA (propionate)
K00625	482_1	2	7	0.285714285714286									SCFA (propionate)
K00625	483_1	2	4	0.5									SCFA (propionate)
K00625	484_1	7	8	0.875									SCFA (propionate)
K00625	485_1	12	12	1	0.569670196723303	0.379903512754518	Bacillota	Negativicutes	Veillonellales	Veillonellaceae	Veillonella	Veillonella parvula_A	SCFA (propionate)
K00625	485_2	1	1	1									SCFA (propionate)
K00625	486_1	11	14	0.785714285714286	-0.520328170491622	0.212836289515412	Bacillota	Negativicutes	Veillonellales	Veillonellaceae	Veillonella	Veillonella infantium_A	SCFA (propionate)
K00625	486_11	1	1	1									SCFA (propionate)
K00625	486_12	1	1	1									SCFA (propionate)
K00625	486_13	1	1	1									SCFA (propionate)
K00625	486_15	1	1	1									SCFA (propionate)
K00625	486_2	1	1	1									SCFA (propionate)
K00625	486_3	2	2	1									SCFA (propionate)
K00625	486_4	1	1	1									SCFA (propionate)
K00625	486_5	1	1	1									SCFA (propionate)
K00625	486_6	1	1	1									SCFA (propionate)
K00625	486_7	1	1	1									SCFA (propionate)
K00625	487_1	4	6	0.666666666666667									SCFA (propionate)
K00625	48_1	1	1	1									SCFA (propionate)
K00625	490_1	32	46	0.695652173913044	-0.304664411167838	0.668523329329729	Bacillota	Clostridia	Lachnospirales	Lachnospiraceae	Claveliimonas	Claveliimonas ammoniilytica	SCFA (propionate)
K00625	491_1	1	2	0.5									SCFA (propionate)
K00625	492_1	3	4	0.75									SCFA (propionate)
K00625	492_2	7	7	1									SCFA (propionate)
K00625	493_1	16	19	0.842105263157895	-0.543654697586037	0.279030842039369	Bacillota	Clostridia	Lachnospirales	Lachnospiraceae	UBA4285	UBA4285 sp900545225	SCFA (propionate)
K00625	494_1	27	28	0.964285714285714	0.12360604124457	0.857598970815532	Bacillota	Clostridia	Lachnospirales	CAG-274	CAG-274	CAG-274 sp900545305	SCFA (propionate)
K00625	494_2	49	50	0.98	0.167720074272404	0.849404650914935	Bacillota	Clostridia	Lachnospirales	CAG-274	CAG-274	CAG-274 sp000432155	SCFA (propionate)
K00625	495_1	1	1	1									SCFA (propionate)
K00625	497_1	1	1	1									SCFA (propionate)
K00625	498_1	135	147	0.918367346938776	0.498026934939559	0.125193748224458	Bacillota	Clostridia	Oscillospirales	Butyricicoccaceae	Agathobaculum	Agathobaculum butyriciproducens	SCFA (propionate)
K00625	499_1	10	14	0.714285714285714	-0.572134559001391	0.418384230058245	Bacillota	Clostridia	Oscillospirales	Butyricicoccaceae	Agathobaculum	Agathobaculum sp900544475	SCFA (propionate)
K00625	500_1	22	40	0.55	-0.384101537199025	0.464887811990392	Bacillota	Clostridia	Oscillospirales	Butyricicoccaceae	Agathobaculum	Agathobaculum hominis	SCFA (propionate)
K00625	501_1	1	1	1									SCFA (propionate)
K00625	502_1	1	1	1									SCFA (propionate)
K00625	503_1	1	1	1									SCFA (propionate)
K00625	504_1	4	7	0.571428571428571									SCFA (propionate)
K00625	505_1	1	2	0.5									SCFA (propionate)
K00625	512_1	1	1	1									SCFA (propionate)
K00625	513_1	5	7	0.714285714285714									SCFA (propionate)
K00625	514_1	18	27	0.666666666666667	-0.530933832402954	0.137042122806942	Bacillota	Clostridia	Lachnospirales	Lachnospiraceae	Choladousia	Choladousia sp902363135	SCFA (propionate)
K00625	517_1	1	3	0.333333333333333									SCFA (propionate)
K00625	520_1	117	125	0.936	0.553078366778072	0.111937157257548	Bacillota	Clostridia	UBA1381	UBA1381	Hominilimicola	Hominilimicola fabiformis	SCFA (propionate)
K00625	527_1	3	3	1									SCFA (propionate)
K00625	528_1	1	1	1									SCFA (propionate)
K00625	529_1	2	2	1									SCFA (propionate)
K00625	530_1	7	7	1									SCFA (propionate)
K00625	531_1	1	1	1									SCFA (propionate)
K00625	532_1	10	11	0.909090909090909	-0.970889411298254	0.0387814075844986	Bacillota	Clostridia	Monoglobales	Monoglobaceae	UMGS1820	UMGS1820 sp900545865	SCFA (propionate)
K00625	533_1	3	3	1									SCFA (propionate)
K00625	534_1	1	1	1									SCFA (propionate)
K00625	535_1	1	1	1									SCFA (propionate)
K00625	536_1	1	1	1									SCFA (propionate)
K00625	537_1	7	7	1									SCFA (propionate)
K00625	538_1	3	3	1									SCFA (propionate)
K00625	539_1	7	11	0.636363636363636	0.131522587006985	0.869091839001416	Bacillota	Negativicutes	Veillonellales	Megasphaeraceae	Caecibacter	Caecibacter massiliensis	SCFA (propionate)
K00625	540_1	1	1	1									SCFA (propionate)
K00625	541_1	7	7	1									SCFA (propionate)
K00625	541_2	30	30	1	-0.136009261813823	0.857598970815532	Bacillota	Negativicutes	Veillonellales	Megasphaeraceae	Megasphaera	Megasphaera elsdenii	SCFA (propionate)
K00625	542_1	6	6	1									SCFA (propionate)
K00625	542_2	1	1	1									SCFA (propionate)
K00625	543_1	1	1	1									SCFA (propionate)
K00625	550_1	68	74	0.918918918918919	0.216086250543238	0.716644473768369	Bacillota	Clostridia	Lachnospirales	Lachnospiraceae	Acetatifactor	Acetatifactor acetigignens	SCFA (propionate)
K00625	550_2	54	57	0.947368421052632	-0.0992025188400592	0.906956554086696	Bacillota	Clostridia	Lachnospirales	Lachnospiraceae	Acetatifactor	Acetatifactor intestinalis	SCFA (propionate)
K00625	550_3	3	3	1									SCFA (propionate)
K00625	550_4	1	1	1									SCFA (propionate)
K00625	556_1	1	1	1									SCFA (propionate)
K00625	557_1	8	9	0.888888888888889									SCFA (propionate)
K00625	558_1	17	21	0.80952380952381	-1.12439768790525	0.0554577892873342	Bacillota	Clostridia	Lachnospirales	Lachnospiraceae	Jutongia	Jutongia huaianensis	SCFA (propionate)
K00625	559_1	3	3	1									SCFA (propionate)
K00625	560_1	21	22	0.954545454545455	-0.930715022216706	0.0359058786151043	Bacillota	Clostridia	Lachnospirales	Lachnospiraceae	Butyribacter	Butyribacter hominis	SCFA (propionate)
K00625	561_1	2	5	0.4									SCFA (propionate)
K00625	562_1	32	35	0.914285714285714	-0.674329998413561	0.148160139561155	Bacillota	Clostridia	Lachnospirales	Lachnospiraceae	Eubacterium_U	""	SCFA (propionate)
K00625	563_1	8	10	0.8	-0.429045273759109	0.313942333611298	Bacillota	Clostridia	Lachnospirales	Lachnospiraceae	Eubacterium_G	Eubacterium_G sp000435815	SCFA (propionate)
K00625	564_1	4	4	1									SCFA (propionate)
K00625	565_1	85	93	0.913978494623656	0.278681088721094	0.746899061905011	Bacillota	Clostridia	Lachnospirales	Lachnospiraceae	Eubacterium_G	Eubacterium_G ventriosum	SCFA (propionate)
K00625	566_1	63	75	0.84	-0.12964571561017	0.839584115395913	Bacillota	Clostridia	Lachnospirales	Anaerotignaceae	Anaerotignum_A	""	SCFA (propionate)
K00625	567_1	57	58	0.982758620689655	-0.534569736269385	0.381094120851295	Bacillota	Clostridia	Lachnospirales	Lachnospiraceae	Butyribacter	Butyribacter sp003529475	SCFA (propionate)
K00625	568_1	2	4	0.5									SCFA (propionate)
K00625	569_1	2	2	1									SCFA (propionate)
K00625	570_1	41	43	0.953488372093023	-0.149620810363001	0.887029875860752	Bacillota	Clostridia	Lachnospirales	Lachnospiraceae	Eubacterium_F	Eubacterium_F sp003491505	SCFA (propionate)
K00625	571_1	4	4	1									SCFA (propionate)
K00625	572_1	3	3	1									SCFA (propionate)
K00625	573_1	2	2	1									SCFA (propionate)
K00625	574_1	30	36	0.833333333333333	-0.55705949944132	0.506479074800242	Bacillota	Clostridia	Lachnospirales	Lachnospiraceae	Coprococcus	Coprococcus ammoniilyticus	SCFA (propionate)
K00625	574_2	13	14	0.928571428571429	-1.01839660522183	0.009235483070221	Bacillota	Clostridia	Lachnospirales	Lachnospiraceae	Coprococcus	Coprococcus sp000154245	SCFA (propionate)
K00625	575_1	45	49	0.918367346938776	-1.12202313750731	0.0037506704159551	Bacillota	Clostridia	Lachnospirales	Lachnospiraceae	Coprococcus	Coprococcus aceti	SCFA (propionate)
K00625	575_2	7	7	1									SCFA (propionate)
K00625	575_3	2	2	1									SCFA (propionate)
K00625	576_1	7	7	1									SCFA (propionate)
K00625	577_1	15	15	1	-0.766818907070048	0.0747770021006218	Bacillota	Clostridia	Lachnospirales	Lachnospiraceae	Coprococcus	Coprococcus sp000433075	SCFA (propionate)
K00625	578_1	60	66	0.909090909090909	-0.235472875228636	0.810234067666634	Bacillota	Clostridia	Lachnospirales	Lachnospiraceae	Wujia	Wujia hominis	SCFA (propionate)
K00625	578_2	1	1	1									SCFA (propionate)
K00625	579_1	19	19	1	-0.148661861272639	0.867043648029672	Bacillota	Clostridia	Lachnospirales	Lachnospiraceae	Butyribacter	Butyribacter sp000436755	SCFA (propionate)
K00625	57_1	1	1	1									SCFA (propionate)
K00625	580_1	23	23	1	-0.325521708151126	0.621007671806081	Bacillota	Clostridia	Lachnospirales	Lachnospiraceae	Butyribacter	Butyribacter intestini	SCFA (propionate)
K00625	581_1	2	2	1									SCFA (propionate)
K00625	582_1	137	153	0.895424836601307	0.668035923554365	0.0623596104399875	Bacillota	Clostridia	Lachnospirales	Lachnospiraceae	Anthropogastromicrobium	Anthropogastromicrobium aceti	SCFA (propionate)
K00625	582_2	1	1	1									SCFA (propionate)
K00625	583_1	39	40	0.975	-0.877487206020384	0.0259869101892949	Bacillota	Clostridia	Lachnospirales	Lachnospiraceae	Gallintestinimicrobium	Gallintestinimicrobium propionicum	SCFA (propionate)
K00625	584_1	21	23	0.91304347826087	-0.624125619435195	0.141321222601118	Bacillota	Clostridia	Lachnospirales	Lachnospiraceae	Eubacterium_I	Eubacterium_I ramulus_A	SCFA (propionate)
K00625	585_1	18	22	0.818181818181818	0.340482801480459	0.580755600520319	Bacillota	Clostridia	Lachnospirales	Lachnospiraceae	Eubacterium_I	""	SCFA (propionate)
K00625	593_1	3	3	1									SCFA (propionate)
K00625	594_1	39	51	0.764705882352941	-0.66003620980095	0.158903203223663	Bacillota	Clostridia	Lachnospirales	Lachnospiraceae	Pararoseburia	Pararoseburia lenta	SCFA (propionate)
K00625	595_1	34	40	0.85	-0.462788412645942	0.445358515766853	Bacillota	Clostridia	Lachnospirales	Lachnospiraceae	Limivivens	Limivivens faecihominis	SCFA (propionate)
K00625	596_1	3	8	0.375									SCFA (propionate)
K00625	597_1	2	2	1									SCFA (propionate)
K00625	598_1	22	23	0.956521739130435	-0.986699018067629	0.0337894963134003	Bacillota	Clostridia	Lachnospirales	Lachnospiraceae	Maccoya	Maccoya intestinihominis	SCFA (propionate)
K00625	599_1	70	83	0.843373493975904	-0.203608742919372	0.757559086992637	Bacillota	Clostridia	Lachnospirales	Lachnospiraceae	Hominisplanchenecus	Hominisplanchenecus faecis	SCFA (propionate)
K00625	600_1	8	10	0.8	-1.43544139490868	0.00981902367853479	Bacillota	Clostridia	Lachnospirales	Lachnospiraceae	Bacteroides_F	Bacteroides_F pectinophilus	SCFA (propionate)
K00625	601_1	119	122	0.975409836065574	0.534414487969866	0.127679421011774	Bacillota	Clostridia	Lachnospirales	Lachnospiraceae	Lachnospira	Lachnospira eligens_A	SCFA (propionate)
K00625	601_2	4	4	1									SCFA (propionate)
K00625	601_3	1	1	1									SCFA (propionate)
K00625	601_4	3	4	0.75									SCFA (propionate)
K00625	602_1	91	104	0.875	-0.136158980565996	0.826104310757962	Bacillota	Clostridia	Lachnospirales	Lachnospiraceae	Lachnospira	Lachnospira rogosae	SCFA (propionate)
K00625	603_1	23	28	0.821428571428571	-0.726103150210651	0.0867577302918209	Bacillota	Clostridia	Lachnospirales	Lachnospiraceae	Lachnospira	Lachnospira sp000436535	SCFA (propionate)
K00625	604_1	30	39	0.769230769230769	-0.101728615927904	0.917423232123717	Bacillota	Clostridia	Lachnospirales	Lachnospiraceae	Lachnospira	Lachnospira sp000436475	SCFA (propionate)
K00625	605_1	80	82	0.975609756097561	-0.14357911844854	0.850454342189356	Bacillota	Clostridia	Lachnospirales	Lachnospiraceae	Lachnospira	Lachnospira sp000437735	SCFA (propionate)
K00625	606_1	73	77	0.948051948051948	0.00448851831298221	0.998990799564075	Bacillota	Clostridia	Lachnospirales	Lachnospiraceae	Lachnospira	Lachnospira hominis	SCFA (propionate)
K00625	607_1	25	26	0.961538461538461	-0.171930815266113	0.855856822026673	Bacillota	Clostridia	Lachnospirales	Lachnospiraceae	Lachnospira	Lachnospira sp900545725	SCFA (propionate)
K00625	608_1	3	6	0.5									SCFA (propionate)
K00625	609_1	6	6	1									SCFA (propionate)
K00625	610_1	12	18	0.666666666666667	0.518970711661107	0.170734728992609	Bacillota	Clostridia	Lachnospirales	Lachnospiraceae	Faecalimonas	Faecalimonas umbilicata	SCFA (propionate)
K00625	610_2	1	1	1									SCFA (propionate)
K00625	611_1	19	26	0.730769230769231	0.50336929058876	0.458212475298217	Bacillota	Clostridia	Lachnospirales	Lachnospiraceae	Faecalimonas	Faecalimonas phoceensis	SCFA (propionate)
K00625	611_2	13	13	1	-0.298596331203419	0.671551103605421	Bacillota	Clostridia	Lachnospirales	Lachnospiraceae	Faecalimonas	Faecalimonas sp029983955	SCFA (propionate)
K00625	612_1	1	1	1									SCFA (propionate)
K00625	613_1	10	10	1	-0.616994015464299	0.278627870170504	Bacillota	Clostridia	Lachnospirales	Lachnospiraceae	Schaedlerella	""	SCFA (propionate)
K00625	614_1	53	57	0.929824561403509	-0.529193235376825	0.243656462801689	Bacillota	Clostridia	Lachnospirales	Lachnospiraceae	Mediterraneibacter	Mediterraneibacter lactaris	SCFA (propionate)
K00625	615_1	79	89	0.887640449438202	0.580059154903108	0.0795060788865612	Bacillota	Clostridia	Lachnospirales	Lachnospiraceae	Mediterraneibacter	Mediterraneibacter faecis	SCFA (propionate)
K00625	616_1	22	30	0.733333333333333	-0.373281087895959	0.632623001860102	Bacillota	Clostridia	Lachnospirales	Lachnospiraceae	Bariatricus	Bariatricus comes	SCFA (propionate)
K00625	617_1	3	4	0.75									SCFA (propionate)
K00625	618_1	34	47	0.723404255319149	-0.0335793821109907	0.97869908170741	Bacillota	Clostridia	Lachnospirales	Lachnospiraceae	Dorea_A	Dorea_A sp019421265	SCFA (propionate)
K00625	618_2	35	48	0.729166666666667	-0.439606813084421	0.599296942781166	Bacillota	Clostridia	Lachnospirales	Lachnospiraceae	Dorea_A	Dorea_A longicatena	SCFA (propionate)
K00625	619_1	49	55	0.890909090909091	-0.634037777400313	0.163423091828184	Bacillota	Clostridia	Lachnospirales	Lachnospiraceae	Dorea	Dorea formicigenerans	SCFA (propionate)
K00625	621_1	80	84	0.952380952380952	0.797670832251992	0.0112054972010675	Bacillota	Clostridia	Lachnospirales	Lachnospiraceae	Mediterraneibacter	Mediterraneibacter torques	SCFA (propionate)
K00625	622_1	2	2	1									SCFA (propionate)
K00625	623_1	17	19	0.894736842105263	0.782161100459263	0.239302467497399	Bacillota	Clostridia	Lachnospirales	Lachnospiraceae	Schaedlerella	Schaedlerella glycyrrhizinilytica_A	SCFA (propionate)
K00625	624_1	5	6	0.833333333333333									SCFA (propionate)
K00625	626_1	1	1	1									SCFA (propionate)
K00625	627_1	1	1	1									SCFA (propionate)
K00625	628_1	1	1	1									SCFA (propionate)
K00625	629_1	30	32	0.9375	0.173994413621363	0.781911157646849	Bacillota	Clostridia	Lachnospirales	Lachnospiraceae	Sellimonas	Sellimonas intestinalis	SCFA (propionate)
K00625	62_1	2	2	1									SCFA (propionate)
K00625	630_1	3	3	1									SCFA (propionate)
K00625	631_1	1	1	1									SCFA (propionate)
K00625	632_1	1	1	1									SCFA (propionate)
K00625	633_1	59	75	0.786666666666667	-0.108000833496613	0.874535489671309	Bacillota	Clostridia	Lachnospirales	Lachnospiraceae	Ruminococcus_B	Ruminococcus_B gnavus	SCFA (propionate)
K00625	634_1	1	1	1									SCFA (propionate)
K00625	635_1	1	2	0.5									SCFA (propionate)
K00625	636_1	5	6	0.833333333333333									SCFA (propionate)
K00625	637_1	2	3	0.666666666666667									SCFA (propionate)
K00625	637_2	7	9	0.777777777777778									SCFA (propionate)
K00625	638_1	1	1	1									SCFA (propionate)
K00625	639_1	1	1	1									SCFA (propionate)
K00625	63_1	27	27	1	-0.019121129374136	0.987596417076079	Bacillota	Bacilli	Lactobacillales	Lactobacillaceae	Latilactobacillus	Latilactobacillus sakei	SCFA (propionate)
K00625	640_1	1	1	1									SCFA (propionate)
K00625	641_1	1	1	1									SCFA (propionate)
K00625	642_1	1	1	1									SCFA (propionate)
K00625	643_1	1	2	0.5									SCFA (propionate)
K00625	649_1	1	1	1									SCFA (propionate)
K00625	64_1	4	5	0.8									SCFA (propionate)
K00625	650_1	1	1	1									SCFA (propionate)
K00625	651_1	1	1	1									SCFA (propionate)
K00625	652_1	1	1	1									SCFA (propionate)
K00625	653_1	4	4	1									SCFA (propionate)
K00625	654_1	2	2	1									SCFA (propionate)
K00625	655_1	1	1	1									SCFA (propionate)
K00625	656_1	1	1	1									SCFA (propionate)
K00625	65_1	1	1	1									SCFA (propionate)
K00625	663_1	3	3	1									SCFA (propionate)
K00625	664_1	1	1	1									SCFA (propionate)
K00625	665_1	1	1	1									SCFA (propionate)
K00625	669_1	8	11	0.727272727272727	-0.816420843338708	0.120516227904004	Bacillota	Clostridia	Lachnospirales	Lachnospiraceae	Limivivens	Limivivens sp905214955	SCFA (propionate)
K00625	66_1	1	1	1									SCFA (propionate)
K00625	66_2	8	8	1									SCFA (propionate)
K00625	670_1	1	1	1									SCFA (propionate)
K00625	671_1	164	172	0.953488372093023	0.549854492991251	0.262433818899557	Bacillota	Clostridia	Lachnospirales	Lachnospiraceae	Anaerostipes	Anaerostipes hadrus	SCFA (propionate)
K00625	671_2	9	12	0.75	-0.0230868003992087	0.984636756118392	Bacillota	Clostridia	Lachnospirales	Lachnospiraceae	Anaerostipes	Anaerostipes amylophilus	SCFA (propionate)
K00625	672_1	134	136	0.985294117647059	0.370003371179614	0.495263230965692	Bacillota	Clostridia	Lachnospirales	Lachnospiraceae	Anaerobutyricum	Anaerobutyricum hallii	SCFA (propionate)
K00625	673_1	51	51	1	0.212699248990672	0.789180285008668	Bacillota	Clostridia	Lachnospirales	Lachnospiraceae	Anaerobutyricum	Anaerobutyricum soehngenii	SCFA (propionate)
K00625	674_1	1	1	1									SCFA (propionate)
K00625	675_1	164	186	0.881720430107527	0.905179036869504	0.141624400887205	Bacillota	Clostridia	Lachnospirales	Lachnospiraceae	Fusicatenibacter	Fusicatenibacter saccharivorans	SCFA (propionate)
K00625	676_1	3	4	0.75									SCFA (propionate)
K00625	678_1	32	36	0.888888888888889	1.01113164271323	0.0961411899936891	Bacillota	Clostridia	Lachnospirales	Lachnospiraceae	Blautia_A	Blautia_A caecimuris	SCFA (propionate)
K00625	679_1	2	2	1									SCFA (propionate)
K00625	67_1	1	1	1									SCFA (propionate)
K00625	680_1	16	28	0.571428571428571	-0.31822628288637	0.699329897153679	Bacillota	Clostridia	Lachnospirales	Lachnospiraceae	Blautia_A	Blautia_A intestinihominis	SCFA (propionate)
K00625	681_1	21	27	0.777777777777778	-0.268815823492539	0.788367045111025	Bacillota	Clostridia	Lachnospirales	Lachnospiraceae	Blautia_A	Blautia_A obeum	SCFA (propionate)
K00625	681_2	2	2	1									SCFA (propionate)
K00625	682_1	7	8	0.875									SCFA (propionate)
K00625	682_2	1	1	1									SCFA (propionate)
K00625	683_1	5	9	0.555555555555556									SCFA (propionate)
K00625	683_2	1	2	0.5									SCFA (propionate)
K00625	684_1	4	6	0.666666666666667									SCFA (propionate)
K00625	684_2	86	105	0.819047619047619	0.40025648902236	0.501567075761143	Bacillota	Clostridia	Lachnospirales	Lachnospiraceae	Blautia_A	Blautia_A fusiformis	SCFA (propionate)
K00625	684_3	2	4	0.5									SCFA (propionate)
K00625	684_4	1	1	1									SCFA (propionate)
K00625	684_5	2	3	0.666666666666667									SCFA (propionate)
K00625	685_2	1	1	1									SCFA (propionate)
K00625	687_1	8	10	0.8	-0.739216562131549	0.140676023121156	Bacillota	Clostridia	Lachnospirales	Lachnospiraceae	Blautia_A	Blautia_A sp003471165	SCFA (propionate)
K00625	687_2	1	1	1									SCFA (propionate)
K00625	687_3	1	1	1									SCFA (propionate)
K00625	688_1	2	2	1									SCFA (propionate)
K00625	689_1	132	152	0.868421052631579	0.345740421168533	0.613432355895215	Bacillota	Clostridia	Lachnospirales	Lachnospiraceae	Blautia_A	Blautia_A wexlerae	SCFA (propionate)
K00625	689_2	2	2	1									SCFA (propionate)
K00625	68_1	1	1	1									SCFA (propionate)
K00625	690_1	13	17	0.764705882352941	-0.18629011572555	0.716644473768369	Bacillota	Clostridia	Lachnospirales	Lachnospiraceae	Blautia_A	Blautia_A acetigignens	SCFA (propionate)
K00625	690_2	1	1	1									SCFA (propionate)
K00625	691_1	84	102	0.823529411764706	0.255816203361653	0.589314244068348	Bacillota	Clostridia	Lachnospirales	Lachnospiraceae	Blautia_A	Blautia_A faecis	SCFA (propionate)
K00625	691_2	2	3	0.666666666666667									SCFA (propionate)
K00625	692_1	1	1	1									SCFA (propionate)
K00625	694_3	1	1	1									SCFA (propionate)
K00625	695_1	1	1	1									SCFA (propionate)
K00625	696_1	8	9	0.888888888888889									SCFA (propionate)
K00625	697_1	10	12	0.833333333333333	-0.78941452979126	0.18243459597151	Bacillota	Clostridia	Lachnospirales	Lachnospiraceae	Hominifimenecus	Hominifimenecus microfluidus	SCFA (propionate)
K00625	69_1	2	2	1									SCFA (propionate)
K00625	701_1	10	12	0.833333333333333	-0.213140673170657	0.770318580797188	Bacillota	Clostridia	Lachnospirales	Lachnospiraceae	CAG-882	CAG-882 sp003486385	SCFA (propionate)
K00625	702_1	7	8	0.875									SCFA (propionate)
K00625	703_1	3	3	1									SCFA (propionate)
K00625	704_1	59	65	0.907692307692308	-0.386927042494291	0.428464365247671	Bacillota	Clostridia	Lachnospirales	Lachnospiraceae	Oliverpabstia	Oliverpabstia tarda	SCFA (propionate)
K00625	704_2	23	26	0.884615384615385	-0.420615476281388	0.53121493408492	Bacillota	Clostridia	Lachnospirales	Lachnospiraceae	Oliverpabstia	Oliverpabstia faecicola	SCFA (propionate)
K00625	705_1	22	25	0.88	-0.594206795190536	0.2575135271958	Bacillota	Clostridia	Lachnospirales	Lachnospiraceae	Roseburia_C	Roseburia_C amylophila	SCFA (propionate)
K00625	706_1	4	4	1									SCFA (propionate)
K00625	707_1	153	158	0.968354430379747	0.0523203455247144	0.943770492010822	Bacillota	Clostridia	Lachnospirales	Lachnospiraceae	Agathobacter	Agathobacter rectalis	SCFA (propionate)
K00625	708_1	8	11	0.727272727272727	-0.309612447603738	0.738784161890317	Bacillota	Clostridia	Lachnospirales	Lachnospiraceae	Agathobacter	Agathobacter sp900543445	SCFA (propionate)
K00625	709_1	2	2	1									SCFA (propionate)
K00625	70_1	4	5	0.8									SCFA (propionate)
K00625	710_1	141	150	0.94	0.85480296272283	0.0514282804776056	Bacillota	Clostridia	Lachnospirales	Lachnospiraceae	Agathobacter	Agathobacter faecis	SCFA (propionate)
K00625	711_1	5	5	1									SCFA (propionate)
K00625	712_1	31	40	0.775	-0.0267325133658708	0.984636756118392	Bacillota	Clostridia	Lachnospirales	Lachnospiraceae	Roseburia	Roseburia intestinalis	SCFA (propionate)
K00625	712_2	5	6	0.833333333333333									SCFA (propionate)
K00625	713_1	3	5	0.6									SCFA (propionate)
K00625	714_1	48	64	0.75	0.205455841668231	0.705786770019968	Bacillota	Clostridia	Lachnospirales	Lachnospiraceae	Roseburia	Roseburia inulinivorans	SCFA (propionate)
K00625	714_2	1	1	1									SCFA (propionate)
K00625	71_1	2	2	1									SCFA (propionate)
K00625	720_1	6	6	1									SCFA (propionate)
K00625	721_1	16	19	0.842105263157895	-0.136832962652323	0.874535489671309	Bacillota	Clostridia	Lachnospirales	Lachnospiraceae	CAG-303	CAG-303 sp000437755	SCFA (propionate)
K00625	722_1	1	1	1									SCFA (propionate)
K00625	723_1	1	1	1									SCFA (propionate)
K00625	725_1	1	1	1									SCFA (propionate)
K00625	727_1	1	1	1									SCFA (propionate)
K00625	728_1	1	1	1									SCFA (propionate)
K00625	729_1	13	13	1	-1.4389605436868	0.00240146105029924	Bacillota	Clostridia	Lachnospirales	Lachnospiraceae	Butyrivibrio_A	Butyrivibrio_A crossota	SCFA (propionate)
K00625	72_1	6	6	1									SCFA (propionate)
K00625	730_1	7	7	1									SCFA (propionate)
K00625	731_1	10	11	0.909090909090909	-2.04871525105564	0.00496405451323191	Bacillota	Clostridia	Lachnospirales	Lachnospiraceae	CAG-194	CAG-194 sp000432915	SCFA (propionate)
K00625	732_1	2	2	1									SCFA (propionate)
K00625	733_1	12	13	0.923076923076923	-1.89879920477747	0.0442997574675555	Bacillota	Clostridia	Lachnospirales	Lachnospiraceae	Suilimivivens	Suilimivivens sp000438155	SCFA (propionate)
K00625	734_1	1	1	1									SCFA (propionate)
K00625	735_1	1	3	0.333333333333333									SCFA (propionate)
K00625	736_1	77	91	0.846153846153846	0.136674458664275	0.814141225401884	Bacillota	Clostridia	Lachnospirales	Lachnospiraceae	Coprococcus_A	Coprococcus_A intestinihominis	SCFA (propionate)
K00625	736_2	14	14	1	-0.240745877707547	0.763601773509143	Bacillota	Clostridia	Lachnospirales	Lachnospiraceae	Coprococcus_A	Coprococcus_A catus	SCFA (propionate)
K00625	737_1	60	71	0.845070422535211	-0.493288302160901	0.304583391340693	Bacillota	Clostridia	Lachnospirales	Lachnospiraceae	Roseburia	Roseburia hominis	SCFA (propionate)
K00625	738_1	7	8	0.875									SCFA (propionate)
K00625	739_1	10	14	0.714285714285714	-0.699920988415974	0.0388195187070003	Bacillota	Clostridia	Lachnospirales	Lachnospiraceae	Suilimivivens	Suilimivivens aceti	SCFA (propionate)
K00625	741_1	4	4	1									SCFA (propionate)
K00625	742_1	31	35	0.885714285714286	0.261407436398267	0.654951089379597	Bacillota	Clostridia	Lachnospirales	Lachnospiraceae	Otoolea	Otoolea sp000435655	SCFA (propionate)
K00625	744_1	15	17	0.882352941176471	0.409466631563058	0.498146507310334	Bacillota	Clostridia	Lachnospirales	Lachnospiraceae	Brotaphodocola	Brotaphodocola sp900538475	SCFA (propionate)
K00625	744_2	1	1	1									SCFA (propionate)
K00625	745_1	7	9	0.777777777777778									SCFA (propionate)
K00625	746_1	2	2	1									SCFA (propionate)
K00625	747_1	1	1	1									SCFA (propionate)
K00625	747_2	3	3	1									SCFA (propionate)
K00625	747_3	3	4	0.75									SCFA (propionate)
K00625	748_1	29	39	0.743589743589744	-0.789974310512618	0.132634441365631	Bacillota	Clostridia	Lachnospirales	Lachnospiraceae	Brotaphodocola	Brotaphodocola sp003480315	SCFA (propionate)
K00625	748_2	14	17	0.823529411764706	-0.257033069994511	0.621007671806081	Bacillota	Clostridia	Lachnospirales	Lachnospiraceae	Brotaphodocola	Brotaphodocola sp003478505	SCFA (propionate)
K00625	749_1	147	159	0.924528301886792	-0.138641879962926	0.870212501843107	Bacillota	Clostridia	Lachnospirales	Lachnospiraceae	Otoolea	Otoolea fessa	SCFA (propionate)
K00625	74_1	1	1	1									SCFA (propionate)
K00625	750_1	19	23	0.826086956521739	0.0750243767748776	0.935556466053977	Bacillota	Clostridia	Lachnospirales	Lachnospiraceae	Alitiscatomonas	Alitiscatomonas aceti	SCFA (propionate)
K00625	751_1	2	2	1									SCFA (propionate)
K00625	752_1	89	124	0.717741935483871	0.503170989056048	0.24030078660895	Bacillota	Clostridia	Lachnospirales	Lachnospiraceae	Pilosibacter	Pilosibacter fragilis	SCFA (propionate)
K00625	752_2	13	19	0.68421052631579	-0.694497039462135	0.269478383177635	Bacillota	Clostridia	Lachnospirales	Lachnospiraceae	Pilosibacter	Pilosibacter sp900066785	SCFA (propionate)
K00625	752_3	4	5	0.8									SCFA (propionate)
K00625	753_1	3	6	0.5									SCFA (propionate)
K00625	754_1	1	3	0.333333333333333									SCFA (propionate)
K00625	755_1	3	3	1									SCFA (propionate)
K00625	756_1	97	109	0.889908256880734	0.201675598319069	0.72237476333877	Bacillota	Clostridia	Lachnospirales	Lachnospiraceae	Enterocloster	Enterocloster sp000431375	SCFA (propionate)
K00625	756_2	22	27	0.814814814814815	-1.29505069239	0.0209923087006977	Bacillota	Clostridia	Lachnospirales	Lachnospiraceae	Enterocloster	Enterocloster sp900541315	SCFA (propionate)
K00625	756_3	1	1	1									SCFA (propionate)
K00625	757_1	2	2	1									SCFA (propionate)
K00625	758_1	50	60	0.833333333333333	0.793121393333542	0.0436629946280636	Bacillota	Clostridia	Lachnospirales	Lachnospiraceae	Enterocloster	Enterocloster sp001517625	SCFA (propionate)
K00625	759_1	6	6	1									SCFA (propionate)
K00625	75_1	4	4	1									SCFA (propionate)
K00625	760_1	19	22	0.863636363636364	0.0368994370031712	0.982138997559126	Bacillota	Clostridia	Lachnospirales	Lachnospiraceae	Enterocloster	Enterocloster bolteae	SCFA (propionate)
K00625	760_2	2	2	1									SCFA (propionate)
K00625	761_1	3	4	0.75									SCFA (propionate)
K00625	762_1	1	1	1									SCFA (propionate)
K00625	766_1	5	5	1									SCFA (propionate)
K00625	767_1	1	1	1									SCFA (propionate)
K00625	768_1	8	10	0.8	-0.701307921547448	0.447459765061962	Bacillota	Clostridia	Oscillospirales	Oscillospiraceae	Pseudoscillospira	Pseudoscillospira sp018369915	SCFA (propionate)
K00625	769_1	1	1	1									SCFA (propionate)
K00625	76_1	2	2	1									SCFA (propionate)
K00625	770_1	1	1	1									SCFA (propionate)
K00625	77_1	2	2	1									SCFA (propionate)
K00625	782_1	1	4	0.25									SCFA (propionate)
K00625	78_1	7	7	1									SCFA (propionate)
K00625	793_1	14	20	0.7	0.0182992085256098	0.988824579111552	Bacillota	Clostridia	Oscillospirales	Oscillospiraceae	Vescimonas	Vescimonas sp900552475	SCFA (propionate)
K00625	794_1	1	1	1									SCFA (propionate)
K00625	795_1	3	4	0.75									SCFA (propionate)
K00625	796_1	22	30	0.733333333333333	-1.23795906092458	0.0100451692473277	Bacillota	Clostridia	Oscillospirales	Oscillospiraceae	Oscillibacter	Oscillibacter faecalis_A	SCFA (propionate)
K00625	797_1	5	6	0.833333333333333									SCFA (propionate)
K00625	798_1	4	7	0.571428571428571									SCFA (propionate)
K00625	798_2	1	1	1									SCFA (propionate)
K00625	799_1	68	74	0.918918918918919	-0.776853759802547	0.120516227904004	Bacillota	Clostridia	Oscillospirales	Oscillospiraceae	Oscillibacter	Oscillibacter segnis	SCFA (propionate)
K00625	79_1	1	3	0.333333333333333									SCFA (propionate)
K00625	800_1	7	10	0.7	0.110442036972473	0.92421851635924	Bacillota	Clostridia	Oscillospirales	Oscillospiraceae	Oscillibacter	Oscillibacter sp004553545	SCFA (propionate)
K00625	800_2	2	2	1									SCFA (propionate)
K00625	801_1	2	5	0.4									SCFA (propionate)
K00625	802_1	4	4	1									SCFA (propionate)
K00625	803_1	62	72	0.861111111111111	0.411982190890581	0.283570468563814	Bacillota	Clostridia	Oscillospirales	Oscillospiraceae	Oscillibacter	Oscillibacter welbionis	SCFA (propionate)
K00625	804_1	3	3	1									SCFA (propionate)
K00625	804_2	2	2	1									SCFA (propionate)
K00625	805_1	1	1	1									SCFA (propionate)
K00625	807_1	1	1	1									SCFA (propionate)
K00625	809_1	1	1	1									SCFA (propionate)
K00625	80_1	1	1	1									SCFA (propionate)
K00625	810_1	1	2	0.5									SCFA (propionate)
K00625	815_1	21	24	0.875	-0.182268885487624	0.82219849779642	Bacillota	Clostridia	Oscillospirales	Oscillospiraceae	Evtepia	Evtepia sp004556345	SCFA (propionate)
K00625	816_1	50	58	0.862068965517241	0.235566730641866	0.699329897153679	Bacillota	Clostridia	Oscillospirales	Oscillospiraceae	Evtepia	Evtepia gabavorous	SCFA (propionate)
K00625	816_2	1	1	1									SCFA (propionate)
K00625	817_1	11	11	1	-0.253496602763489	0.711876656380579	Bacillota	Clostridia	Oscillospirales	Oscillospiraceae	Evtepia	Evtepia excrementipullorum	SCFA (propionate)
K00625	819_1	1	1	1									SCFA (propionate)
K00625	81_1	48	50	0.96	-0.799783575649938	0.140691791141007	Bacillota	Bacilli	Lactobacillales	Lactobacillaceae	Ligilactobacillus	Ligilactobacillus ruminis	SCFA (propionate)
K00625	820_1	1	1	1									SCFA (propionate)
K00625	821_1	1	1	1									SCFA (propionate)
K00625	822_1	2	2	1									SCFA (propionate)
K00625	823_1	4	4	1									SCFA (propionate)
K00625	824_1	63	76	0.828947368421053	0.738462596010375	0.0209391090362036	Bacillota	Clostridia	Oscillospirales	Oscillospiraceae	Flavonifractor	Flavonifractor plautii	SCFA (propionate)
K00625	826_1	1	1	1									SCFA (propionate)
K00625	827_1	2	5	0.4									SCFA (propionate)
K00625	828_1	3	4	0.75									SCFA (propionate)
K00625	829_1	3	3	1									SCFA (propionate)
K00625	82_1	4	5	0.8									SCFA (propionate)
K00625	830_1	13	15	0.866666666666667	-0.0375926652935947	0.960890051163765	Bacillota	Clostridia	Oscillospirales	Oscillospiraceae	Lawsonibacter	Lawsonibacter sp900549405	SCFA (propionate)
K00625	830_2	3	3	1									SCFA (propionate)
K00625	831_1	38	44	0.863636363636364	-0.131533534047394	0.856229299656494	Bacillota	Clostridia	Oscillospirales	Oscillospiraceae	Lawsonibacter	Lawsonibacter asaccharolyticus	SCFA (propionate)
K00625	832_1	23	29	0.793103448275862	0.456055836466899	0.494786812266898	Bacillota	Clostridia	Oscillospirales	Oscillospiraceae	Lawsonibacter	Lawsonibacter sp900066825	SCFA (propionate)
K00625	832_2	1	1	1									SCFA (propionate)
K00625	833_1	1	1	1									SCFA (propionate)
K00625	834_1	3	5	0.6									SCFA (propionate)
K00625	836_1	5	6	0.833333333333333									SCFA (propionate)
K00625	836_2	6	10	0.6	-0.187204081364751	0.874535489671309	Bacillota	Clostridia	Oscillospirales	Oscillospiraceae	Onthomonas	Onthomonas sp900545815	SCFA (propionate)
K00625	836_3	1	1	1									SCFA (propionate)
K00625	837_1	6	7	0.857142857142857									SCFA (propionate)
K00625	838_1	1	1	1									SCFA (propionate)
K00625	839_1	5	9	0.555555555555556									SCFA (propionate)
K00625	83_1	5	5	1									SCFA (propionate)
K00625	840_1	1	1	1									SCFA (propionate)
K00625	841_1	16	20	0.8	-1.10939139746334	0.0357065318678629	Bacillota	Clostridia	Oscillospirales	Oscillospiraceae	Faecousia	Faecousia sp900549705	SCFA (propionate)
K00625	842_1	13	14	0.928571428571429	-0.925657373513501	0.123424302358515	Bacillota	Clostridia	Oscillospirales	Oscillospiraceae	Faecousia	Faecousia sp900544945	SCFA (propionate)
K00625	843_1	19	20	0.95	-0.648070958572502	0.131900348557663	Bacillota	Clostridia	Oscillospirales	Oscillospiraceae	Faecousia	Faecousia sp000434635	SCFA (propionate)
K00625	843_2	8	8	1									SCFA (propionate)
K00625	844_1	19	22	0.863636363636364	-1.80901590865885	0.0010293237522104	Bacillota	Clostridia	Oscillospirales	Oscillospiraceae	Faecousia	Faecousia sp900540635	SCFA (propionate)
K00625	845_1	6	9	0.666666666666667									SCFA (propionate)
K00625	846_1	1	1	1									SCFA (propionate)
K00625	847_1	2	2	1									SCFA (propionate)
K00625	848_1	1	2	0.5									SCFA (propionate)
K00625	849_1	1	1	1									SCFA (propionate)
K00625	84_1	20	22	0.909090909090909	0.263807059614161	0.688715015596133	Bacillota	Bacilli	Lactobacillales	Lactobacillaceae	Weissella	Weissella cibaria	SCFA (propionate)
K00625	850_1	1	1	1									SCFA (propionate)
K00625	852_1	16	19	0.842105263157895	-1.09724232955907	0.0593613966864929	Bacillota	Clostridia	Oscillospirales	Oscillospiraceae	CAG-170	CAG-170 sp003516765	SCFA (propionate)
K00625	853_1	9	21	0.428571428571429	-0.414780070631746	0.301010476805866	Bacillota	Clostridia	Oscillospirales	Oscillospiraceae	CAG-170	""	SCFA (propionate)
K00625	854_1	1	2	0.5									SCFA (propionate)
K00625	855_1	17	21	0.80952380952381	-0.324603796938809	0.642074806786418	Bacillota	Clostridia	Oscillospirales	Oscillospiraceae	CAG-170	CAG-170 sp900553545	SCFA (propionate)
K00625	855_2	1	1	1									SCFA (propionate)
K00625	856_1	6	9	0.666666666666667									SCFA (propionate)
K00625	857_1	15	19	0.789473684210526	-0.701020869417381	0.157622252780984	Bacillota	Clostridia	Oscillospirales	Oscillospiraceae	CAG-170	CAG-170 sp002404795	SCFA (propionate)
K00625	857_2	1	1	1									SCFA (propionate)
K00625	858_1	14	15	0.933333333333333	-1.06809789574286	0.126524243007168	Bacillota	Clostridia	Oscillospirales	Oscillospiraceae	CAG-170	CAG-170 sp900545925	SCFA (propionate)
K00625	858_2	27	32	0.84375	-1.13214997178511	0.0791276931984622	Bacillota	Clostridia	Oscillospirales	Oscillospiraceae	CAG-170	CAG-170 sp000432135	SCFA (propionate)
K00625	858_3	1	1	1									SCFA (propionate)
K00625	859_1	47	62	0.758064516129032	-1.8320455739007	0.00283815123867424	Bacillota	Clostridia	Oscillospirales	Oscillospiraceae	Hominicoprocola	Hominicoprocola sp900317525	SCFA (propionate)
K00625	85_1	1	2	0.5									SCFA (propionate)
K00625	860_1	2	2	1									SCFA (propionate)
K00625	861_1	106	115	0.921739130434783	-0.0898050840389248	0.894416768358531	Bacillota	Clostridia	Oscillospirales	Oscillospiraceae	Hominicoprocola	Hominicoprocola fusiformis	SCFA (propionate)
K00625	861_2	2	3	0.666666666666667									SCFA (propionate)
K00625	862_1	1	1	1									SCFA (propionate)
K00625	863_1	1	2	0.5									SCFA (propionate)
K00625	864_1	40	49	0.816326530612245	-0.412637272055794	0.501567075761143	Bacillota	Clostridia	Oscillospirales	Oscillospiraceae	Faecousia	Faecousia intestinalis	SCFA (propionate)
K00625	866_1	1	1	1									SCFA (propionate)
K00625	867_1	17	20	0.85	-1.37302066211382	0.0133806853375269	Bacillota	Clostridia	Oscillospirales	Oscillospiraceae	Limivicinus	Limivicinus sp003150355	SCFA (propionate)
K00625	867_2	1	1	1									SCFA (propionate)
K00625	868_1	14	18	0.777777777777778	-0.558117867798363	0.333199402533618	Bacillota	Clostridia	Oscillospirales	Oscillospiraceae	Limivicinus	Limivicinus sp900547315	SCFA (propionate)
K00625	868_2	2	2	1									SCFA (propionate)
K00625	869_1	5	5	1									SCFA (propionate)
K00625	870_1	7	11	0.636363636363636	-0.128528067943258	0.855856822026673	Bacillota	Clostridia	Oscillospirales	Oscillospiraceae	F23-B02	F23-B02 sp001916715	SCFA (propionate)
K00625	871_1	6	6	1									SCFA (propionate)
K00625	871_2	9	9	1									SCFA (propionate)
K00625	871_3	39	42	0.928571428571429	-0.649418418403834	0.148007227288229	Bacillota	Clostridia	Oscillospirales	Oscillospiraceae	CAG-103	CAG-103 sp900543625	SCFA (propionate)
K00625	871_4	47	53	0.886792452830189	0.0392967111723353	0.959720341655165	Bacillota	Clostridia	Oscillospirales	Oscillospiraceae	CAG-103	CAG-103 sp000432375	SCFA (propionate)
K00625	872_1	2	2	1									SCFA (propionate)
K00625	873_1	30	31	0.967741935483871	-0.687694640272151	0.0831275357601202	Bacillota	Clostridia	Oscillospirales	Oscillospiraceae	Apopatocola	Apopatocola sp003522945	SCFA (propionate)
K00625	876_1	1	1	1									SCFA (propionate)
K00625	877_1	2	4	0.5									SCFA (propionate)
K00625	879_1	110	130	0.846153846153846	0.427294764906586	0.437227229988097	Bacillota	Clostridia	Oscillospirales	Ruminococcaceae	Faecalibacterium	Faecalibacterium longum	SCFA (propionate)
K00625	879_2	3	4	0.75									SCFA (propionate)
K00625	879_3	1	2	0.5									SCFA (propionate)
K00625	87_1	5	5	1									SCFA (propionate)
K00625	880_1	46	60	0.766666666666667	-0.492274218581123	0.483468909616883	Bacillota	Clostridia	Oscillospirales	Ruminococcaceae	Faecalibacterium	Faecalibacterium prausnitzii_E	SCFA (propionate)
K00625	880_2	1	1	1									SCFA (propionate)
K00625	881_1	7	10	0.7	-1.56863516181883	0.00946480686413603	Bacillota	Clostridia	Oscillospirales	Ruminococcaceae	Faecalibacterium	Faecalibacterium hattorii	SCFA (propionate)
K00625	881_2	1	1	1									SCFA (propionate)
K00625	882_1	80	92	0.869565217391304	0.253167645672424	0.615729532216391	Bacillota	Clostridia	Oscillospirales	Ruminococcaceae	Faecalibacterium	Faecalibacterium prausnitzii	SCFA (propionate)
K00625	882_10	1	1	1									SCFA (propionate)
K00625	882_11	1	1	1									SCFA (propionate)
K00625	882_3	1	1	1									SCFA (propionate)
K00625	882_4	3	3	1									SCFA (propionate)
K00625	882_5	6	6	1									SCFA (propionate)
K00625	882_8	1	1	1									SCFA (propionate)
K00625	882_9	2	2	1									SCFA (propionate)
K00625	883_1	84	92	0.91304347826087	-0.00503794240808762	0.998990799564075	Bacillota	Clostridia	Oscillospirales	Ruminococcaceae	Faecalibacterium	Faecalibacterium taiwanense	SCFA (propionate)
K00625	883_2	1	1	1									SCFA (propionate)
K00625	883_3	1	4	0.25									SCFA (propionate)
K00625	883_4	1	1	1									SCFA (propionate)
K00625	883_5	1	1	1									SCFA (propionate)
K00625	884_1	49	72	0.680555555555556	0.0815000547282205	0.917709957555471	Bacillota	Clostridia	Oscillospirales	Ruminococcaceae	Faecalibacterium	Faecalibacterium sp900539945	SCFA (propionate)
K00625	884_2	2	2	1									SCFA (propionate)
K00625	884_3	1	1	1									SCFA (propionate)
K00625	884_4	1	1	1									SCFA (propionate)
K00625	885_2	1	1	1									SCFA (propionate)
K00625	885_3	2	2	1									SCFA (propionate)
K00625	886_1	21	26	0.807692307692308	-1.01226855596882	0.0178397243368271	Bacillota	Clostridia	Oscillospirales	Ruminococcaceae	Faecalibacterium	Faecalibacterium prausnitzii_I	SCFA (propionate)
K00625	887_1	74	80	0.925	0.215348386702986	0.682851505582824	Bacillota	Clostridia	Oscillospirales	Ruminococcaceae	Faecalibacterium	Faecalibacterium duncaniae	SCFA (propionate)
K00625	887_2	1	1	1									SCFA (propionate)
K00625	887_3	3	3	1									SCFA (propionate)
K00625	888_1	1	1	1									SCFA (propionate)
K00625	889_1	103	120	0.858333333333333	0.0538566884983013	0.943770492010822	Bacillota	Clostridia	Oscillospirales	Ruminococcaceae	Gemmiger	Gemmiger qucibialis	SCFA (propionate)
K00625	88_1	5	5	1									SCFA (propionate)
K00625	890_1	37	49	0.755102040816326	-0.25582819652178	0.635739753893684	Bacillota	Clostridia	Oscillospirales	Ruminococcaceae	Gemmiger	Gemmiger sp900539695	SCFA (propionate)
K00625	891_1	1	1	1									SCFA (propionate)
K00625	892_1	10	12	0.833333333333333	-1.27323347729359	0.00240933426296081	Bacillota	Clostridia	Oscillospirales	Ruminococcaceae	Gemmiger	Gemmiger sp900554145	SCFA (propionate)
K00625	892_2	1	1	1									SCFA (propionate)
K00625	893_1	127	140	0.907142857142857	0.19495488044412	0.778322092567065	Bacillota	Clostridia	Oscillospirales	Ruminococcaceae	Gemmiger	Gemmiger formicilis	SCFA (propionate)
K00625	894_1	5	5	1									SCFA (propionate)
K00625	895_1	16	21	0.761904761904762	-0.933504967344803	0.0831275357601202	Bacillota	Clostridia	Oscillospirales	Ruminococcaceae	Gemmiger	Gemmiger sp900540595	SCFA (propionate)
K00625	896_1	1	1	1									SCFA (propionate)
K00625	89_1	9	9	1									SCFA (propionate)
K00625	901_1	1	1	1									SCFA (propionate)
K00625	902_1	7	7	1									SCFA (propionate)
K00625	903_1	28	31	0.903225806451613	-0.103816619834537	0.917709957555471	Verrucomicrobiota	Verrucomicrobiia	Verrucomicrobiales	Akkermansiaceae	Akkermansia	Akkermansia muciniphila	SCFA (propionate)
K00625	903_2	1	1	1									SCFA (propionate)
K00625	904_1	1	1	1									SCFA (propionate)
K00625	905_1	1	1	1									SCFA (propionate)
K00625	907_1	1	1	1									SCFA (propionate)
K00625	909_1	1	1	1									SCFA (propionate)
K00625	909_2	1	1	1									SCFA (propionate)
K00625	910_1	79	88	0.897727272727273	0.473047598612671	0.304583391340693	Pseudomonadota	Gammaproteobacteria	Enterobacterales	Enterobacteriaceae	Escherichia	Escherichia coli	SCFA (propionate)
K00625	915_1	3	3	1									SCFA (propionate)
K00625	915_2	4	4	1									SCFA (propionate)
K00625	915_3	35	36	0.972222222222222	0.134378032138443	0.917709957555471	Pseudomonadota	Gammaproteobacteria	Enterobacterales	Enterobacteriaceae	Klebsiella	Klebsiella pneumoniae	SCFA (propionate)
K00625	91_1	1	1	1									SCFA (propionate)
K00625	920_1	2	2	1									SCFA (propionate)
K00625	924_1	3	3	1									SCFA (propionate)
K00625	925_1	14	19	0.736842105263158	0.295612115197816	0.487289334851808	Bacillota	Clostridia	Peptostreptococcales	Anaerovoracaceae	Lentihominibacter	Lentihominibacter faecis	SCFA (propionate)
K00625	926_1	7	9	0.777777777777778									SCFA (propionate)
K00625	927_1	2	3	0.666666666666667									SCFA (propionate)
K00625	928_1	13	16	0.8125	-0.412721012501429	0.313508405541162	Bacillota	Clostridia	Peptostreptococcales	Anaerovoracaceae	CAG-238	CAG-238 sp900551415	SCFA (propionate)
K00625	928_2	9	13	0.692307692307692	-1.09938580695589	0.0623596104399875	Bacillota	Clostridia	Peptostreptococcales	Anaerovoracaceae	CAG-238	CAG-238 sp900542245	SCFA (propionate)
K00625	928_3	1	1	1									SCFA (propionate)
K00625	92_1	10	11	0.909090909090909	0.427671325621426	0.501567075761143	Bacillota	Bacilli	Lactobacillales	Lactobacillaceae	Weissella	Weissella koreensis	SCFA (propionate)
K00625	930_1	1	1	1									SCFA (propionate)
K00625	932_1	1	2	0.5									SCFA (propionate)
K00625	933_1	6	6	1									SCFA (propionate)
K00625	934_1	9	11	0.818181818181818	-0.41931158710435	0.699473689670921	Verrucomicrobiota	Lentisphaeria	Victivallales	Victivallaceae	Victivallis	Victivallis lenta	SCFA (propionate)
K00625	935_1	1	1	1									SCFA (propionate)
K00625	936_1	1	2	0.5									SCFA (propionate)
K00625	937_1	13	13	1	-0.241923571364727	0.688715015596133	Verrucomicrobiota	Lentisphaeria	Victivallales	UBA1829	UBA11452	UBA11452 sp003526375	SCFA (propionate)
K00625	938_1	1	1	1									SCFA (propionate)
K00625	93_1	7	8	0.875									SCFA (propionate)
K00625	945_1	2	4	0.5									SCFA (propionate)
K00625	948_1	11	11	1	-0.0979922819887544	0.92352297586185	Pseudomonadota	Alphaproteobacteria	RF32	CAG-239	Scatocola	Scatocola faecipullorum	SCFA (propionate)
K00625	949_1	2	2	1									SCFA (propionate)
K00625	94_1	1	1	1									SCFA (propionate)
K00625	950_1	3	4	0.75									SCFA (propionate)
K00625	951_1	1	1	1									SCFA (propionate)
K00625	953_1	1	1	1									SCFA (propionate)
K00625	954_1	4	4	1									SCFA (propionate)
K00625	955_1	7	7	1									SCFA (propionate)
K00625	958_1	8	9	0.888888888888889									SCFA (propionate)
K00625	959_1	1	1	1									SCFA (propionate)
K00625	95_1	1	1	1									SCFA (propionate)
K00625	960_1	1	2	0.5									SCFA (propionate)
K00625	961_1	1	1	1									SCFA (propionate)
K00625	962_1	1	1	1									SCFA (propionate)
K00625	963_1	6	6	1									SCFA (propionate)
K00625	964_1	11	12	0.916666666666667	-0.533625056759914	0.2575135271958	Bacteroidota	Bacteroidia	Bacteroidales	Muribaculaceae	Sodaliphilus	Sodaliphilus pleomorphus	SCFA (propionate)
K00625	965_1	4	4	1									SCFA (propionate)
K00625	966_1	1	1	1									SCFA (propionate)
K00625	967_1	1	1	1									SCFA (propionate)
K00625	968_1	3	4	0.75									SCFA (propionate)
K00625	969_1	6	6	1									SCFA (propionate)
K00625	96_1	1	1	1									SCFA (propionate)
K00625	970_1	1	1	1									SCFA (propionate)
K00625	971_1	3	3	1									SCFA (propionate)
K00625	972_1	1	1	1									SCFA (propionate)
K00625	973_1	19	19	1	-1.67574098582769	0.0623596104399875	Bacteroidota	Bacteroidia	Bacteroidales	Bacteroidaceae	Alloprevotella	Alloprevotella sp900539625	SCFA (propionate)
K00625	974_1	15	15	1	-0.0784205551231295	0.948225710639292	Bacteroidota	Bacteroidia	Bacteroidales	Bacteroidaceae	Alloprevotella	Alloprevotella timonensis	SCFA (propionate)
K00625	975_1	18	18	1	-0.523489156863972	0.454402479822528	Bacteroidota	Bacteroidia	Bacteroidales	Bacteroidaceae	Alloprevotella	Alloprevotella sp900540885	SCFA (propionate)
K00625	976_1	1	1	1									SCFA (propionate)
K00625	977_1	10	10	1	-0.502972589415875	0.365961078393476	Bacteroidota	Bacteroidia	Bacteroidales	Bacteroidaceae	Prevotella	Prevotella sp000436915	SCFA (propionate)
K00625	978_1	68	74	0.918918918918919	-0.585820526876515	0.381094120851295	Bacteroidota	Bacteroidia	Bacteroidales	Bacteroidaceae	Prevotella	Prevotella sp934191715	SCFA (propionate)
K00625	978_3	2	2	1									SCFA (propionate)
K00625	978_4	1	1	1									SCFA (propionate)
K00625	979_1	4	5	0.8									SCFA (propionate)
K00625	97_1	3	6	0.5									SCFA (propionate)
K00625	980_1	11	18	0.611111111111111	-1.00285156225719	0.222688071753967	Bacteroidota	Bacteroidia	Bacteroidales	Bacteroidaceae	Prevotella	Prevotella copri_A	SCFA (propionate)
K00625	980_2	1	1	1									SCFA (propionate)
K00625	980_3	2	2	1									SCFA (propionate)
K00625	980_4	1	4	0.25									SCFA (propionate)
K00625	980_5	1	1	1									SCFA (propionate)
K00625	981_1	26	28	0.928571428571429	-0.991408860973335	0.0940957035536014	Bacteroidota	Bacteroidia	Bacteroidales	Bacteroidaceae	Prevotella	Prevotella sp900313215	SCFA (propionate)
K00625	982_1	4	7	0.571428571428571									SCFA (propionate)
K00625	983_1	1	1	1									SCFA (propionate)
K00625	984_1	7	7	1									SCFA (propionate)
K00625	985_1	8	8	1									SCFA (propionate)
K00625	986_1	1	1	1									SCFA (propionate)
K00625	987_1	2	2	1									SCFA (propionate)
K00625	988_1	1	2	0.5									SCFA (propionate)
K00625	989_1	5	5	1									SCFA (propionate)
K00625	98_1	1	1	1									SCFA (propionate)
K00625	990_1	1	1	1									SCFA (propionate)
K00625	991_1	9	9	1									SCFA (propionate)
K00625	992_1	1	1	1									SCFA (propionate)
K00625	992_2	1	1	1									SCFA (propionate)
K00625	993_1	19	19	1	-0.579721182922959	0.21699551489875	Bacteroidota	Bacteroidia	Bacteroidales	Bacteroidaceae	Prevotella	Prevotella sp002265625	SCFA (propionate)
K00625	994_1	16	16	1	-0.410768670553581	0.699473689670921	Bacteroidota	Bacteroidia	Bacteroidales	Bacteroidaceae	Prevotella	Prevotella sp000434975	SCFA (propionate)
K00625	994_2	53	53	1	-0.55520575848509	0.497609598483521	Bacteroidota	Bacteroidia	Bacteroidales	Bacteroidaceae	Prevotella	Prevotella stercorea	SCFA (propionate)
K00625	995_1	73	87	0.839080459770115	-0.0402005625084298	0.976269819170509	Bacteroidota	Bacteroidia	Bacteroidales	Bacteroidaceae	Paraprevotella	""	SCFA (propionate)
K00625	995_2	12	12	1	-0.25588609912359	0.813785217335964	Bacteroidota	Bacteroidia	Bacteroidales	Bacteroidaceae	Paraprevotella	Paraprevotella xylaniphila	SCFA (propionate)
K00625	996_1	2	4	0.5									SCFA (propionate)
K00625	996_2	2	3	0.666666666666667									SCFA (propionate)
K00625	997_1	1	1	1									SCFA (propionate)
K00625	998_1	1	1	1									SCFA (propionate)
K00625	999_1	154	163	0.94478527607362	1.00763116493202	0.00240146105029924	Bacteroidota	Bacteroidia	Bacteroidales	Tannerellaceae	Parabacteroides	Parabacteroides distasonis	SCFA (propionate)
K00625	99_1	7	7	1									SCFA (propionate)
K00963	100_1	1	1	1									LPS / endotoxin
K00963	100_2	9	9	1									LPS / endotoxin
K00963	101_1	1	1	1									LPS / endotoxin
K00963	102_1	1	1	1									LPS / endotoxin
K00963	1049_1	1	1	1									LPS / endotoxin
K00963	1050_1	1	1	1									LPS / endotoxin
K00963	1057_1	2	2	1									LPS / endotoxin
K00963	1058_1	21	25	0.84	-0.837358316157133	0.101530848406785	Actinomycetota	Coriobacteriia	Coriobacteriales	Eggerthellaceae	Anaerotardibacter	Anaerotardibacter sp000436075	LPS / endotoxin
K00963	1058_2	15	18	0.833333333333333	-1.18144441517648	0.00871718429781164	Actinomycetota	Coriobacteriia	Coriobacteriales	Eggerthellaceae	Anaerotardibacter	Anaerotardibacter sp900544455	LPS / endotoxin
K00963	1059_1	2	2	1									LPS / endotoxin
K00963	1060_1	7	8	0.875									LPS / endotoxin
K00963	1061_1	1	2	0.5									LPS / endotoxin
K00963	1062_1	1	1	1									LPS / endotoxin
K00963	1063_1	2	2	1									LPS / endotoxin
K00963	1063_2	1	1	1									LPS / endotoxin
K00963	1064_1	1	1	1									LPS / endotoxin
K00963	1065_1	1	1	1									LPS / endotoxin
K00963	1066_1	3	3	1									LPS / endotoxin
K00963	1067_1	16	20	0.8	0.0692668402219812	0.937837942512275	Actinomycetota	Coriobacteriia	Coriobacteriales	Atopobiaceae	Paratractidigestivibacter	Paratractidigestivibacter faecalis	LPS / endotoxin
K00963	1069_1	2	2	1									LPS / endotoxin
K00963	1070_1	8	10	0.8	0.0291851094542721	0.974140336086172	Actinomycetota	Coriobacteriia	Coriobacteriales	Coriobacteriaceae	Collinsella	Collinsella intestinalis	LPS / endotoxin
K00963	1071_1	2	2	1									LPS / endotoxin
K00963	1072_1	2	2	1									LPS / endotoxin
K00963	1073_1	5	7	0.714285714285714									LPS / endotoxin
K00963	1073_3	1	1	1									LPS / endotoxin
K00963	1074_1	19	22	0.863636363636364	-0.513807714770883	0.483468909616883	Actinomycetota	Coriobacteriia	Coriobacteriales	Coriobacteriaceae	Collinsella	""	LPS / endotoxin
K00963	1074_10	1	1	1									LPS / endotoxin
K00963	1074_11	3	4	0.75									LPS / endotoxin
K00963	1074_12	3	5	0.6									LPS / endotoxin
K00963	1074_13	2	2	1									LPS / endotoxin
K00963	1074_14	1	1	1									LPS / endotoxin
K00963	1074_15	2	2	1									LPS / endotoxin
K00963	1074_16	2	2	1									LPS / endotoxin
K00963	1074_17	2	2	1									LPS / endotoxin
K00963	1074_18	1	1	1									LPS / endotoxin
K00963	1074_19	1	1	1									LPS / endotoxin
K00963	1074_2	8	9	0.888888888888889									LPS / endotoxin
K00963	1074_20	1	1	1									LPS / endotoxin
K00963	1074_21	8	8	1									LPS / endotoxin
K00963	1074_22	1	1	1									LPS / endotoxin
K00963	1074_23	3	3	1									LPS / endotoxin
K00963	1074_24	1	1	1									LPS / endotoxin
K00963	1074_25	1	1	1									LPS / endotoxin
K00963	1074_26	6	6	1									LPS / endotoxin
K00963	1074_3	17	19	0.894736842105263	0.318133869164916	0.615729532216391	Actinomycetota	Coriobacteriia	Coriobacteriales	Coriobacteriaceae	Collinsella	Collinsella sp003459245	LPS / endotoxin
K00963	1074_35	1	1	1									LPS / endotoxin
K00963	1074_36	1	1	1									LPS / endotoxin
K00963	1074_4	1	1	1									LPS / endotoxin
K00963	1074_5	8	8	1									LPS / endotoxin
K00963	1074_6	4	4	1									LPS / endotoxin
K00963	1074_7	3	3	1									LPS / endotoxin
K00963	1074_8	14	16	0.875	-0.602232921384223	0.320138272702497	Actinomycetota	Coriobacteriia	Coriobacteriales	Coriobacteriaceae	Collinsella	""	LPS / endotoxin
K00963	1074_9	3	3	1									LPS / endotoxin
K00963	1076_1	4	4	1									LPS / endotoxin
K00963	1077_1	1	1	1									LPS / endotoxin
K00963	1078_1	2	3	0.666666666666667									LPS / endotoxin
K00963	1079_1	11	13	0.846153846153846	-0.556759533219657	0.277978335907629	Actinomycetota	Coriobacteriia	Coriobacteriales	Eggerthellaceae	Anaerotardibacter	Anaerotardibacter sp000435675	LPS / endotoxin
K00963	1079_2	1	1	1									LPS / endotoxin
K00963	1080_1	2	2	1									LPS / endotoxin
K00963	1080_2	1	1	1									LPS / endotoxin
K00963	1081_1	13	13	1	-0.422572242501209	0.260033038187731	Actinomycetota	Coriobacteriia	Coriobacteriales	Eggerthellaceae	Ellagibacter	Ellagibacter isourolithinifaciens	LPS / endotoxin
K00963	1082_1	14	15	0.933333333333333	-0.514771269033049	0.347784276447953	Actinomycetota	Coriobacteriia	Coriobacteriales	Eggerthellaceae	Slackia	Slackia isoflavoniconvertens	LPS / endotoxin
K00963	1083_1	1	1	1									LPS / endotoxin
K00963	1083_2	3	3	1									LPS / endotoxin
K00963	1084_1	1	1	1									LPS / endotoxin
K00963	1085_1	9	11	0.818181818181818	-0.321372000198904	0.384265230319888	Actinomycetota	Coriobacteriia	Coriobacteriales	Eggerthellaceae	Senegalimassilia	Senegalimassilia faecalis	LPS / endotoxin
K00963	1086_1	34	35	0.971428571428571	-0.172634921823342	0.855856822026673	Actinomycetota	Coriobacteriia	Coriobacteriales	Eggerthellaceae	Senegalimassilia	Senegalimassilia sp003474385	LPS / endotoxin
K00963	1086_2	1	1	1									LPS / endotoxin
K00963	1087_1	27	29	0.931034482758621	-1.18601844555949	0.00240146105029924	Actinomycetota	Coriobacteriia	Coriobacteriales	Eggerthellaceae	Adlercreutzia	Adlercreutzia rubneri	LPS / endotoxin
K00963	1087_2	38	40	0.95	-0.141801278339665	0.855856822026673	Actinomycetota	Coriobacteriia	Coriobacteriales	Eggerthellaceae	Adlercreutzia	Adlercreutzia equolifaciens	LPS / endotoxin
K00963	1088_1	1	1	1									LPS / endotoxin
K00963	1089_1	1	1	1									LPS / endotoxin
K00963	1090_1	8	8	1									LPS / endotoxin
K00963	1090_2	2	2	1									LPS / endotoxin
K00963	1091_1	2	2	1									LPS / endotoxin
K00963	1092_1	63	73	0.863013698630137	-0.00159963330957656	0.999407958867046	Actinomycetota	Coriobacteriia	Coriobacteriales	Eggerthellaceae	Eggerthella	Eggerthella lenta	LPS / endotoxin
K00963	1093_1	4	4	1									LPS / endotoxin
K00963	1094_1	7	8	0.875									LPS / endotoxin
K00963	1095_1	1	1	1									LPS / endotoxin
K00963	1096_1	5	6	0.833333333333333									LPS / endotoxin
K00963	1096_2	1	1	1									LPS / endotoxin
K00963	1096_3	1	1	1									LPS / endotoxin
K00963	1096_4	2	4	0.5									LPS / endotoxin
K00963	1096_5	1	1	1									LPS / endotoxin
K00963	1096_6	1	1	1									LPS / endotoxin
K00963	1097_1	12	12	1	0.0269774703599389	0.986223214161706	Actinomycetota	Actinomycetes	Actinomycetales	Bifidobacteriaceae	Bifidobacterium	Bifidobacterium animalis_B	LPS / endotoxin
K00963	1098_1	3	3	1									LPS / endotoxin
K00963	1099_1	102	115	0.886956521739131	0.701404799674147	0.157622252780984	Actinomycetota	Actinomycetes	Actinomycetales	Bifidobacteriaceae	Bifidobacterium	Bifidobacterium adolescentis	LPS / endotoxin
K00963	1100_1	100	112	0.892857142857143	0.171199520407769	0.857598970815532	Actinomycetota	Actinomycetes	Actinomycetales	Bifidobacteriaceae	Bifidobacterium	Bifidobacterium pseudocatenulatum	LPS / endotoxin
K00963	1100_2	7	9	0.777777777777778									LPS / endotoxin
K00963	1100_3	1	1	1									LPS / endotoxin
K00963	1100_4	3	3	1									LPS / endotoxin
K00963	1100_5	1	1	1									LPS / endotoxin
K00963	1101_1	49	55	0.890909090909091	-0.319890280157619	0.53121493408492	Actinomycetota	Actinomycetes	Actinomycetales	Bifidobacteriaceae	Bifidobacterium	Bifidobacterium bifidum	LPS / endotoxin
K00963	1102_1	131	149	0.879194630872483	0.560776878578486	0.133292324070373	Actinomycetota	Actinomycetes	Actinomycetales	Bifidobacteriaceae	Bifidobacterium	Bifidobacterium longum	LPS / endotoxin
K00963	1102_2	1	2	0.5									LPS / endotoxin
K00963	1127_1	1	1	1									LPS / endotoxin
K00963	112_1	1	1	1									LPS / endotoxin
K00963	119_1	1	3	0.333333333333333									LPS / endotoxin
K00963	120_1	4	4	1									LPS / endotoxin
K00963	133_1	1	1	1									LPS / endotoxin
K00963	134_1	1	1	1									LPS / endotoxin
K00963	146_1	1	1	1									LPS / endotoxin
K00963	155_1	1	1	1									LPS / endotoxin
K00963	156_1	2	2	1									LPS / endotoxin
K00963	158_2	13	16	0.8125	-0.546770164412668	0.238418856837908	Bacillota	Bacilli	ML615J-28	CAG-313	CAG-313	CAG-313 sp003539625	LPS / endotoxin
K00963	15_1	6	6	1									LPS / endotoxin
K00963	160_1	1	4	0.25									LPS / endotoxin
K00963	161_1	1	2	0.5									LPS / endotoxin
K00963	163_1	1	2	0.5									LPS / endotoxin
K00963	16_1	2	2	1									LPS / endotoxin
K00963	173_1	26	27	0.962962962962963	0.307822953780749	0.509547780060975	Bacillota	Bacilli	Erysipelotrichales	Coprobacillaceae	Thomasclavelia	Thomasclavelia ramosa	LPS / endotoxin
K00963	179_1	96	116	0.827586206896552	0.622474215001055	0.0870945140509126	Bacillota	Bacilli	Erysipelotrichales	Coprobacillaceae	Faecalibacillus	Faecalibacillus intestinalis	LPS / endotoxin
K00963	179_2	14	14	1	-0.708743101186255	0.139260622340075	Bacillota	Bacilli	Erysipelotrichales	Coprobacillaceae	Faecalibacillus	Faecalibacillus faecis	LPS / endotoxin
K00963	17_1	1	2	0.5									LPS / endotoxin
K00963	188_1	1	2	0.5									LPS / endotoxin
K00963	189_1	2	2	1									LPS / endotoxin
K00963	18_1	1	1	1									LPS / endotoxin
K00963	191_1	2	2	1									LPS / endotoxin
K00963	192_1	4	4	1									LPS / endotoxin
K00963	194_1	2	2	1									LPS / endotoxin
K00963	194_2	1	1	1									LPS / endotoxin
K00963	194_3	1	1	1									LPS / endotoxin
K00963	194_4	1	1	1									LPS / endotoxin
K00963	194_6	1	1	1									LPS / endotoxin
K00963	195_1	1	1	1									LPS / endotoxin
K00963	196_1	1	1	1									LPS / endotoxin
K00963	197_1	1	1	1									LPS / endotoxin
K00963	1_1	1	4	0.25									LPS / endotoxin
K00963	209_1	8	8	1									LPS / endotoxin
K00963	20_1	1	1	1									LPS / endotoxin
K00963	210_1	1	1	1									LPS / endotoxin
K00963	211_1	2	2	1									LPS / endotoxin
K00963	212_1	26	26	1	-0.164752452134152	0.794463298842308	Bacillota	Clostridia	Oscillospirales	Acutalibacteraceae	Eubacterium_R	Eubacterium_R sp000434995	LPS / endotoxin
K00963	213_1	48	53	0.905660377358491	-0.577220020863697	0.522069341884661	Bacillota	Clostridia	Oscillospirales	Acutalibacteraceae	Eubacterium_R	Eubacterium_R sp000436835	LPS / endotoxin
K00963	214_1	4	4	1									LPS / endotoxin
K00963	215_1	2	2	1									LPS / endotoxin
K00963	217_1	71	72	0.986111111111111	-0.108585260323466	0.906956554086696	Bacillota	Clostridia	Oscillospirales	Acutalibacteraceae	Fimenecus	Fimenecus sp000432435	LPS / endotoxin
K00963	218_1	3	3	1									LPS / endotoxin
K00963	219_1	1	2	0.5									LPS / endotoxin
K00963	21_1	2	2	1									LPS / endotoxin
K00963	220_1	1	1	1									LPS / endotoxin
K00963	224_1	7	7	1									LPS / endotoxin
K00963	224_2	5	5	1									LPS / endotoxin
K00963	225_1	4	4	1									LPS / endotoxin
K00963	226_1	1	1	1									LPS / endotoxin
K00963	239_1	2	4	0.5									LPS / endotoxin
K00963	240_1	1	1	1									LPS / endotoxin
K00963	241_1	1	1	1									LPS / endotoxin
K00963	242_1	7	12	0.583333333333333	-1.80635054857245	0.0940957035536014	Bacillota	Clostridia	Oscillospirales	Acutalibacteraceae	UMGS856	UMGS856 sp900546265	LPS / endotoxin
K00963	244_1	2	2	1									LPS / endotoxin
K00963	245_1	1	2	0.5									LPS / endotoxin
K00963	247_1	3	3	1									LPS / endotoxin
K00963	250_1	5	5	1									LPS / endotoxin
K00963	251_1	3	4	0.75									LPS / endotoxin
K00963	251_2	1	1	1									LPS / endotoxin
K00963	252_1	1	1	1									LPS / endotoxin
K00963	255_1	49	52	0.942307692307692	0.283093937398622	0.690814022366494	Bacillota	Clostridia	Oscillospirales	Ruminococcaceae	Ruthenibacterium	Ruthenibacterium lactatiformans	LPS / endotoxin
K00963	256_1	2	2	1									LPS / endotoxin
K00963	257_1	9	10	0.9	-0.368713755858097	0.442827130495218	Bacillota	Clostridia	Oscillospirales	Ruminococcaceae	Ruthenibacterium	Ruthenibacterium merdipullorum	LPS / endotoxin
K00963	262_1	12	14	0.857142857142857	-0.795661344060123	0.378001205993654	Bacillota	Clostridia	Oscillospirales	Acutalibacteraceae	Clostridium_A	Clostridium_A leptum	LPS / endotoxin
K00963	266_1	7	8	0.875									LPS / endotoxin
K00963	267_1	1	1	1									LPS / endotoxin
K00963	270_1	3	3	1									LPS / endotoxin
K00963	271_1	2	3	0.666666666666667									LPS / endotoxin
K00963	272_1	20	25	0.8	-0.464772598582986	0.366970584236817	Bacillota	Clostridia	Oscillospirales	Acutalibacteraceae	UBA737	UBA737 sp900549055	LPS / endotoxin
K00963	272_2	9	9	1									LPS / endotoxin
K00963	272_3	1	1	1									LPS / endotoxin
K00963	273_1	3	3	1									LPS / endotoxin
K00963	274_1	1	1	1									LPS / endotoxin
K00963	279_1	6	6	1									LPS / endotoxin
K00963	27_1	105	106	0.990566037735849	0.813502492465311	0.0163572745565952	Pseudomonadota	Gammaproteobacteria	Burkholderiales	Burkholderiaceae	Sutterella	Sutterella wadsworthensis	LPS / endotoxin
K00963	280_1	4	6	0.666666666666667									LPS / endotoxin
K00963	287_1	10	11	0.909090909090909	-0.820447462078097	0.132232166708428	Bacillota	Clostridia	Oscillospirales	CAG-272	Flemingiibacterium	Flemingiibacterium sp900546315	LPS / endotoxin
K00963	288_1	1	1	1									LPS / endotoxin
K00963	289_1	2	4	0.5									LPS / endotoxin
K00963	28_1	21	21	1	-0.0361969092085721	0.97895269557244	Pseudomonadota	Gammaproteobacteria	Burkholderiales	Burkholderiaceae	Sutterella	Sutterella faecalis	LPS / endotoxin
K00963	28_2	8	8	1									LPS / endotoxin
K00963	290_1	1	1	1									LPS / endotoxin
K00963	294_1	9	9	1									LPS / endotoxin
K00963	294_2	1	1	1									LPS / endotoxin
K00963	295_1	5	5	1									LPS / endotoxin
K00963	296_1	1	1	1									LPS / endotoxin
K00963	297_1	1	1	1									LPS / endotoxin
K00963	298_1	1	1	1									LPS / endotoxin
K00963	299_1	2	2	1									LPS / endotoxin
K00963	29_1	70	70	1	0.159382912070147	0.86402450234671	Pseudomonadota	Gammaproteobacteria	Burkholderiales	Burkholderiaceae	Sutterella	Sutterella wadsworthensis_A	LPS / endotoxin
K00963	300_1	1	1	1									LPS / endotoxin
K00963	300_2	1	1	1									LPS / endotoxin
K00963	305_1	2	3	0.666666666666667									LPS / endotoxin
K00963	306_1	113	126	0.896825396825397	0.665519920437379	0.139287301659451	Desulfobacterota_I	Desulfovibrionia	Desulfovibrionales	Desulfovibrionaceae	Bilophila	Bilophila wadsworthia	LPS / endotoxin
K00963	306_2	2	2	1									LPS / endotoxin
K00963	307_1	1	1	1									LPS / endotoxin
K00963	308_1	22	22	1	-0.580671708932085	0.202403431596351	Bacillota	Negativicutes	Acidaminococcales	Acidaminococcaceae	Phascolarctobacterium_A	Phascolarctobacterium_A succinatutens_B	LPS / endotoxin
K00963	308_2	20	20	1	0.440436698597377	0.497154177267794	Bacillota	Negativicutes	Acidaminococcales	Acidaminococcaceae	Phascolarctobacterium_A	Phascolarctobacterium_A succinatutens	LPS / endotoxin
K00963	309_1	1	1	1									LPS / endotoxin
K00963	30_1	1	1	1									LPS / endotoxin
K00963	310_1	3	3	1									LPS / endotoxin
K00963	311_1	67	67	1	0.0438679682441734	0.954071520793628	Bacillota	Negativicutes	Acidaminococcales	Acidaminococcaceae	Phascolarctobacterium	Phascolarctobacterium faecium	LPS / endotoxin
K00963	312_1	1	1	1									LPS / endotoxin
K00963	313_1	1	1	1									LPS / endotoxin
K00963	316_1	1	1	1									LPS / endotoxin
K00963	31_1	1	1	1									LPS / endotoxin
K00963	320_1	1	1	1									LPS / endotoxin
K00963	325_1	2	3	0.666666666666667									LPS / endotoxin
K00963	326_1	2	2	1									LPS / endotoxin
K00963	327_1	5	7	0.714285714285714									LPS / endotoxin
K00963	328_1	3	5	0.6									LPS / endotoxin
K00963	329_1	5	5	1									LPS / endotoxin
K00963	32_1	1	1	1									LPS / endotoxin
K00963	333_1	4	4	1									LPS / endotoxin
K00963	334_1	1	1	1									LPS / endotoxin
K00963	335_1	2	2	1									LPS / endotoxin
K00963	336_1	4	4	1									LPS / endotoxin
K00963	33_1	9	9	1									LPS / endotoxin
K00963	34_1	3	3	1									LPS / endotoxin
K00963	354_1	2	7	0.285714285714286									LPS / endotoxin
K00963	359_1	3	6	0.5									LPS / endotoxin
K00963	35_1	1	1	1									LPS / endotoxin
K00963	36_1	1	1	1									LPS / endotoxin
K00963	372_1	1	1	1									LPS / endotoxin
K00963	376_1	42	48	0.875	-0.334904037712576	0.451279410075805	Bacillota	Clostridia	Peptostreptococcales	Peptostreptococcaceae	Intestinibacter	Intestinibacter bartlettii	LPS / endotoxin
K00963	376_2	5	5	1									LPS / endotoxin
K00963	377_1	5	5	1									LPS / endotoxin
K00963	378_1	96	98	0.979591836734694	-0.130375867064473	0.834948011033038	Bacillota	Clostridia	Peptostreptococcales	Peptostreptococcaceae	Romboutsia	Romboutsia timonensis	LPS / endotoxin
K00963	378_2	1	1	1									LPS / endotoxin
K00963	379_1	1	1	1									LPS / endotoxin
K00963	37_1	1	1	1									LPS / endotoxin
K00963	380_1	1	1	1									LPS / endotoxin
K00963	381_1	1	1	1									LPS / endotoxin
K00963	382_1	9	9	1									LPS / endotoxin
K00963	383_1	53	55	0.963636363636364	-0.394249911660716	0.53220454789838	Bacillota	Clostridia	Clostridiales	Clostridiaceae	Clostridium	Clostridium sp900540255	LPS / endotoxin
K00963	384_1	1	1	1									LPS / endotoxin
K00963	385_1	6	10	0.6	-0.332875366496291	0.538176494665755	Bacillota	Clostridia	Clostridiales	Clostridiaceae	Clostridium	Clostridium sp000435835	LPS / endotoxin
K00963	385_2	11	11	1	-1.41239423455234	0.00125952777556916	Bacillota	Clostridia	Clostridiales	Clostridiaceae	Clostridium	Clostridium lentum	LPS / endotoxin
K00963	386_1	1	1	1									LPS / endotoxin
K00963	387_1	2	2	1									LPS / endotoxin
K00963	388_1	1	1	1									LPS / endotoxin
K00963	389_1	2	3	0.666666666666667									LPS / endotoxin
K00963	38_1	1	1	1									LPS / endotoxin
K00963	397_1	10	11	0.909090909090909	-0.159712583165412	0.855856822026673	Bacillota	Clostridia	Monoglobales	Monoglobaceae	Monoglobus	Monoglobus pectinilyticus	LPS / endotoxin
K00963	39_1	11	12	0.916666666666667	-1.59593253056797	0.0503680321304428	Pseudomonadota	Gammaproteobacteria	Burkholderiales	Burkholderiaceae	Duodenibacillus	Duodenibacillus sp900544335	LPS / endotoxin
K00963	3_1	1	1	1									LPS / endotoxin
K00963	402_1	3	3	1									LPS / endotoxin
K00963	403_1	9	10	0.9	-0.7183903742274	0.118007736772976	Bacillota	Clostridia	Oscillospirales	Ruminococcaceae	Merdivicinus	Merdivicinus sp900555435	LPS / endotoxin
K00963	404_1	1	2	0.5									LPS / endotoxin
K00963	405_1	1	1	1									LPS / endotoxin
K00963	406_1	7	9	0.777777777777778									LPS / endotoxin
K00963	407_1	9	10	0.9	0.00831044035328689	0.996715315434289	Bacillota	Clostridia	Oscillospirales	Ruminococcaceae	Negativibacillus	Negativibacillus faecipullorum	LPS / endotoxin
K00963	408_1	1	1	1									LPS / endotoxin
K00963	409_1	2	2	1									LPS / endotoxin
K00963	40_1	39	42	0.928571428571429	0.203893836581251	0.833102298794183	Pseudomonadota	Gammaproteobacteria	Burkholderiales	Burkholderiaceae	Parasutterella	Parasutterella excrementihominis	LPS / endotoxin
K00963	40_2	32	33	0.96969696969697	-0.188519900743662	0.757559086992637	Pseudomonadota	Gammaproteobacteria	Burkholderiales	Burkholderiaceae	Parasutterella	Parasutterella gallistercoris	LPS / endotoxin
K00963	40_3	1	2	0.5									LPS / endotoxin
K00963	410_1	10	10	1	0.572714797966868	0.398163017327196	Bacillota	Clostridia	Oscillospirales	Ruminococcaceae	Negativibacillus	Negativibacillus sp000435195	LPS / endotoxin
K00963	411_1	3	5	0.6									LPS / endotoxin
K00963	412_1	20	21	0.952380952380952	0.0739795986100021	0.918305723974379	Bacillota	Clostridia	Oscillospirales	Ruminococcaceae	Avimicrobium	Avimicrobium caecorum	LPS / endotoxin
K00963	419_1	2	7	0.285714285714286									LPS / endotoxin
K00963	41_1	3	3	1									LPS / endotoxin
K00963	420_1	11	14	0.785714285714286	-0.0140835315860196	0.987596417076079	Bacillota	Clostridia	Oscillospirales	Acutalibacteraceae	UMGS1071	UMGS1071 sp900542375	LPS / endotoxin
K00963	420_2	9	11	0.818181818181818	0.504812658526316	0.278627870170504	Bacillota	Clostridia	Oscillospirales	Acutalibacteraceae	UMGS1071	UMGS1071 sp900541905	LPS / endotoxin
K00963	420_3	1	1	1									LPS / endotoxin
K00963	421_1	67	68	0.985294117647059	0.0257428747449579	0.984121165641251	Bacillota	Clostridia	Oscillospirales	Acutalibacteraceae	CAG-217	CAG-217 sp000436335	LPS / endotoxin
K00963	429_1	1	1	1									LPS / endotoxin
K00963	42_1	3	3	1									LPS / endotoxin
K00963	42_2	6	6	1									LPS / endotoxin
K00963	430_1	5	5	1									LPS / endotoxin
K00963	431_1	1	1	1									LPS / endotoxin
K00963	435_1	1	1	1									LPS / endotoxin
K00963	436_1	7	7	1									LPS / endotoxin
K00963	437_1	48	64	0.75	-0.103446247268264	0.906956554086696	Bacillota	Clostridia	Oscillospirales	Acutalibacteraceae	Hominenteromicrobium	Hominenteromicrobium mulieris	LPS / endotoxin
K00963	43_1	1	1	1									LPS / endotoxin
K00963	440_1	1	1	1									LPS / endotoxin
K00963	441_1	1	1	1									LPS / endotoxin
K00963	442_1	9	9	1									LPS / endotoxin
K00963	443_1	7	7	1									LPS / endotoxin
K00963	443_2	1	1	1									LPS / endotoxin
K00963	444_1	61	68	0.897058823529412	0.0267571541175575	0.977036408656166	Bacillota	Bacilli	Lactobacillales	Streptococcaceae	Streptococcus	Streptococcus salivarius	LPS / endotoxin
K00963	444_2	9	10	0.9	0.204101609936718	0.645351074882835	Bacillota	Bacilli	Lactobacillales	Streptococcaceae	Streptococcus	Streptococcus thermophilus	LPS / endotoxin
K00963	445_1	3	5	0.6									LPS / endotoxin
K00963	445_4	1	1	1									LPS / endotoxin
K00963	445_5	1	1	1									LPS / endotoxin
K00963	445_6	1	1	1									LPS / endotoxin
K00963	446_1	4	4	1									LPS / endotoxin
K00963	446_2	15	16	0.9375	0.132508502777099	0.903548698977595	Bacillota	Bacilli	Lactobacillales	Streptococcaceae	Streptococcus	""	LPS / endotoxin
K00963	446_3	3	4	0.75									LPS / endotoxin
K00963	446_4	1	1	1									LPS / endotoxin
K00963	446_6	1	1	1									LPS / endotoxin
K00963	446_7	1	1	1									LPS / endotoxin
K00963	446_8	1	1	1									LPS / endotoxin
K00963	447_1	2	2	1									LPS / endotoxin
K00963	447_2	6	6	1									LPS / endotoxin
K00963	448_1	1	1	1									LPS / endotoxin
K00963	449_1	1	1	1									LPS / endotoxin
K00963	44_1	18	18	1	-0.456509804402735	0.844475629302577	Pseudomonadota	Gammaproteobacteria	Burkholderiales	Burkholderiaceae	Duodenibacillus	Duodenibacillus massiliensis	LPS / endotoxin
K00963	450_1	10	11	0.909090909090909	0.275667485344944	0.579276240707327	Bacillota	Bacilli	Lactobacillales	Streptococcaceae	Lactococcus	Lactococcus lactis	LPS / endotoxin
K00963	451_1	2	2	1									LPS / endotoxin
K00963	452_1	1	2	0.5									LPS / endotoxin
K00963	453_1	3	3	1									LPS / endotoxin
K00963	453_2	8	9	0.888888888888889									LPS / endotoxin
K00963	454_1	4	4	1									LPS / endotoxin
K00963	455_1	6	6	1									LPS / endotoxin
K00963	456_1	9	9	1									LPS / endotoxin
K00963	456_2	6	6	1									LPS / endotoxin
K00963	456_3	1	1	1									LPS / endotoxin
K00963	457_1	1	1	1									LPS / endotoxin
K00963	458_1	1	1	1									LPS / endotoxin
K00963	459_1	2	3	0.666666666666667									LPS / endotoxin
K00963	45_1	4	4	1									LPS / endotoxin
K00963	460_1	2	2	1									LPS / endotoxin
K00963	461_1	3	4	0.75									LPS / endotoxin
K00963	462_1	1	1	1									LPS / endotoxin
K00963	464_1	1	1	1									LPS / endotoxin
K00963	466_1	10	10	1	-3.06343954821758	0.0228985834013386	Bacillota	Clostridia	Oscillospirales	Acutalibacteraceae	CAG-177	CAG-177 sp000431775	LPS / endotoxin
K00963	468_1	21	21	1	0.0957629958797071	0.927175507808937	Bacillota	Clostridia	Oscillospirales	Acutalibacteraceae	CAG-177	CAG-177 sp003538135	LPS / endotoxin
K00963	468_2	45	47	0.957446808510638	-0.12260223506872	0.917709957555471	Bacillota	Clostridia	Oscillospirales	Acutalibacteraceae	CAG-177	CAG-177 sp003514385	LPS / endotoxin
K00963	469_1	1	1	1									LPS / endotoxin
K00963	470_1	4	4	1									LPS / endotoxin
K00963	471_1	1	1	1									LPS / endotoxin
K00963	472_1	4	4	1									LPS / endotoxin
K00963	473_1	5	5	1									LPS / endotoxin
K00963	473_2	13	14	0.928571428571429	-0.912928454314327	0.190198928456519	Bacillota	Clostridia	Oscillospirales	Acutalibacteraceae	CAG-488	CAG-488 sp000434055	LPS / endotoxin
K00963	473_3	1	1	1									LPS / endotoxin
K00963	476_1	1	2	0.5									LPS / endotoxin
K00963	47_1	1	1	1									LPS / endotoxin
K00963	481_1	1	1	1									LPS / endotoxin
K00963	484_1	8	8	1									LPS / endotoxin
K00963	485_1	12	12	1	0.569670196723303	0.379903512754518	Bacillota	Negativicutes	Veillonellales	Veillonellaceae	Veillonella	Veillonella parvula_A	LPS / endotoxin
K00963	486_1	12	14	0.857142857142857	-0.520328170491622	0.212836289515412	Bacillota	Negativicutes	Veillonellales	Veillonellaceae	Veillonella	Veillonella infantium_A	LPS / endotoxin
K00963	486_10	1	1	1									LPS / endotoxin
K00963	486_11	1	1	1									LPS / endotoxin
K00963	486_12	1	1	1									LPS / endotoxin
K00963	486_13	1	1	1									LPS / endotoxin
K00963	486_2	1	1	1									LPS / endotoxin
K00963	486_3	2	2	1									LPS / endotoxin
K00963	486_4	1	1	1									LPS / endotoxin
K00963	486_5	1	1	1									LPS / endotoxin
K00963	486_6	1	1	1									LPS / endotoxin
K00963	486_7	1	1	1									LPS / endotoxin
K00963	486_8	1	1	1									LPS / endotoxin
K00963	492_1	4	4	1									LPS / endotoxin
K00963	492_2	7	7	1									LPS / endotoxin
K00963	496_1	1	1	1									LPS / endotoxin
K00963	4_1	17	20	0.85	-0.84380619277371	0.148414564832512	Methanobacteriota	Methanobacteria	Methanobacteriales	Methanobacteriaceae	Methanocatella	Methanocatella smithii	LPS / endotoxin
K00963	510_1	47	48	0.979166666666667	-0.0908642551778141	0.927175507808937	Bacillota	Negativicutes	Selenomonadales	Selenomonadaceae	Mitsuokella	Mitsuokella jalaludinii	LPS / endotoxin
K00963	510_2	5	5	1									LPS / endotoxin
K00963	511_1	1	1	1									LPS / endotoxin
K00963	512_1	1	1	1									LPS / endotoxin
K00963	518_1	32	33	0.96969696969697	-0.415087133766152	0.396238863745157	Bacillota	Clostridia	Oscillospirales	Ruminococcaceae	Ruminiclostridium_E	Ruminiclostridium_E siraeum	LPS / endotoxin
K00963	518_2	2	2	1									LPS / endotoxin
K00963	518_3	2	2	1									LPS / endotoxin
K00963	519_1	60	60	1	0.0375351107002946	0.982138997559126	Bacillota	Negativicutes	Selenomonadales	Selenomonadaceae	Megamonas	Megamonas funiformis	LPS / endotoxin
K00963	520_1	119	125	0.952	0.553078366778072	0.111937157257548	Bacillota	Clostridia	UBA1381	UBA1381	Hominilimicola	Hominilimicola fabiformis	LPS / endotoxin
K00963	521_1	7	8	0.875									LPS / endotoxin
K00963	522_1	4	4	1									LPS / endotoxin
K00963	523_1	30	34	0.882352941176471	-0.528143067512205	0.538176494665755	Bacillota	Clostridia	Oscillospirales	Acutalibacteraceae	Ruminococcoides	Ruminococcoides intestinalis	LPS / endotoxin
K00963	524_1	126	128	0.984375	0.978725947890569	0.0238024965733005	Bacillota	Clostridia	Oscillospirales	Acutalibacteraceae	Ruminococcoides	Ruminococcoides intestinale	LPS / endotoxin
K00963	524_2	3	3	1									LPS / endotoxin
K00963	526_1	1	1	1									LPS / endotoxin
K00963	528_1	1	1	1									LPS / endotoxin
K00963	529_1	2	2	1									LPS / endotoxin
K00963	530_1	7	7	1									LPS / endotoxin
K00963	534_1	1	1	1									LPS / endotoxin
K00963	537_1	7	7	1									LPS / endotoxin
K00963	538_1	3	3	1									LPS / endotoxin
K00963	539_1	10	11	0.909090909090909	0.131522587006985	0.869091839001416	Bacillota	Negativicutes	Veillonellales	Megasphaeraceae	Caecibacter	Caecibacter massiliensis	LPS / endotoxin
K00963	540_1	1	1	1									LPS / endotoxin
K00963	541_1	7	7	1									LPS / endotoxin
K00963	541_2	30	30	1	-0.136009261813823	0.857598970815532	Bacillota	Negativicutes	Veillonellales	Megasphaeraceae	Megasphaera	Megasphaera elsdenii	LPS / endotoxin
K00963	542_1	6	6	1									LPS / endotoxin
K00963	542_2	1	1	1									LPS / endotoxin
K00963	543_1	1	1	1									LPS / endotoxin
K00963	544_1	34	39	0.871794871794872	-0.0967301142717485	0.906956554086696	Bacillota	Negativicutes	Veillonellales	Dialisteraceae	Dialister	Dialister invisus	LPS / endotoxin
K00963	545_1	7	8	0.875									LPS / endotoxin
K00963	546_1	28	28	1	-0.0201495689243513	0.986364952381606	Bacillota	Negativicutes	Veillonellales	Dialisteraceae	Dialister	Dialister hominis	LPS / endotoxin
K00963	547_1	24	24	1	-0.600102042337062	0.210717481829925	Bacillota	Negativicutes	Veillonellales	Dialisteraceae	Dialister	Dialister sp000434475	LPS / endotoxin
K00963	548_1	2	2	1									LPS / endotoxin
K00963	549_1	11	11	1	0.236742646516818	0.692843369608951	Bacillota	Negativicutes	Veillonellales	Dialisteraceae	Dialister	Dialister sp002320515	LPS / endotoxin
K00963	549_2	27	27	1	-1.10074330334457	0.0867577302918209	Bacillota	Negativicutes	Veillonellales	Dialisteraceae	Dialister	Dialister succinatiphilus	LPS / endotoxin
K00963	551_1	3	4	0.75									LPS / endotoxin
K00963	552_1	5	5	1									LPS / endotoxin
K00963	554_1	1	1	1									LPS / endotoxin
K00963	556_1	1	1	1									LPS / endotoxin
K00963	571_1	4	4	1									LPS / endotoxin
K00963	58_1	1	1	1									LPS / endotoxin
K00963	590_1	3	3	1									LPS / endotoxin
K00963	598_1	22	23	0.956521739130435	-0.986699018067629	0.0337894963134003	Bacillota	Clostridia	Lachnospirales	Lachnospiraceae	Maccoya	Maccoya intestinihominis	LPS / endotoxin
K00963	59_1	3	3	1									LPS / endotoxin
K00963	5_1	12	13	0.923076923076923	-0.816262599233828	0.166422765610922	Methanobacteriota	Methanobacteria	Methanobacteriales	Methanobacteriaceae	Methanosphaera	Methanosphaera stadtmanae	LPS / endotoxin
K00963	606_1	65	77	0.844155844155844	0.00448851831298221	0.998990799564075	Bacillota	Clostridia	Lachnospirales	Lachnospiraceae	Lachnospira	Lachnospira hominis	LPS / endotoxin
K00963	60_1	3	3	1									LPS / endotoxin
K00963	60_11	1	1	1									LPS / endotoxin
K00963	60_12	2	2	1									LPS / endotoxin
K00963	60_13	1	1	1									LPS / endotoxin
K00963	60_16	1	1	1									LPS / endotoxin
K00963	60_17	1	1	1									LPS / endotoxin
K00963	60_18	1	1	1									LPS / endotoxin
K00963	60_2	15	19	0.789473684210526	-0.704720195035236	0.222688071753967	Pseudomonadota	Gammaproteobacteria	Enterobacterales	Pasteurellaceae	Haemophilus_D	Haemophilus_D sp905205995	LPS / endotoxin
K00963	60_3	3	3	1									LPS / endotoxin
K00963	60_4	2	2	1									LPS / endotoxin
K00963	60_5	3	3	1									LPS / endotoxin
K00963	60_6	5	5	1									LPS / endotoxin
K00963	60_7	1	1	1									LPS / endotoxin
K00963	60_8	2	2	1									LPS / endotoxin
K00963	60_9	1	1	1									LPS / endotoxin
K00963	628_1	1	1	1									LPS / endotoxin
K00963	62_1	2	2	1									LPS / endotoxin
K00963	639_1	1	1	1									LPS / endotoxin
K00963	63_1	22	27	0.814814814814815	-0.019121129374136	0.987596417076079	Bacillota	Bacilli	Lactobacillales	Lactobacillaceae	Latilactobacillus	Latilactobacillus sakei	LPS / endotoxin
K00963	640_1	1	1	1									LPS / endotoxin
K00963	641_1	1	1	1									LPS / endotoxin
K00963	645_1	1	1	1									LPS / endotoxin
K00963	647_1	2	2	1									LPS / endotoxin
K00963	649_1	1	1	1									LPS / endotoxin
K00963	64_1	5	5	1									LPS / endotoxin
K00963	650_1	1	1	1									LPS / endotoxin
K00963	652_1	1	1	1									LPS / endotoxin
K00963	653_1	4	4	1									LPS / endotoxin
K00963	654_1	2	2	1									LPS / endotoxin
K00963	657_1	2	2	1									LPS / endotoxin
K00963	658_1	1	1	1									LPS / endotoxin
K00963	659_1	1	1	1									LPS / endotoxin
K00963	65_1	1	1	1									LPS / endotoxin
K00963	660_1	1	1	1									LPS / endotoxin
K00963	662_1	1	1	1									LPS / endotoxin
K00963	663_1	1	3	0.333333333333333									LPS / endotoxin
K00963	664_1	1	1	1									LPS / endotoxin
K00963	665_1	1	1	1									LPS / endotoxin
K00963	666_1	1	1	1									LPS / endotoxin
K00963	667_1	1	1	1									LPS / endotoxin
K00963	668_1	1	1	1									LPS / endotoxin
K00963	66_1	1	1	1									LPS / endotoxin
K00963	66_2	8	8	1									LPS / endotoxin
K00963	68_1	1	1	1									LPS / endotoxin
K00963	696_1	7	9	0.777777777777778									LPS / endotoxin
K00963	698_1	5	6	0.833333333333333									LPS / endotoxin
K00963	699_1	1	3	0.333333333333333									LPS / endotoxin
K00963	69_1	1	2	0.5									LPS / endotoxin
K00963	6_1	1	2	0.5									LPS / endotoxin
K00963	701_1	11	12	0.916666666666667	-0.213140673170657	0.770318580797188	Bacillota	Clostridia	Lachnospirales	Lachnospiraceae	CAG-882	CAG-882 sp003486385	LPS / endotoxin
K00963	702_1	8	8	1									LPS / endotoxin
K00963	70_1	4	5	0.8									LPS / endotoxin
K00963	71_1	2	2	1									LPS / endotoxin
K00963	72_1	6	6	1									LPS / endotoxin
K00963	75_1	4	4	1									LPS / endotoxin
K00963	763_1	5	5	1									LPS / endotoxin
K00963	764_1	3	4	0.75									LPS / endotoxin
K00963	768_1	8	10	0.8	-0.701307921547448	0.447459765061962	Bacillota	Clostridia	Oscillospirales	Oscillospiraceae	Pseudoscillospira	Pseudoscillospira sp018369915	LPS / endotoxin
K00963	769_1	1	1	1									LPS / endotoxin
K00963	76_1	2	2	1									LPS / endotoxin
K00963	770_1	1	1	1									LPS / endotoxin
K00963	771_1	1	1	1									LPS / endotoxin
K00963	772_1	1	2	0.5									LPS / endotoxin
K00963	774_1	1	1	1									LPS / endotoxin
K00963	77_1	2	2	1									LPS / endotoxin
K00963	78_1	7	7	1									LPS / endotoxin
K00963	79_1	2	3	0.666666666666667									LPS / endotoxin
K00963	7_1	1	1	1									LPS / endotoxin
K00963	80_1	1	1	1									LPS / endotoxin
K00963	810_1	1	2	0.5									LPS / endotoxin
K00963	811_1	1	1	1									LPS / endotoxin
K00963	812_1	1	1	1									LPS / endotoxin
K00963	813_1	1	1	1									LPS / endotoxin
K00963	81_1	48	50	0.96	-0.799783575649938	0.140691791141007	Bacillota	Bacilli	Lactobacillales	Lactobacillaceae	Ligilactobacillus	Ligilactobacillus ruminis	LPS / endotoxin
K00963	820_1	1	1	1									LPS / endotoxin
K00963	821_1	1	1	1									LPS / endotoxin
K00963	823_1	4	4	1									LPS / endotoxin
K00963	824_1	54	76	0.710526315789474	0.738462596010375	0.0209391090362036	Bacillota	Clostridia	Oscillospirales	Oscillospiraceae	Flavonifractor	Flavonifractor plautii	LPS / endotoxin
K00963	826_1	1	1	1									LPS / endotoxin
K00963	82_1	5	5	1									LPS / endotoxin
K00963	83_1	4	5	0.8									LPS / endotoxin
K00963	84_1	21	22	0.954545454545455	0.263807059614161	0.688715015596133	Bacillota	Bacilli	Lactobacillales	Lactobacillaceae	Weissella	Weissella cibaria	LPS / endotoxin
K00963	85_1	1	2	0.5									LPS / endotoxin
K00963	867_1	19	20	0.95	-1.37302066211382	0.0133806853375269	Bacillota	Clostridia	Oscillospirales	Oscillospiraceae	Limivicinus	Limivicinus sp003150355	LPS / endotoxin
K00963	867_2	1	1	1									LPS / endotoxin
K00963	868_1	17	18	0.944444444444444	-0.558117867798363	0.333199402533618	Bacillota	Clostridia	Oscillospirales	Oscillospiraceae	Limivicinus	Limivicinus sp900547315	LPS / endotoxin
K00963	868_2	2	2	1									LPS / endotoxin
K00963	86_1	1	1	1									LPS / endotoxin
K00963	876_1	1	1	1									LPS / endotoxin
K00963	877_1	3	4	0.75									LPS / endotoxin
K00963	879_1	103	130	0.792307692307692	0.427294764906586	0.437227229988097	Bacillota	Clostridia	Oscillospirales	Ruminococcaceae	Faecalibacterium	Faecalibacterium longum	LPS / endotoxin
K00963	879_2	3	4	0.75									LPS / endotoxin
K00963	879_3	2	2	1									LPS / endotoxin
K00963	87_1	5	5	1									LPS / endotoxin
K00963	880_1	50	60	0.833333333333333	-0.492274218581123	0.483468909616883	Bacillota	Clostridia	Oscillospirales	Ruminococcaceae	Faecalibacterium	Faecalibacterium prausnitzii_E	LPS / endotoxin
K00963	881_1	10	10	1	-1.56863516181883	0.00946480686413603	Bacillota	Clostridia	Oscillospirales	Ruminococcaceae	Faecalibacterium	Faecalibacterium hattorii	LPS / endotoxin
K00963	881_2	1	1	1									LPS / endotoxin
K00963	882_1	78	92	0.847826086956522	0.253167645672424	0.615729532216391	Bacillota	Clostridia	Oscillospirales	Ruminococcaceae	Faecalibacterium	Faecalibacterium prausnitzii	LPS / endotoxin
K00963	882_10	1	1	1									LPS / endotoxin
K00963	882_11	1	1	1									LPS / endotoxin
K00963	882_3	1	1	1									LPS / endotoxin
K00963	882_4	3	3	1									LPS / endotoxin
K00963	882_5	5	6	0.833333333333333									LPS / endotoxin
K00963	882_6	1	1	1									LPS / endotoxin
K00963	882_7	1	1	1									LPS / endotoxin
K00963	882_9	2	2	1									LPS / endotoxin
K00963	883_1	80	92	0.869565217391304	-0.00503794240808762	0.998990799564075	Bacillota	Clostridia	Oscillospirales	Ruminococcaceae	Faecalibacterium	Faecalibacterium taiwanense	LPS / endotoxin
K00963	883_2	1	1	1									LPS / endotoxin
K00963	883_3	2	4	0.5									LPS / endotoxin
K00963	883_4	1	1	1									LPS / endotoxin
K00963	884_1	48	72	0.666666666666667	0.0815000547282205	0.917709957555471	Bacillota	Clostridia	Oscillospirales	Ruminococcaceae	Faecalibacterium	Faecalibacterium sp900539945	LPS / endotoxin
K00963	884_2	2	2	1									LPS / endotoxin
K00963	884_3	1	1	1									LPS / endotoxin
K00963	884_4	1	1	1									LPS / endotoxin
K00963	885_1	2	2	1									LPS / endotoxin
K00963	885_3	2	2	1									LPS / endotoxin
K00963	886_1	22	26	0.846153846153846	-1.01226855596882	0.0178397243368271	Bacillota	Clostridia	Oscillospirales	Ruminococcaceae	Faecalibacterium	Faecalibacterium prausnitzii_I	LPS / endotoxin
K00963	887_1	79	80	0.9875	0.215348386702986	0.682851505582824	Bacillota	Clostridia	Oscillospirales	Ruminococcaceae	Faecalibacterium	Faecalibacterium duncaniae	LPS / endotoxin
K00963	887_2	1	1	1									LPS / endotoxin
K00963	887_3	3	3	1									LPS / endotoxin
K00963	88_1	4	5	0.8									LPS / endotoxin
K00963	89_1	8	9	0.888888888888889									LPS / endotoxin
K00963	8_1	2	2	1									LPS / endotoxin
K00963	902_1	6	7	0.857142857142857									LPS / endotoxin
K00963	903_1	25	31	0.806451612903226	-0.103816619834537	0.917709957555471	Verrucomicrobiota	Verrucomicrobiia	Verrucomicrobiales	Akkermansiaceae	Akkermansia	Akkermansia muciniphila	LPS / endotoxin
K00963	903_2	1	1	1									LPS / endotoxin
K00963	909_2	1	1	1									LPS / endotoxin
K00963	910_1	85	88	0.965909090909091	0.473047598612671	0.304583391340693	Pseudomonadota	Gammaproteobacteria	Enterobacterales	Enterobacteriaceae	Escherichia	Escherichia coli	LPS / endotoxin
K00963	911_1	1	1	1									LPS / endotoxin
K00963	912_1	1	3	0.333333333333333									LPS / endotoxin
K00963	913_1	4	4	1									LPS / endotoxin
K00963	913_2	1	1	1									LPS / endotoxin
K00963	913_3	1	1	1									LPS / endotoxin
K00963	914_1	4	5	0.8									LPS / endotoxin
K00963	915_1	3	3	1									LPS / endotoxin
K00963	915_2	4	4	1									LPS / endotoxin
K00963	915_3	33	36	0.916666666666667	0.134378032138443	0.917709957555471	Pseudomonadota	Gammaproteobacteria	Enterobacterales	Enterobacteriaceae	Klebsiella	Klebsiella pneumoniae	LPS / endotoxin
K00963	916_1	1	1	1									LPS / endotoxin
K00963	92_1	11	11	1	0.427671325621426	0.501567075761143	Bacillota	Bacilli	Lactobacillales	Lactobacillaceae	Weissella	Weissella koreensis	LPS / endotoxin
K00963	931_1	1	1	1									LPS / endotoxin
K00963	932_1	2	2	1									LPS / endotoxin
K00963	933_1	6	6	1									LPS / endotoxin
K00963	934_1	9	11	0.818181818181818	-0.41931158710435	0.699473689670921	Verrucomicrobiota	Lentisphaeria	Victivallales	Victivallaceae	Victivallis	Victivallis lenta	LPS / endotoxin
K00963	935_1	1	1	1									LPS / endotoxin
K00963	939_1	11	13	0.846153846153846	-0.582476799143684	0.274924252877668	Pseudomonadota	Gammaproteobacteria	Burkholderiales	Burkholderiaceae	Mesosutterella	Mesosutterella multiformis	LPS / endotoxin
K00963	939_2	1	1	1									LPS / endotoxin
K00963	93_1	7	8	0.875									LPS / endotoxin
K00963	940_1	1	1	1									LPS / endotoxin
K00963	942_1	6	6	1									LPS / endotoxin
K00963	943_1	1	1	1									LPS / endotoxin
K00963	944_1	1	1	1									LPS / endotoxin
K00963	945_1	3	4	0.75									LPS / endotoxin
K00963	946_1	4	4	1									LPS / endotoxin
K00963	947_1	1	1	1									LPS / endotoxin
K00963	948_1	11	11	1	-0.0979922819887544	0.92352297586185	Pseudomonadota	Alphaproteobacteria	RF32	CAG-239	Scatocola	Scatocola faecipullorum	LPS / endotoxin
K00963	949_1	2	2	1									LPS / endotoxin
K00963	957_1	3	3	1									LPS / endotoxin
K00963	97_1	6	6	1									LPS / endotoxin
K00963	98_1	1	1	1									LPS / endotoxin
K00963	99_1	6	7	0.857142857142857									LPS / endotoxin
K00963	9_1	4	4	1									LPS / endotoxin
K00971	1000_1	1	2	0.5									LPS / endotoxin
K00971	1001_1	130	135	0.962962962962963	0.261194982385927	0.528023152241292	Bacteroidota	Bacteroidia	Bacteroidales	Tannerellaceae	Parabacteroides	Parabacteroides merdae	LPS / endotoxin
K00971	1001_2	4	5	0.8									LPS / endotoxin
K00971	1002_1	1	1	1									LPS / endotoxin
K00971	1003_1	2	2	1									LPS / endotoxin
K00971	1004_1	7	8	0.875									LPS / endotoxin
K00971	1004_2	1	1	1									LPS / endotoxin
K00971	1005_1	3	3	1									LPS / endotoxin
K00971	1006_1	3	3	1									LPS / endotoxin
K00971	1007_1	69	71	0.971830985915493	0.0423727266989698	0.947439630427701	Bacteroidota	Bacteroidia	Bacteroidales	Barnesiellaceae	Barnesiella	Barnesiella intestinihominis	LPS / endotoxin
K00971	1008_1	13	14	0.928571428571429	-0.0525813015598358	0.960672736786275	Bacteroidota	Bacteroidia	Bacteroidales	Coprobacteraceae	Coprobacter	Coprobacter fastidiosus	LPS / endotoxin
K00971	1009_1	2	2	1									LPS / endotoxin
K00971	100_1	1	1	1									LPS / endotoxin
K00971	100_2	6	9	0.666666666666667									LPS / endotoxin
K00971	1010_1	7	8	0.875									LPS / endotoxin
K00971	1011_1	2	2	1									LPS / endotoxin
K00971	1012_1	1	1	1									LPS / endotoxin
K00971	1013_1	3	3	1									LPS / endotoxin
K00971	1014_1	1	1	1									LPS / endotoxin
K00971	1015_1	1	1	1									LPS / endotoxin
K00971	1016_1	63	63	1	-0.208898775088439	0.778322092567065	Bacteroidota	Bacteroidia	Bacteroidales	Muribaculaceae	Limisoma	Limisoma sp000437795	LPS / endotoxin
K00971	1017_1	3	3	1									LPS / endotoxin
K00971	1018_1	1	1	1									LPS / endotoxin
K00971	1019_1	1	1	1									LPS / endotoxin
K00971	1020_1	4	4	1									LPS / endotoxin
K00971	1021_1	37	37	1	-0.179607844653082	0.874535489671309	Bacteroidota	Bacteroidia	Bacteroidales	Bacteroidaceae	Bacteroides	Bacteroides fragilis	LPS / endotoxin
K00971	1022_1	10	11	0.909090909090909	-0.286165399503727	0.757559086992637	Bacteroidota	Bacteroidia	Bacteroidales	Bacteroidaceae	Phocaeicola	Phocaeicola sp000434735	LPS / endotoxin
K00971	1023_1	3	4	0.75									LPS / endotoxin
K00971	1024_1	6	6	1									LPS / endotoxin
K00971	1024_2	1	1	1									LPS / endotoxin
K00971	1025_1	11	11	1	0.196106397696826	0.701738090779955	Bacteroidota	Bacteroidia	Bacteroidales	Bacteroidaceae	Phocaeicola	""	LPS / endotoxin
K00971	1026_1	2	2	1									LPS / endotoxin
K00971	1027_1	45	48	0.9375	-0.2169914798534	0.839584115395913	Bacteroidota	Bacteroidia	Bacteroidales	Bacteroidaceae	Phocaeicola	Phocaeicola coprophilus	LPS / endotoxin
K00971	1028_1	69	70	0.985714285714286	0.516057187655274	0.302129563143712	Bacteroidota	Bacteroidia	Bacteroidales	Bacteroidaceae	Phocaeicola	Phocaeicola coprocola	LPS / endotoxin
K00971	1029_1	85	87	0.977011494252874	-0.238226121941742	0.742598088192423	Bacteroidota	Bacteroidia	Bacteroidales	Bacteroidaceae	Phocaeicola	Phocaeicola plebeius_A	LPS / endotoxin
K00971	1029_2	28	28	1	-0.476089528521639	0.7107993086602	Bacteroidota	Bacteroidia	Bacteroidales	Bacteroidaceae	Phocaeicola	Phocaeicola plebeius	LPS / endotoxin
K00971	1029_3	1	1	1									LPS / endotoxin
K00971	1030_1	2	2	1									LPS / endotoxin
K00971	1031_1	15	16	0.9375	0.0135433246737455	0.990564642112473	Bacteroidota	Bacteroidia	Bacteroidales	Bacteroidaceae	Phocaeicola	Phocaeicola massiliensis	LPS / endotoxin
K00971	1031_2	3	3	1									LPS / endotoxin
K00971	1032_1	160	161	0.993788819875776	0.889281398761076	0.0743509713386384	Bacteroidota	Bacteroidia	Bacteroidales	Bacteroidaceae	Phocaeicola	Phocaeicola vulgatus	LPS / endotoxin
K00971	1034_1	14	16	0.875	0.33057146041234	0.670386921581713	Bacteroidota	Bacteroidia	Bacteroidales	Bacteroidaceae	Bacteroides	Bacteroides cellulosilyticus	LPS / endotoxin
K00971	1034_2	2	2	1									LPS / endotoxin
K00971	1035_1	6	7	0.857142857142857									LPS / endotoxin
K00971	1036_1	1	1	1									LPS / endotoxin
K00971	1037_1	9	9	1									LPS / endotoxin
K00971	1038_1	10	14	0.714285714285714	-0.374837014546726	0.496099005078926	Bacteroidota	Bacteroidia	Bacteroidales	Bacteroidaceae	Bacteroides	Bacteroides clarus	LPS / endotoxin
K00971	1039_1	59	66	0.893939393939394	1.11624268991281	0.0870945140509126	Bacteroidota	Bacteroidia	Bacteroidales	Bacteroidaceae	Bacteroides	Bacteroides stercoris_A	LPS / endotoxin
K00971	1040_1	149	156	0.955128205128205	0.745021470471891	0.12435426833705	Bacteroidota	Bacteroidia	Bacteroidales	Bacteroidaceae	Bacteroides	Bacteroides uniformis	LPS / endotoxin
K00971	1041_1	1	1	1									LPS / endotoxin
K00971	1042_1	1	1	1									LPS / endotoxin
K00971	1043_1	30	32	0.9375	0.019094354544421	0.987596417076079	Bacteroidota	Bacteroidia	Bacteroidales	Bacteroidaceae	Bacteroides	Bacteroides thetaiotaomicron	LPS / endotoxin
K00971	1043_2	2	2	1									LPS / endotoxin
K00971	1044_1	33	35	0.942857142857143	-0.0599809783690067	0.950001439141797	Bacteroidota	Bacteroidia	Bacteroidales	Bacteroidaceae	Bacteroides	Bacteroides caccae	LPS / endotoxin
K00971	1044_2	1	1	1									LPS / endotoxin
K00971	1044_3	1	1	1									LPS / endotoxin
K00971	1045_1	8	8	1									LPS / endotoxin
K00971	1046_1	43	43	1	-0.357393799768856	0.636621250464773	Bacteroidota	Bacteroidia	Bacteroidales	Bacteroidaceae	Bacteroides	Bacteroides ovatus	LPS / endotoxin
K00971	1046_2	14	14	1	-0.96275434253752	0.189698331972496	Bacteroidota	Bacteroidia	Bacteroidales	Bacteroidaceae	Bacteroides	Bacteroides xylanisolvens	LPS / endotoxin
K00971	1046_3	1	1	1									LPS / endotoxin
K00971	1046_4	1	1	1									LPS / endotoxin
K00971	1046_5	1	2	0.5									LPS / endotoxin
K00971	1047_1	9	10	0.9	0.361334862683469	0.690814022366494	Bacteroidota	Bacteroidia	Bacteroidales	Bacteroidaceae	Bacteroides	Bacteroides salyersiae	LPS / endotoxin
K00971	1048_1	5	6	0.833333333333333									LPS / endotoxin
K00971	1048_2	3	3	1									LPS / endotoxin
K00971	1051_1	82	86	0.953488372093023	-0.229759068933236	0.702741495877688	Bacteroidota	Bacteroidia	Bacteroidales	Marinifilaceae	Odoribacter	Odoribacter splanchnicus	LPS / endotoxin
K00971	1052_1	1	1	1									LPS / endotoxin
K00971	1052_2	1	1	1									LPS / endotoxin
K00971	1053_1	10	11	0.909090909090909	-0.605691333403473	0.440381178841193	Bacteroidota	Bacteroidia	Bacteroidales	Marinifilaceae	Butyricimonas	Butyricimonas faecalis	LPS / endotoxin
K00971	1053_2	1	1	1									LPS / endotoxin
K00971	1054_1	14	15	0.933333333333333	0.453957827453901	0.380704007840178	Bacteroidota	Bacteroidia	Bacteroidales	Marinifilaceae	Butyricimonas	""	LPS / endotoxin
K00971	1054_2	16	16	1	-0.0830589795416084	0.939012573140302	Bacteroidota	Bacteroidia	Bacteroidales	Marinifilaceae	Butyricimonas	Butyricimonas virosa	LPS / endotoxin
K00971	1054_3	12	12	1	-0.418405760914221	0.415564352658791	Bacteroidota	Bacteroidia	Bacteroidales	Marinifilaceae	Butyricimonas	Butyricimonas faecihominis	LPS / endotoxin
K00971	1054_4	7	8	0.875									LPS / endotoxin
K00971	1055_1	1	1	1									LPS / endotoxin
K00971	1074_17	1	2	0.5									LPS / endotoxin
K00971	1074_24	1	1	1									LPS / endotoxin
K00971	1074_33	1	1	1									LPS / endotoxin
K00971	1074_34	1	1	1									LPS / endotoxin
K00971	1074_8	4	16	0.25	-0.602232921384223	0.320138272702497	Actinomycetota	Coriobacteriia	Coriobacteriales	Coriobacteriaceae	Collinsella	""	LPS / endotoxin
K00971	1074_9	2	3	0.666666666666667									LPS / endotoxin
K00971	1077_1	1	1	1									LPS / endotoxin
K00971	1079_1	5	13	0.384615384615385	-0.556759533219657	0.277978335907629	Actinomycetota	Coriobacteriia	Coriobacteriales	Eggerthellaceae	Anaerotardibacter	Anaerotardibacter sp000435675	LPS / endotoxin
K00971	1090_2	1	2	0.5									LPS / endotoxin
K00971	1094_1	8	8	1									LPS / endotoxin
K00971	1096_1	5	6	0.833333333333333									LPS / endotoxin
K00971	1096_2	1	1	1									LPS / endotoxin
K00971	1096_3	1	1	1									LPS / endotoxin
K00971	1096_4	3	4	0.75									LPS / endotoxin
K00971	1096_6	1	1	1									LPS / endotoxin
K00971	1097_1	12	12	1	0.0269774703599389	0.986223214161706	Actinomycetota	Actinomycetes	Actinomycetales	Bifidobacteriaceae	Bifidobacterium	Bifidobacterium animalis_B	LPS / endotoxin
K00971	1098_1	2	3	0.666666666666667									LPS / endotoxin
K00971	1103_1	1	1	1									LPS / endotoxin
K00971	1104_1	1	1	1									LPS / endotoxin
K00971	1105_1	1	1	1									LPS / endotoxin
K00971	1106_1	3	3	1									LPS / endotoxin
K00971	1107_1	23	23	1	-0.879211993171519	0.0831275357601202	Bacteroidota	Bacteroidia	Bacteroidales	UBA932	Cryptobacteroides	Cryptobacteroides sp000433355	LPS / endotoxin
K00971	1107_2	2	2	1									LPS / endotoxin
K00971	1107_3	7	7	1									LPS / endotoxin
K00971	1108_1	2	2	1									LPS / endotoxin
K00971	1109_1	14	14	1	-0.340553863713002	0.450440417805453	Bacteroidota	Bacteroidia	Bacteroidales	UBA932	Cryptobacteroides	Cryptobacteroides sp000435075	LPS / endotoxin
K00971	1110_1	8	8	1									LPS / endotoxin
K00971	1111_1	2	2	1									LPS / endotoxin
K00971	1112_1	1	1	1									LPS / endotoxin
K00971	1113_1	117	121	0.966942148760331	0.583180764854139	0.111723788254774	Bacteroidota	Bacteroidia	Bacteroidales	Rikenellaceae	Alistipes	Alistipes putredinis	LPS / endotoxin
K00971	1114_1	38	41	0.926829268292683	-0.0763192419191101	0.941064511686959	Bacteroidota	Bacteroidia	Bacteroidales	Rikenellaceae	Alistipes	Alistipes communis	LPS / endotoxin
K00971	1115_1	18	19	0.947368421052632	-0.154981220324971	0.917423232123717	Bacteroidota	Bacteroidia	Bacteroidales	Rikenellaceae	Alistipes	Alistipes senegalensis	LPS / endotoxin
K00971	1116_1	81	88	0.920454545454545	0.226522172780732	0.654951089379597	Bacteroidota	Bacteroidia	Bacteroidales	Rikenellaceae	Alistipes	Alistipes shahii	LPS / endotoxin
K00971	1116_2	1	1	1									LPS / endotoxin
K00971	1117_1	55	58	0.948275862068965	0.131443132518955	0.915655769990715	Bacteroidota	Bacteroidia	Bacteroidales	Rikenellaceae	Alistipes	Alistipes onderdonkii	LPS / endotoxin
K00971	1118_1	33	34	0.970588235294118	0.200836809226206	0.783038263282324	Bacteroidota	Bacteroidia	Bacteroidales	Rikenellaceae	Alistipes	Alistipes finegoldii	LPS / endotoxin
K00971	1119_1	1	1	1									LPS / endotoxin
K00971	1120_1	6	6	1									LPS / endotoxin
K00971	1121_1	3	3	1									LPS / endotoxin
K00971	1122_1	1	1	1									LPS / endotoxin
K00971	1123_1	6	8	0.75									LPS / endotoxin
K00971	1124_1	15	15	1	0.983083342986006	0.0300286467860094	Bacteroidota	Bacteroidia	Bacteroidales	Rikenellaceae	Alistipes_A	Alistipes_A ihumii	LPS / endotoxin
K00971	1125_1	8	12	0.666666666666667	0.181984278059233	0.699329897153679	Bacteroidota	Bacteroidia	Bacteroidales	Rikenellaceae	Alistipes_A	Alistipes_A sp900539755	LPS / endotoxin
K00971	1126_1	20	22	0.909090909090909	0.212185630767125	0.770318580797188	Bacteroidota	Bacteroidia	Bacteroidales	Rikenellaceae	Alistipes_A	Alistipes_A indistinctus	LPS / endotoxin
K00971	129_1	1	1	1									LPS / endotoxin
K00971	166_1	18	18	1	1.32850482576754	0.0099970529836233	Bacillota	Bacilli	Erysipelotrichales	Erysipelotrichaceae	Amedibacterium	Amedibacterium intestinale	LPS / endotoxin
K00971	171_1	1	3	0.333333333333333									LPS / endotoxin
K00971	185_1	14	52	0.269230769230769	-0.597980927787929	0.291451235526897	Bacillota	Bacilli	Erysipelotrichales	Erysipelotrichaceae	Holdemanella	Holdemanella sp900556915	LPS / endotoxin
K00971	185_6	1	2	0.5									LPS / endotoxin
K00971	186_1	1	1	1									LPS / endotoxin
K00971	187_1	1	1	1									LPS / endotoxin
K00971	18_1	1	1	1									LPS / endotoxin
K00971	191_1	1	2	0.5									LPS / endotoxin
K00971	194_1	1	2	0.5									LPS / endotoxin
K00971	194_2	1	1	1									LPS / endotoxin
K00971	194_3	1	1	1									LPS / endotoxin
K00971	194_4	1	1	1									LPS / endotoxin
K00971	194_5	1	1	1									LPS / endotoxin
K00971	195_1	1	1	1									LPS / endotoxin
K00971	196_1	1	1	1									LPS / endotoxin
K00971	197_1	1	1	1									LPS / endotoxin
K00971	19_1	1	1	1									LPS / endotoxin
K00971	207_1	1	1	1									LPS / endotoxin
K00971	208_1	1	1	1									LPS / endotoxin
K00971	219_1	1	2	0.5									LPS / endotoxin
K00971	223_1	1	1	1									LPS / endotoxin
K00971	239_1	2	4	0.5									LPS / endotoxin
K00971	24_1	1	1	1									LPS / endotoxin
K00971	257_1	3	10	0.3	-0.368713755858097	0.442827130495218	Bacillota	Clostridia	Oscillospirales	Ruminococcaceae	Ruthenibacterium	Ruthenibacterium merdipullorum	LPS / endotoxin
K00971	25_1	1	1	1									LPS / endotoxin
K00971	266_1	2	8	0.25									LPS / endotoxin
K00971	276_1	6	6	1									LPS / endotoxin
K00971	285_1	4	8	0.5									LPS / endotoxin
K00971	289_1	2	4	0.5									LPS / endotoxin
K00971	290_1	1	1	1									LPS / endotoxin
K00971	294_1	9	9	1									LPS / endotoxin
K00971	294_2	1	1	1									LPS / endotoxin
K00971	295_1	4	5	0.8									LPS / endotoxin
K00971	296_1	1	1	1									LPS / endotoxin
K00971	297_1	1	1	1									LPS / endotoxin
K00971	2_1	2	2	1									LPS / endotoxin
K00971	305_1	3	3	1									LPS / endotoxin
K00971	306_1	120	126	0.952380952380952	0.665519920437379	0.139287301659451	Desulfobacterota_I	Desulfovibrionia	Desulfovibrionales	Desulfovibrionaceae	Bilophila	Bilophila wadsworthia	LPS / endotoxin
K00971	306_2	2	2	1									LPS / endotoxin
K00971	311_1	41	67	0.611940298507463	0.0438679682441734	0.954071520793628	Bacillota	Negativicutes	Acidaminococcales	Acidaminococcaceae	Phascolarctobacterium	Phascolarctobacterium faecium	LPS / endotoxin
K00971	312_1	1	1	1									LPS / endotoxin
K00971	314_1	34	47	0.723404255319149	-0.924306695451911	0.218493065803885	Bacillota	Clostridia	Christensenellales	Aristaeellaceae	UBA11524	UBA11524 sp000437595	LPS / endotoxin
K00971	317_1	2	2	1									LPS / endotoxin
K00971	324_1	21	23	0.91304347826087	-0.746328723295103	0.141321222601118	Bacillota	Clostridia	Christensenellales	Borkfalkiaceae	Scatosoma	Scatosoma sp900542935	LPS / endotoxin
K00971	348_1	1	4	0.25									LPS / endotoxin
K00971	353_1	1	1	1									LPS / endotoxin
K00971	36_1	1	1	1									LPS / endotoxin
K00971	372_1	1	1	1									LPS / endotoxin
K00971	376_2	2	5	0.4									LPS / endotoxin
K00971	377_1	5	5	1									LPS / endotoxin
K00971	379_1	1	1	1									LPS / endotoxin
K00971	380_1	1	1	1									LPS / endotoxin
K00971	381_1	1	1	1									LPS / endotoxin
K00971	382_1	8	9	0.888888888888889									LPS / endotoxin
K00971	383_1	55	55	1	-0.394249911660716	0.53220454789838	Bacillota	Clostridia	Clostridiales	Clostridiaceae	Clostridium	Clostridium sp900540255	LPS / endotoxin
K00971	384_1	1	1	1									LPS / endotoxin
K00971	385_1	9	10	0.9	-0.332875366496291	0.538176494665755	Bacillota	Clostridia	Clostridiales	Clostridiaceae	Clostridium	Clostridium sp000435835	LPS / endotoxin
K00971	385_2	9	11	0.818181818181818	-1.41239423455234	0.00125952777556916	Bacillota	Clostridia	Clostridiales	Clostridiaceae	Clostridium	Clostridium lentum	LPS / endotoxin
K00971	386_1	1	1	1									LPS / endotoxin
K00971	387_1	2	2	1									LPS / endotoxin
K00971	388_1	1	1	1									LPS / endotoxin
K00971	396_1	1	1	1									LPS / endotoxin
K00971	3_1	1	1	1									LPS / endotoxin
K00971	413_1	8	8	1									LPS / endotoxin
K00971	414_1	1	1	1									LPS / endotoxin
K00971	414_2	53	53	1	-0.647078140392149	0.430406239631471	Bacillota	Clostridia	Oscillospirales	Ruminococcaceae	Ruminococcus_C	Ruminococcus_C sp000433635	LPS / endotoxin
K00971	415_1	7	7	1									LPS / endotoxin
K00971	416_1	5	5	1									LPS / endotoxin
K00971	417_1	48	48	1	-0.703064557130396	0.164161139229001	Bacillota	Clostridia	Oscillospirales	Ruminococcaceae	Ruminococcus_C	Ruminococcus_C sp000980705	LPS / endotoxin
K00971	418_1	45	46	0.978260869565217	-0.882135402996782	0.0170444218845398	Bacillota	Clostridia	Oscillospirales	Ruminococcaceae	Ruminococcus_C	Ruminococcus_C callidus	LPS / endotoxin
K00971	423_1	3	3	1									LPS / endotoxin
K00971	424_1	4	4	1									LPS / endotoxin
K00971	426_1	6	6	1									LPS / endotoxin
K00971	427_1	1	1	1									LPS / endotoxin
K00971	427_2	1	1	1									LPS / endotoxin
K00971	432_1	5	5	1									LPS / endotoxin
K00971	434_1	4	4	1									LPS / endotoxin
K00971	436_1	6	7	0.857142857142857									LPS / endotoxin
K00971	458_1	1	1	1									LPS / endotoxin
K00971	48_1	1	1	1									LPS / endotoxin
K00971	493_1	14	19	0.736842105263158	-0.543654697586037	0.279030842039369	Bacillota	Clostridia	Lachnospirales	Lachnospiraceae	UBA4285	UBA4285 sp900545225	LPS / endotoxin
K00971	494_1	27	28	0.964285714285714	0.12360604124457	0.857598970815532	Bacillota	Clostridia	Lachnospirales	CAG-274	CAG-274	CAG-274 sp900545305	LPS / endotoxin
K00971	495_1	1	1	1									LPS / endotoxin
K00971	496_1	1	1	1									LPS / endotoxin
K00971	497_1	1	1	1									LPS / endotoxin
K00971	505_1	2	2	1									LPS / endotoxin
K00971	506_1	1	1	1									LPS / endotoxin
K00971	515_1	6	8	0.75									LPS / endotoxin
K00971	515_2	1	2	0.5									LPS / endotoxin
K00971	516_1	18	21	0.857142857142857	0.426857283924984	0.287585184077375	Bacillota	Clostridia	Lachnospirales	Lachnospiraceae	Hominiventricola	Hominiventricola aquisgranensis	LPS / endotoxin
K00971	517_1	2	3	0.666666666666667									LPS / endotoxin
K00971	517_2	1	1	1									LPS / endotoxin
K00971	525_1	3	4	0.75									LPS / endotoxin
K00971	550_1	65	74	0.878378378378378	0.216086250543238	0.716644473768369	Bacillota	Clostridia	Lachnospirales	Lachnospiraceae	Acetatifactor	Acetatifactor acetigignens	LPS / endotoxin
K00971	550_2	43	57	0.754385964912281	-0.0992025188400592	0.906956554086696	Bacillota	Clostridia	Lachnospirales	Lachnospiraceae	Acetatifactor	Acetatifactor intestinalis	LPS / endotoxin
K00971	550_3	1	3	0.333333333333333									LPS / endotoxin
K00971	550_5	1	1	1									LPS / endotoxin
K00971	559_1	3	3	1									LPS / endotoxin
K00971	561_1	4	5	0.8									LPS / endotoxin
K00971	567_1	42	58	0.724137931034483	-0.534569736269385	0.381094120851295	Bacillota	Clostridia	Lachnospirales	Lachnospiraceae	Butyribacter	Butyribacter sp003529475	LPS / endotoxin
K00971	569_1	2	2	1									LPS / endotoxin
K00971	571_1	4	4	1									LPS / endotoxin
K00971	573_1	2	2	1									LPS / endotoxin
K00971	575_2	3	7	0.428571428571429									LPS / endotoxin
K00971	581_1	1	2	0.5									LPS / endotoxin
K00971	582_1	68	153	0.444444444444444	0.668035923554365	0.0623596104399875	Bacillota	Clostridia	Lachnospirales	Lachnospiraceae	Anthropogastromicrobium	Anthropogastromicrobium aceti	LPS / endotoxin
K00971	583_1	40	40	1	-0.877487206020384	0.0259869101892949	Bacillota	Clostridia	Lachnospirales	Lachnospiraceae	Gallintestinimicrobium	Gallintestinimicrobium propionicum	LPS / endotoxin
K00971	593_1	3	3	1									LPS / endotoxin
K00971	594_1	44	51	0.862745098039216	-0.66003620980095	0.158903203223663	Bacillota	Clostridia	Lachnospirales	Lachnospiraceae	Pararoseburia	Pararoseburia lenta	LPS / endotoxin
K00971	598_1	22	23	0.956521739130435	-0.986699018067629	0.0337894963134003	Bacillota	Clostridia	Lachnospirales	Lachnospiraceae	Maccoya	Maccoya intestinihominis	LPS / endotoxin
K00971	600_1	10	10	1	-1.43544139490868	0.00981902367853479	Bacillota	Clostridia	Lachnospirales	Lachnospiraceae	Bacteroides_F	Bacteroides_F pectinophilus	LPS / endotoxin
K00971	601_1	112	122	0.918032786885246	0.534414487969866	0.127679421011774	Bacillota	Clostridia	Lachnospirales	Lachnospiraceae	Lachnospira	Lachnospira eligens_A	LPS / endotoxin
K00971	601_2	4	4	1									LPS / endotoxin
K00971	601_3	1	1	1									LPS / endotoxin
K00971	601_4	4	4	1									LPS / endotoxin
K00971	602_1	103	104	0.990384615384615	-0.136158980565996	0.826104310757962	Bacillota	Clostridia	Lachnospirales	Lachnospiraceae	Lachnospira	Lachnospira rogosae	LPS / endotoxin
K00971	603_1	28	28	1	-0.726103150210651	0.0867577302918209	Bacillota	Clostridia	Lachnospirales	Lachnospiraceae	Lachnospira	Lachnospira sp000436535	LPS / endotoxin
K00971	604_1	37	39	0.948717948717949	-0.101728615927904	0.917423232123717	Bacillota	Clostridia	Lachnospirales	Lachnospiraceae	Lachnospira	Lachnospira sp000436475	LPS / endotoxin
K00971	605_1	80	82	0.975609756097561	-0.14357911844854	0.850454342189356	Bacillota	Clostridia	Lachnospirales	Lachnospiraceae	Lachnospira	Lachnospira sp000437735	LPS / endotoxin
K00971	606_1	70	77	0.909090909090909	0.00448851831298221	0.998990799564075	Bacillota	Clostridia	Lachnospirales	Lachnospiraceae	Lachnospira	Lachnospira hominis	LPS / endotoxin
K00971	607_1	26	26	1	-0.171930815266113	0.855856822026673	Bacillota	Clostridia	Lachnospirales	Lachnospiraceae	Lachnospira	Lachnospira sp900545725	LPS / endotoxin
K00971	608_1	5	6	0.833333333333333									LPS / endotoxin
K00971	639_1	1	1	1									LPS / endotoxin
K00971	643_1	1	2	0.5									LPS / endotoxin
K00971	644_1	1	2	0.5									LPS / endotoxin
K00971	662_1	1	1	1									LPS / endotoxin
K00971	675_1	80	186	0.43010752688172	0.905179036869504	0.141624400887205	Bacillota	Clostridia	Lachnospirales	Lachnospiraceae	Fusicatenibacter	Fusicatenibacter saccharivorans	LPS / endotoxin
K00971	680_2	1	2	0.5									LPS / endotoxin
K00971	684_4	1	1	1									LPS / endotoxin
K00971	689_2	1	2	0.5									LPS / endotoxin
K00971	692_1	1	1	1									LPS / endotoxin
K00971	697_1	9	12	0.75	-0.78941452979126	0.18243459597151	Bacillota	Clostridia	Lachnospirales	Lachnospiraceae	Hominifimenecus	Hominifimenecus microfluidus	LPS / endotoxin
K00971	701_1	10	12	0.833333333333333	-0.213140673170657	0.770318580797188	Bacillota	Clostridia	Lachnospirales	Lachnospiraceae	CAG-882	CAG-882 sp003486385	LPS / endotoxin
K00971	702_1	8	8	1									LPS / endotoxin
K00971	709_1	1	2	0.5									LPS / endotoxin
K00971	711_1	5	5	1									LPS / endotoxin
K00971	712_1	38	40	0.95	-0.0267325133658708	0.984636756118392	Bacillota	Clostridia	Lachnospirales	Lachnospiraceae	Roseburia	Roseburia intestinalis	LPS / endotoxin
K00971	712_2	5	6	0.833333333333333									LPS / endotoxin
K00971	713_1	4	5	0.8									LPS / endotoxin
K00971	720_1	6	6	1									LPS / endotoxin
K00971	726_1	1	1	1									LPS / endotoxin
K00971	728_1	1	1	1									LPS / endotoxin
K00971	730_1	7	7	1									LPS / endotoxin
K00971	731_1	10	11	0.909090909090909	-2.04871525105564	0.00496405451323191	Bacillota	Clostridia	Lachnospirales	Lachnospiraceae	CAG-194	CAG-194 sp000432915	LPS / endotoxin
K00971	732_1	2	2	1									LPS / endotoxin
K00971	733_1	12	13	0.923076923076923	-1.89879920477747	0.0442997574675555	Bacillota	Clostridia	Lachnospirales	Lachnospiraceae	Suilimivivens	Suilimivivens sp000438155	LPS / endotoxin
K00971	734_1	1	1	1									LPS / endotoxin
K00971	735_1	3	3	1									LPS / endotoxin
K00971	737_1	60	71	0.845070422535211	-0.493288302160901	0.304583391340693	Bacillota	Clostridia	Lachnospirales	Lachnospiraceae	Roseburia	Roseburia hominis	LPS / endotoxin
K00971	739_1	10	14	0.714285714285714	-0.699920988415974	0.0388195187070003	Bacillota	Clostridia	Lachnospirales	Lachnospiraceae	Suilimivivens	Suilimivivens aceti	LPS / endotoxin
K00971	745_1	3	9	0.333333333333333									LPS / endotoxin
K00971	74_1	1	1	1									LPS / endotoxin
K00971	754_1	1	3	0.333333333333333									LPS / endotoxin
K00971	755_1	1	3	0.333333333333333									LPS / endotoxin
K00971	757_1	1	2	0.5									LPS / endotoxin
K00971	759_1	2	6	0.333333333333333									LPS / endotoxin
K00971	760_1	8	22	0.363636363636364	0.0368994370031712	0.982138997559126	Bacillota	Clostridia	Lachnospirales	Lachnospiraceae	Enterocloster	Enterocloster bolteae	LPS / endotoxin
K00971	760_2	2	2	1									LPS / endotoxin
K00971	761_1	4	4	1									LPS / endotoxin
K00971	767_1	1	1	1									LPS / endotoxin
K00971	77_1	1	2	0.5									LPS / endotoxin
K00971	842_1	13	14	0.928571428571429	-0.925657373513501	0.123424302358515	Bacillota	Clostridia	Oscillospirales	Oscillospiraceae	Faecousia	Faecousia sp900544945	LPS / endotoxin
K00971	844_1	20	22	0.909090909090909	-1.80901590865885	0.0010293237522104	Bacillota	Clostridia	Oscillospirales	Oscillospiraceae	Faecousia	Faecousia sp900540635	LPS / endotoxin
K00971	845_1	6	9	0.666666666666667									LPS / endotoxin
K00971	877_1	2	4	0.5									LPS / endotoxin
K00971	879_2	1	4	0.25									LPS / endotoxin
K00971	882_9	1	2	0.5									LPS / endotoxin
K00971	889_1	114	120	0.95	0.0538566884983013	0.943770492010822	Bacillota	Clostridia	Oscillospirales	Ruminococcaceae	Gemmiger	Gemmiger qucibialis	LPS / endotoxin
K00971	890_1	37	49	0.755102040816326	-0.25582819652178	0.635739753893684	Bacillota	Clostridia	Oscillospirales	Ruminococcaceae	Gemmiger	Gemmiger sp900539695	LPS / endotoxin
K00971	892_2	1	1	1									LPS / endotoxin
K00971	893_1	131	140	0.935714285714286	0.19495488044412	0.778322092567065	Bacillota	Clostridia	Oscillospirales	Ruminococcaceae	Gemmiger	Gemmiger formicilis	LPS / endotoxin
K00971	894_1	5	5	1									LPS / endotoxin
K00971	895_1	18	21	0.857142857142857	-0.933504967344803	0.0831275357601202	Bacillota	Clostridia	Oscillospirales	Ruminococcaceae	Gemmiger	Gemmiger sp900540595	LPS / endotoxin
K00971	896_1	1	1	1									LPS / endotoxin
K00971	902_1	7	7	1									LPS / endotoxin
K00971	903_1	31	31	1	-0.103816619834537	0.917709957555471	Verrucomicrobiota	Verrucomicrobiia	Verrucomicrobiales	Akkermansiaceae	Akkermansia	Akkermansia muciniphila	LPS / endotoxin
K00971	903_2	1	1	1									LPS / endotoxin
K00971	904_1	1	1	1									LPS / endotoxin
K00971	905_1	1	1	1									LPS / endotoxin
K00971	907_1	1	1	1									LPS / endotoxin
K00971	909_2	1	1	1									LPS / endotoxin
K00971	910_1	75	88	0.852272727272727	0.473047598612671	0.304583391340693	Pseudomonadota	Gammaproteobacteria	Enterobacterales	Enterobacteriaceae	Escherichia	Escherichia coli	LPS / endotoxin
K00971	912_1	2	3	0.666666666666667									LPS / endotoxin
K00971	913_1	4	4	1									LPS / endotoxin
K00971	913_2	1	1	1									LPS / endotoxin
K00971	913_3	1	1	1									LPS / endotoxin
K00971	914_1	3	5	0.6									LPS / endotoxin
K00971	915_1	2	3	0.666666666666667									LPS / endotoxin
K00971	915_2	1	4	0.25									LPS / endotoxin
K00971	915_3	17	36	0.472222222222222	0.134378032138443	0.917709957555471	Pseudomonadota	Gammaproteobacteria	Enterobacterales	Enterobacteriaceae	Klebsiella	Klebsiella pneumoniae	LPS / endotoxin
K00971	916_1	1	1	1									LPS / endotoxin
K00971	933_1	6	6	1									LPS / endotoxin
K00971	934_1	8	11	0.727272727272727	-0.41931158710435	0.699473689670921	Verrucomicrobiota	Lentisphaeria	Victivallales	Victivallaceae	Victivallis	Victivallis lenta	LPS / endotoxin
K00971	935_1	1	1	1									LPS / endotoxin
K00971	936_1	2	2	1									LPS / endotoxin
K00971	937_1	13	13	1	-0.241923571364727	0.688715015596133	Verrucomicrobiota	Lentisphaeria	Victivallales	UBA1829	UBA11452	UBA11452 sp003526375	LPS / endotoxin
K00971	938_1	1	1	1									LPS / endotoxin
K00971	943_1	1	1	1									LPS / endotoxin
K00971	946_1	1	4	0.25									LPS / endotoxin
K00971	949_1	2	2	1									LPS / endotoxin
K00971	950_1	4	4	1									LPS / endotoxin
K00971	951_1	1	1	1									LPS / endotoxin
K00971	953_1	1	1	1									LPS / endotoxin
K00971	954_1	4	4	1									LPS / endotoxin
K00971	955_1	7	7	1									LPS / endotoxin
K00971	956_1	5	5	1									LPS / endotoxin
K00971	958_1	9	9	1									LPS / endotoxin
K00971	959_1	1	1	1									LPS / endotoxin
K00971	960_1	2	2	1									LPS / endotoxin
K00971	961_1	1	1	1									LPS / endotoxin
K00971	962_1	1	1	1									LPS / endotoxin
K00971	963_1	6	6	1									LPS / endotoxin
K00971	964_1	12	12	1	-0.533625056759914	0.2575135271958	Bacteroidota	Bacteroidia	Bacteroidales	Muribaculaceae	Sodaliphilus	Sodaliphilus pleomorphus	LPS / endotoxin
K00971	965_1	4	4	1									LPS / endotoxin
K00971	966_1	1	1	1									LPS / endotoxin
K00971	967_1	1	1	1									LPS / endotoxin
K00971	968_1	3	4	0.75									LPS / endotoxin
K00971	969_1	6	6	1									LPS / endotoxin
K00971	970_1	1	1	1									LPS / endotoxin
K00971	971_1	3	3	1									LPS / endotoxin
K00971	972_1	1	1	1									LPS / endotoxin
K00971	973_1	19	19	1	-1.67574098582769	0.0623596104399875	Bacteroidota	Bacteroidia	Bacteroidales	Bacteroidaceae	Alloprevotella	Alloprevotella sp900539625	LPS / endotoxin
K00971	974_1	15	15	1	-0.0784205551231295	0.948225710639292	Bacteroidota	Bacteroidia	Bacteroidales	Bacteroidaceae	Alloprevotella	Alloprevotella timonensis	LPS / endotoxin
K00971	975_1	18	18	1	-0.523489156863972	0.454402479822528	Bacteroidota	Bacteroidia	Bacteroidales	Bacteroidaceae	Alloprevotella	Alloprevotella sp900540885	LPS / endotoxin
K00971	976_1	1	1	1									LPS / endotoxin
K00971	977_1	10	10	1	-0.502972589415875	0.365961078393476	Bacteroidota	Bacteroidia	Bacteroidales	Bacteroidaceae	Prevotella	Prevotella sp000436915	LPS / endotoxin
K00971	978_1	74	74	1	-0.585820526876515	0.381094120851295	Bacteroidota	Bacteroidia	Bacteroidales	Bacteroidaceae	Prevotella	Prevotella sp934191715	LPS / endotoxin
K00971	978_2	1	1	1									LPS / endotoxin
K00971	978_3	2	2	1									LPS / endotoxin
K00971	978_4	1	1	1									LPS / endotoxin
K00971	979_1	5	5	1									LPS / endotoxin
K00971	980_1	18	18	1	-1.00285156225719	0.222688071753967	Bacteroidota	Bacteroidia	Bacteroidales	Bacteroidaceae	Prevotella	Prevotella copri_A	LPS / endotoxin
K00971	980_2	1	1	1									LPS / endotoxin
K00971	980_3	2	2	1									LPS / endotoxin
K00971	980_4	4	4	1									LPS / endotoxin
K00971	980_5	1	1	1									LPS / endotoxin
K00971	981_1	28	28	1	-0.991408860973335	0.0940957035536014	Bacteroidota	Bacteroidia	Bacteroidales	Bacteroidaceae	Prevotella	Prevotella sp900313215	LPS / endotoxin
K00971	982_1	7	7	1									LPS / endotoxin
K00971	983_1	1	1	1									LPS / endotoxin
K00971	984_1	7	7	1									LPS / endotoxin
K00971	985_1	8	8	1									LPS / endotoxin
K00971	986_1	1	1	1									LPS / endotoxin
K00971	987_1	2	2	1									LPS / endotoxin
K00971	988_1	2	2	1									LPS / endotoxin
K00971	989_1	5	5	1									LPS / endotoxin
K00971	990_1	1	1	1									LPS / endotoxin
K00971	991_1	9	9	1									LPS / endotoxin
K00971	992_1	1	1	1									LPS / endotoxin
K00971	992_2	1	1	1									LPS / endotoxin
K00971	993_1	19	19	1	-0.579721182922959	0.21699551489875	Bacteroidota	Bacteroidia	Bacteroidales	Bacteroidaceae	Prevotella	Prevotella sp002265625	LPS / endotoxin
K00971	994_1	16	16	1	-0.410768670553581	0.699473689670921	Bacteroidota	Bacteroidia	Bacteroidales	Bacteroidaceae	Prevotella	Prevotella sp000434975	LPS / endotoxin
K00971	994_2	53	53	1	-0.55520575848509	0.497609598483521	Bacteroidota	Bacteroidia	Bacteroidales	Bacteroidaceae	Prevotella	Prevotella stercorea	LPS / endotoxin
K00971	995_1	85	87	0.977011494252874	-0.0402005625084298	0.976269819170509	Bacteroidota	Bacteroidia	Bacteroidales	Bacteroidaceae	Paraprevotella	""	LPS / endotoxin
K00971	995_2	12	12	1	-0.25588609912359	0.813785217335964	Bacteroidota	Bacteroidia	Bacteroidales	Bacteroidaceae	Paraprevotella	Paraprevotella xylaniphila	LPS / endotoxin
K00971	996_1	2	4	0.5									LPS / endotoxin
K00971	996_2	3	3	1									LPS / endotoxin
K00971	997_1	1	1	1									LPS / endotoxin
K00971	998_1	1	1	1									LPS / endotoxin
K00971	999_1	158	163	0.969325153374233	1.00763116493202	0.00240146105029924	Bacteroidota	Bacteroidia	Bacteroidales	Tannerellaceae	Parabacteroides	Parabacteroides distasonis	LPS / endotoxin
K00971	99_1	4	7	0.571428571428571									LPS / endotoxin
K00973	1000_1	1	2	0.5									LPS / endotoxin
K00973	1001_1	123	135	0.911111111111111	0.261194982385927	0.528023152241292	Bacteroidota	Bacteroidia	Bacteroidales	Tannerellaceae	Parabacteroides	Parabacteroides merdae	LPS / endotoxin
K00973	1001_2	5	5	1									LPS / endotoxin
K00973	1002_1	1	1	1									LPS / endotoxin
K00973	1003_1	1	2	0.5									LPS / endotoxin
K00973	1004_1	7	8	0.875									LPS / endotoxin
K00973	1005_1	3	3	1									LPS / endotoxin
K00973	1006_1	2	3	0.666666666666667									LPS / endotoxin
K00973	1007_1	66	71	0.929577464788732	0.0423727266989698	0.947439630427701	Bacteroidota	Bacteroidia	Bacteroidales	Barnesiellaceae	Barnesiella	Barnesiella intestinihominis	LPS / endotoxin
K00973	1008_1	12	14	0.857142857142857	-0.0525813015598358	0.960672736786275	Bacteroidota	Bacteroidia	Bacteroidales	Coprobacteraceae	Coprobacter	Coprobacter fastidiosus	LPS / endotoxin
K00973	1009_1	2	2	1									LPS / endotoxin
K00973	100_1	1	1	1									LPS / endotoxin
K00973	100_2	6	9	0.666666666666667									LPS / endotoxin
K00973	1010_1	7	8	0.875									LPS / endotoxin
K00973	1011_1	2	2	1									LPS / endotoxin
K00973	1012_1	1	1	1									LPS / endotoxin
K00973	1013_1	3	3	1									LPS / endotoxin
K00973	1014_1	1	1	1									LPS / endotoxin
K00973	1015_1	1	1	1									LPS / endotoxin
K00973	1016_1	63	63	1	-0.208898775088439	0.778322092567065	Bacteroidota	Bacteroidia	Bacteroidales	Muribaculaceae	Limisoma	Limisoma sp000437795	LPS / endotoxin
K00973	1017_1	3	3	1									LPS / endotoxin
K00973	1018_1	1	1	1									LPS / endotoxin
K00973	1019_1	1	1	1									LPS / endotoxin
K00973	101_1	1	1	1									LPS / endotoxin
K00973	1020_1	4	4	1									LPS / endotoxin
K00973	1021_1	37	37	1	-0.179607844653082	0.874535489671309	Bacteroidota	Bacteroidia	Bacteroidales	Bacteroidaceae	Bacteroides	Bacteroides fragilis	LPS / endotoxin
K00973	1022_1	10	11	0.909090909090909	-0.286165399503727	0.757559086992637	Bacteroidota	Bacteroidia	Bacteroidales	Bacteroidaceae	Phocaeicola	Phocaeicola sp000434735	LPS / endotoxin
K00973	1023_1	3	4	0.75									LPS / endotoxin
K00973	1024_1	2	6	0.333333333333333									LPS / endotoxin
K00973	1024_2	1	1	1									LPS / endotoxin
K00973	1025_1	11	11	1	0.196106397696826	0.701738090779955	Bacteroidota	Bacteroidia	Bacteroidales	Bacteroidaceae	Phocaeicola	""	LPS / endotoxin
K00973	1026_1	2	2	1									LPS / endotoxin
K00973	1027_1	44	48	0.916666666666667	-0.2169914798534	0.839584115395913	Bacteroidota	Bacteroidia	Bacteroidales	Bacteroidaceae	Phocaeicola	Phocaeicola coprophilus	LPS / endotoxin
K00973	1028_1	58	70	0.828571428571429	0.516057187655274	0.302129563143712	Bacteroidota	Bacteroidia	Bacteroidales	Bacteroidaceae	Phocaeicola	Phocaeicola coprocola	LPS / endotoxin
K00973	1029_1	84	87	0.96551724137931	-0.238226121941742	0.742598088192423	Bacteroidota	Bacteroidia	Bacteroidales	Bacteroidaceae	Phocaeicola	Phocaeicola plebeius_A	LPS / endotoxin
K00973	1029_2	28	28	1	-0.476089528521639	0.7107993086602	Bacteroidota	Bacteroidia	Bacteroidales	Bacteroidaceae	Phocaeicola	Phocaeicola plebeius	LPS / endotoxin
K00973	1029_3	1	1	1									LPS / endotoxin
K00973	1030_1	2	2	1									LPS / endotoxin
K00973	1031_1	14	16	0.875	0.0135433246737455	0.990564642112473	Bacteroidota	Bacteroidia	Bacteroidales	Bacteroidaceae	Phocaeicola	Phocaeicola massiliensis	LPS / endotoxin
K00973	1031_2	1	3	0.333333333333333									LPS / endotoxin
K00973	1032_1	144	161	0.894409937888199	0.889281398761076	0.0743509713386384	Bacteroidota	Bacteroidia	Bacteroidales	Bacteroidaceae	Phocaeicola	Phocaeicola vulgatus	LPS / endotoxin
K00973	1034_1	12	16	0.75	0.33057146041234	0.670386921581713	Bacteroidota	Bacteroidia	Bacteroidales	Bacteroidaceae	Bacteroides	Bacteroides cellulosilyticus	LPS / endotoxin
K00973	1034_2	2	2	1									LPS / endotoxin
K00973	1035_1	7	7	1									LPS / endotoxin
K00973	1036_1	1	1	1									LPS / endotoxin
K00973	1037_1	7	9	0.777777777777778									LPS / endotoxin
K00973	1038_1	13	14	0.928571428571429	-0.374837014546726	0.496099005078926	Bacteroidota	Bacteroidia	Bacteroidales	Bacteroidaceae	Bacteroides	Bacteroides clarus	LPS / endotoxin
K00973	1039_1	62	66	0.939393939393939	1.11624268991281	0.0870945140509126	Bacteroidota	Bacteroidia	Bacteroidales	Bacteroidaceae	Bacteroides	Bacteroides stercoris_A	LPS / endotoxin
K00973	1040_1	150	156	0.961538461538461	0.745021470471891	0.12435426833705	Bacteroidota	Bacteroidia	Bacteroidales	Bacteroidaceae	Bacteroides	Bacteroides uniformis	LPS / endotoxin
K00973	1041_1	1	1	1									LPS / endotoxin
K00973	1042_1	1	1	1									LPS / endotoxin
K00973	1043_1	28	32	0.875	0.019094354544421	0.987596417076079	Bacteroidota	Bacteroidia	Bacteroidales	Bacteroidaceae	Bacteroides	Bacteroides thetaiotaomicron	LPS / endotoxin
K00973	1043_2	2	2	1									LPS / endotoxin
K00973	1044_1	34	35	0.971428571428571	-0.0599809783690067	0.950001439141797	Bacteroidota	Bacteroidia	Bacteroidales	Bacteroidaceae	Bacteroides	Bacteroides caccae	LPS / endotoxin
K00973	1044_2	1	1	1									LPS / endotoxin
K00973	1045_1	8	8	1									LPS / endotoxin
K00973	1046_1	41	43	0.953488372093023	-0.357393799768856	0.636621250464773	Bacteroidota	Bacteroidia	Bacteroidales	Bacteroidaceae	Bacteroides	Bacteroides ovatus	LPS / endotoxin
K00973	1046_2	14	14	1	-0.96275434253752	0.189698331972496	Bacteroidota	Bacteroidia	Bacteroidales	Bacteroidaceae	Bacteroides	Bacteroides xylanisolvens	LPS / endotoxin
K00973	1046_3	1	1	1									LPS / endotoxin
K00973	1046_4	1	1	1									LPS / endotoxin
K00973	1046_5	1	2	0.5									LPS / endotoxin
K00973	1047_1	10	10	1	0.361334862683469	0.690814022366494	Bacteroidota	Bacteroidia	Bacteroidales	Bacteroidaceae	Bacteroides	Bacteroides salyersiae	LPS / endotoxin
K00973	1048_1	6	6	1									LPS / endotoxin
K00973	1048_2	3	3	1									LPS / endotoxin
K00973	1051_1	82	86	0.953488372093023	-0.229759068933236	0.702741495877688	Bacteroidota	Bacteroidia	Bacteroidales	Marinifilaceae	Odoribacter	Odoribacter splanchnicus	LPS / endotoxin
K00973	1052_1	1	1	1									LPS / endotoxin
K00973	1052_2	1	1	1									LPS / endotoxin
K00973	1053_1	9	11	0.818181818181818	-0.605691333403473	0.440381178841193	Bacteroidota	Bacteroidia	Bacteroidales	Marinifilaceae	Butyricimonas	Butyricimonas faecalis	LPS / endotoxin
K00973	1053_2	1	1	1									LPS / endotoxin
K00973	1054_1	13	15	0.866666666666667	0.453957827453901	0.380704007840178	Bacteroidota	Bacteroidia	Bacteroidales	Marinifilaceae	Butyricimonas	""	LPS / endotoxin
K00973	1054_2	16	16	1	-0.0830589795416084	0.939012573140302	Bacteroidota	Bacteroidia	Bacteroidales	Marinifilaceae	Butyricimonas	Butyricimonas virosa	LPS / endotoxin
K00973	1054_3	9	12	0.75	-0.418405760914221	0.415564352658791	Bacteroidota	Bacteroidia	Bacteroidales	Marinifilaceae	Butyricimonas	Butyricimonas faecihominis	LPS / endotoxin
K00973	1054_4	4	8	0.5									LPS / endotoxin
K00973	1055_1	1	1	1									LPS / endotoxin
K00973	1058_1	14	25	0.56	-0.837358316157133	0.101530848406785	Actinomycetota	Coriobacteriia	Coriobacteriales	Eggerthellaceae	Anaerotardibacter	Anaerotardibacter sp000436075	LPS / endotoxin
K00973	1058_2	7	18	0.388888888888889	-1.18144441517648	0.00871718429781164	Actinomycetota	Coriobacteriia	Coriobacteriales	Eggerthellaceae	Anaerotardibacter	Anaerotardibacter sp900544455	LPS / endotoxin
K00973	1059_1	1	2	0.5									LPS / endotoxin
K00973	105_1	2	2	1									LPS / endotoxin
K00973	1060_1	7	8	0.875									LPS / endotoxin
K00973	1061_1	2	2	1									LPS / endotoxin
K00973	1062_1	1	1	1									LPS / endotoxin
K00973	1063_1	1	2	0.5									LPS / endotoxin
K00973	1063_2	1	1	1									LPS / endotoxin
K00973	1063_3	1	1	1									LPS / endotoxin
K00973	1066_1	3	3	1									LPS / endotoxin
K00973	1070_1	6	10	0.6	0.0291851094542721	0.974140336086172	Actinomycetota	Coriobacteriia	Coriobacteriales	Coriobacteriaceae	Collinsella	Collinsella intestinalis	LPS / endotoxin
K00973	1071_1	1	2	0.5									LPS / endotoxin
K00973	1072_1	1	2	0.5									LPS / endotoxin
K00973	1073_1	5	7	0.714285714285714									LPS / endotoxin
K00973	1073_3	1	1	1									LPS / endotoxin
K00973	1074_1	19	22	0.863636363636364	-0.513807714770883	0.483468909616883	Actinomycetota	Coriobacteriia	Coriobacteriales	Coriobacteriaceae	Collinsella	""	LPS / endotoxin
K00973	1074_10	1	1	1									LPS / endotoxin
K00973	1074_11	4	4	1									LPS / endotoxin
K00973	1074_12	5	5	1									LPS / endotoxin
K00973	1074_13	2	2	1									LPS / endotoxin
K00973	1074_14	1	1	1									LPS / endotoxin
K00973	1074_15	2	2	1									LPS / endotoxin
K00973	1074_17	1	2	0.5									LPS / endotoxin
K00973	1074_19	1	1	1									LPS / endotoxin
K00973	1074_2	7	9	0.777777777777778									LPS / endotoxin
K00973	1074_20	1	1	1									LPS / endotoxin
K00973	1074_21	6	8	0.75									LPS / endotoxin
K00973	1074_22	1	1	1									LPS / endotoxin
K00973	1074_23	1	3	0.333333333333333									LPS / endotoxin
K00973	1074_24	1	1	1									LPS / endotoxin
K00973	1074_25	1	1	1									LPS / endotoxin
K00973	1074_26	6	6	1									LPS / endotoxin
K00973	1074_27	1	1	1									LPS / endotoxin
K00973	1074_28	1	1	1									LPS / endotoxin
K00973	1074_3	13	19	0.68421052631579	0.318133869164916	0.615729532216391	Actinomycetota	Coriobacteriia	Coriobacteriales	Coriobacteriaceae	Collinsella	Collinsella sp003459245	LPS / endotoxin
K00973	1074_31	1	1	1									LPS / endotoxin
K00973	1074_32	1	1	1									LPS / endotoxin
K00973	1074_33	1	1	1									LPS / endotoxin
K00973	1074_34	1	1	1									LPS / endotoxin
K00973	1074_36	1	1	1									LPS / endotoxin
K00973	1074_37	1	1	1									LPS / endotoxin
K00973	1074_38	1	1	1									LPS / endotoxin
K00973	1074_39	1	1	1									LPS / endotoxin
K00973	1074_4	1	1	1									LPS / endotoxin
K00973	1074_5	6	8	0.75									LPS / endotoxin
K00973	1074_6	3	4	0.75									LPS / endotoxin
K00973	1074_7	2	3	0.666666666666667									LPS / endotoxin
K00973	1074_8	14	16	0.875	-0.602232921384223	0.320138272702497	Actinomycetota	Coriobacteriia	Coriobacteriales	Coriobacteriaceae	Collinsella	""	LPS / endotoxin
K00973	1074_9	3	3	1									LPS / endotoxin
K00973	1076_1	3	4	0.75									LPS / endotoxin
K00973	1079_2	1	1	1									LPS / endotoxin
K00973	1083_1	1	1	1									LPS / endotoxin
K00973	1083_2	3	3	1									LPS / endotoxin
K00973	1084_1	1	1	1									LPS / endotoxin
K00973	1085_1	4	11	0.363636363636364	-0.321372000198904	0.384265230319888	Actinomycetota	Coriobacteriia	Coriobacteriales	Eggerthellaceae	Senegalimassilia	Senegalimassilia faecalis	LPS / endotoxin
K00973	1087_2	16	40	0.4	-0.141801278339665	0.855856822026673	Actinomycetota	Coriobacteriia	Coriobacteriales	Eggerthellaceae	Adlercreutzia	Adlercreutzia equolifaciens	LPS / endotoxin
K00973	1089_1	1	1	1									LPS / endotoxin
K00973	1090_2	1	2	0.5									LPS / endotoxin
K00973	1091_1	1	2	0.5									LPS / endotoxin
K00973	1092_1	35	73	0.479452054794521	-0.00159963330957656	0.999407958867046	Actinomycetota	Coriobacteriia	Coriobacteriales	Eggerthellaceae	Eggerthella	Eggerthella lenta	LPS / endotoxin
K00973	1093_1	1	4	0.25									LPS / endotoxin
K00973	1094_1	4	8	0.5									LPS / endotoxin
K00973	1096_1	6	6	1									LPS / endotoxin
K00973	1096_2	1	1	1									LPS / endotoxin
K00973	1096_3	1	1	1									LPS / endotoxin
K00973	1096_4	3	4	0.75									LPS / endotoxin
K00973	1096_5	1	1	1									LPS / endotoxin
K00973	1096_6	1	1	1									LPS / endotoxin
K00973	1097_1	11	12	0.916666666666667	0.0269774703599389	0.986223214161706	Actinomycetota	Actinomycetes	Actinomycetales	Bifidobacteriaceae	Bifidobacterium	Bifidobacterium animalis_B	LPS / endotoxin
K00973	1098_1	1	3	0.333333333333333									LPS / endotoxin
K00973	1099_1	57	115	0.495652173913044	0.701404799674147	0.157622252780984	Actinomycetota	Actinomycetes	Actinomycetales	Bifidobacteriaceae	Bifidobacterium	Bifidobacterium adolescentis	LPS / endotoxin
K00973	1099_2	1	1	1									LPS / endotoxin
K00973	1100_1	56	112	0.5	0.171199520407769	0.857598970815532	Actinomycetota	Actinomycetes	Actinomycetales	Bifidobacteriaceae	Bifidobacterium	Bifidobacterium pseudocatenulatum	LPS / endotoxin
K00973	1100_2	8	9	0.888888888888889									LPS / endotoxin
K00973	1100_4	3	3	1									LPS / endotoxin
K00973	1101_1	15	55	0.272727272727273	-0.319890280157619	0.53121493408492	Actinomycetota	Actinomycetes	Actinomycetales	Bifidobacteriaceae	Bifidobacterium	Bifidobacterium bifidum	LPS / endotoxin
K00973	1102_1	77	149	0.516778523489933	0.560776878578486	0.133292324070373	Actinomycetota	Actinomycetes	Actinomycetales	Bifidobacteriaceae	Bifidobacterium	Bifidobacterium longum	LPS / endotoxin
K00973	1102_2	1	2	0.5									LPS / endotoxin
K00973	1104_1	1	1	1									LPS / endotoxin
K00973	1105_1	1	1	1									LPS / endotoxin
K00973	1106_1	3	3	1									LPS / endotoxin
K00973	1107_1	23	23	1	-0.879211993171519	0.0831275357601202	Bacteroidota	Bacteroidia	Bacteroidales	UBA932	Cryptobacteroides	Cryptobacteroides sp000433355	LPS / endotoxin
K00973	1107_2	2	2	1									LPS / endotoxin
K00973	1107_3	7	7	1									LPS / endotoxin
K00973	1108_1	2	2	1									LPS / endotoxin
K00973	1109_1	14	14	1	-0.340553863713002	0.450440417805453	Bacteroidota	Bacteroidia	Bacteroidales	UBA932	Cryptobacteroides	Cryptobacteroides sp000435075	LPS / endotoxin
K00973	1110_1	5	8	0.625									LPS / endotoxin
K00973	1111_1	1	2	0.5									LPS / endotoxin
K00973	1112_1	1	1	1									LPS / endotoxin
K00973	1113_1	115	121	0.950413223140496	0.583180764854139	0.111723788254774	Bacteroidota	Bacteroidia	Bacteroidales	Rikenellaceae	Alistipes	Alistipes putredinis	LPS / endotoxin
K00973	1114_1	34	41	0.829268292682927	-0.0763192419191101	0.941064511686959	Bacteroidota	Bacteroidia	Bacteroidales	Rikenellaceae	Alistipes	Alistipes communis	LPS / endotoxin
K00973	1115_1	17	19	0.894736842105263	-0.154981220324971	0.917423232123717	Bacteroidota	Bacteroidia	Bacteroidales	Rikenellaceae	Alistipes	Alistipes senegalensis	LPS / endotoxin
K00973	1116_1	79	88	0.897727272727273	0.226522172780732	0.654951089379597	Bacteroidota	Bacteroidia	Bacteroidales	Rikenellaceae	Alistipes	Alistipes shahii	LPS / endotoxin
K00973	1116_2	1	1	1									LPS / endotoxin
K00973	1117_1	50	58	0.862068965517241	0.131443132518955	0.915655769990715	Bacteroidota	Bacteroidia	Bacteroidales	Rikenellaceae	Alistipes	Alistipes onderdonkii	LPS / endotoxin
K00973	1118_1	29	34	0.852941176470588	0.200836809226206	0.783038263282324	Bacteroidota	Bacteroidia	Bacteroidales	Rikenellaceae	Alistipes	Alistipes finegoldii	LPS / endotoxin
K00973	1119_1	1	1	1									LPS / endotoxin
K00973	1120_1	5	6	0.833333333333333									LPS / endotoxin
K00973	1121_1	3	3	1									LPS / endotoxin
K00973	1122_1	1	1	1									LPS / endotoxin
K00973	1123_1	7	8	0.875									LPS / endotoxin
K00973	1124_1	13	15	0.866666666666667	0.983083342986006	0.0300286467860094	Bacteroidota	Bacteroidia	Bacteroidales	Rikenellaceae	Alistipes_A	Alistipes_A ihumii	LPS / endotoxin
K00973	1125_1	7	12	0.583333333333333	0.181984278059233	0.699329897153679	Bacteroidota	Bacteroidia	Bacteroidales	Rikenellaceae	Alistipes_A	Alistipes_A sp900539755	LPS / endotoxin
K00973	1126_1	20	22	0.909090909090909	0.212185630767125	0.770318580797188	Bacteroidota	Bacteroidia	Bacteroidales	Rikenellaceae	Alistipes_A	Alistipes_A indistinctus	LPS / endotoxin
K00973	114_1	6	7	0.857142857142857									LPS / endotoxin
K00973	115_1	1	1	1									LPS / endotoxin
K00973	116_1	3	6	0.5									LPS / endotoxin
K00973	117_1	1	1	1									LPS / endotoxin
K00973	118_1	1	1	1									LPS / endotoxin
K00973	119_1	2	3	0.666666666666667									LPS / endotoxin
K00973	120_1	3	4	0.75									LPS / endotoxin
K00973	129_1	1	1	1									LPS / endotoxin
K00973	134_1	1	1	1									LPS / endotoxin
K00973	137_1	3	3	1									LPS / endotoxin
K00973	138_1	3	3	1									LPS / endotoxin
K00973	13_1	2	2	1									LPS / endotoxin
K00973	153_1	1	3	0.333333333333333									LPS / endotoxin
K00973	154_1	3	10	0.3	-0.373989605063359	0.428544642195116	Bacillota	Bacilli	MOL361	Turicibacteraceae	Turicibacter	Turicibacter bilis	LPS / endotoxin
K00973	155_1	1	1	1									LPS / endotoxin
K00973	160_1	2	4	0.5									LPS / endotoxin
K00973	164_1	6	22	0.272727272727273	0.326964690209221	0.313942333611298	Bacillota	Bacilli	Erysipelotrichales	Erysipelotrichaceae	Clostridium_AQ	Clostridium_AQ innocuum	LPS / endotoxin
K00973	165_1	1	1	1									LPS / endotoxin
K00973	168_1	2	2	1									LPS / endotoxin
K00973	169_1	1	1	1									LPS / endotoxin
K00973	171_1	3	3	1									LPS / endotoxin
K00973	173_1	26	27	0.962962962962963	0.307822953780749	0.509547780060975	Bacillota	Bacilli	Erysipelotrichales	Coprobacillaceae	Thomasclavelia	Thomasclavelia ramosa	LPS / endotoxin
K00973	179_1	113	116	0.974137931034483	0.622474215001055	0.0870945140509126	Bacillota	Bacilli	Erysipelotrichales	Coprobacillaceae	Faecalibacillus	Faecalibacillus intestinalis	LPS / endotoxin
K00973	179_2	14	14	1	-0.708743101186255	0.139260622340075	Bacillota	Bacilli	Erysipelotrichales	Coprobacillaceae	Faecalibacillus	Faecalibacillus faecis	LPS / endotoxin
K00973	179_3	1	1	1									LPS / endotoxin
K00973	17_1	1	2	0.5									LPS / endotoxin
K00973	181_1	1	1	1									LPS / endotoxin
K00973	191_1	2	2	1									LPS / endotoxin
K00973	192_1	1	4	0.25									LPS / endotoxin
K00973	193_1	1	1	1									LPS / endotoxin
K00973	194_1	1	2	0.5									LPS / endotoxin
K00973	194_2	1	1	1									LPS / endotoxin
K00973	194_3	1	1	1									LPS / endotoxin
K00973	194_4	1	1	1									LPS / endotoxin
K00973	194_5	1	1	1									LPS / endotoxin
K00973	194_6	1	1	1									LPS / endotoxin
K00973	195_1	1	1	1									LPS / endotoxin
K00973	196_1	1	1	1									LPS / endotoxin
K00973	197_1	1	1	1									LPS / endotoxin
K00973	19_1	1	1	1									LPS / endotoxin
K00973	202_1	1	1	1									LPS / endotoxin
K00973	207_1	1	1	1									LPS / endotoxin
K00973	208_1	1	1	1									LPS / endotoxin
K00973	212_1	25	26	0.961538461538461	-0.164752452134152	0.794463298842308	Bacillota	Clostridia	Oscillospirales	Acutalibacteraceae	Eubacterium_R	Eubacterium_R sp000434995	LPS / endotoxin
K00973	218_1	3	3	1									LPS / endotoxin
K00973	21_1	2	2	1									LPS / endotoxin
K00973	220_1	1	1	1									LPS / endotoxin
K00973	228_1	2	2	1									LPS / endotoxin
K00973	229_1	10	12	0.833333333333333	-0.207473561773505	0.716644473768369	Bacillota	Clostridia	Christensenellales	Aristaeellaceae	Limiplasma	Limiplasma sp900548145	LPS / endotoxin
K00973	229_2	1	1	1									LPS / endotoxin
K00973	231_1	3	6	0.5									LPS / endotoxin
K00973	233_1	1	1	1									LPS / endotoxin
K00973	233_3	1	1	1									LPS / endotoxin
K00973	233_4	1	1	1									LPS / endotoxin
K00973	234_1	1	1	1									LPS / endotoxin
K00973	235_1	6	6	1									LPS / endotoxin
K00973	236_1	5	6	0.833333333333333									LPS / endotoxin
K00973	237_1	1	1	1									LPS / endotoxin
K00973	240_1	1	1	1									LPS / endotoxin
K00973	242_1	8	12	0.666666666666667	-1.80635054857245	0.0940957035536014	Bacillota	Clostridia	Oscillospirales	Acutalibacteraceae	UMGS856	UMGS856 sp900546265	LPS / endotoxin
K00973	243_1	1	1	1									LPS / endotoxin
K00973	244_1	2	2	1									LPS / endotoxin
K00973	245_1	1	2	0.5									LPS / endotoxin
K00973	247_1	1	3	0.333333333333333									LPS / endotoxin
K00973	251_1	4	4	1									LPS / endotoxin
K00973	254_1	1	1	1									LPS / endotoxin
K00973	255_1	47	52	0.903846153846154	0.283093937398622	0.690814022366494	Bacillota	Clostridia	Oscillospirales	Ruminococcaceae	Ruthenibacterium	Ruthenibacterium lactatiformans	LPS / endotoxin
K00973	256_1	2	2	1									LPS / endotoxin
K00973	257_1	9	10	0.9	-0.368713755858097	0.442827130495218	Bacillota	Clostridia	Oscillospirales	Ruminococcaceae	Ruthenibacterium	Ruthenibacterium merdipullorum	LPS / endotoxin
K00973	259_1	4	4	1									LPS / endotoxin
K00973	260_1	1	1	1									LPS / endotoxin
K00973	261_1	1	2	0.5									LPS / endotoxin
K00973	262_1	12	14	0.857142857142857	-0.795661344060123	0.378001205993654	Bacillota	Clostridia	Oscillospirales	Acutalibacteraceae	Clostridium_A	Clostridium_A leptum	LPS / endotoxin
K00973	263_1	1	4	0.25									LPS / endotoxin
K00973	264_1	1	1	1									LPS / endotoxin
K00973	265_1	1	1	1									LPS / endotoxin
K00973	273_1	3	3	1									LPS / endotoxin
K00973	274_1	1	1	1									LPS / endotoxin
K00973	278_1	1	1	1									LPS / endotoxin
K00973	282_1	2	3	0.666666666666667									LPS / endotoxin
K00973	283_1	23	24	0.958333333333333	-1.36433251741329	0.0725839287548737	Bacillota	Clostridia	Oscillospirales	Butyricicoccaceae	Butyricicoccus_A	Butyricicoccus_A intestinisimiae	LPS / endotoxin
K00973	284_1	1	1	1									LPS / endotoxin
K00973	289_1	1	4	0.25									LPS / endotoxin
K00973	290_1	1	1	1									LPS / endotoxin
K00973	291_1	1	1	1									LPS / endotoxin
K00973	294_1	4	9	0.444444444444444									LPS / endotoxin
K00973	294_2	1	1	1									LPS / endotoxin
K00973	295_1	4	5	0.8									LPS / endotoxin
K00973	296_1	1	1	1									LPS / endotoxin
K00973	297_1	1	1	1									LPS / endotoxin
K00973	298_1	1	1	1									LPS / endotoxin
K00973	2_1	2	2	1									LPS / endotoxin
K00973	301_1	3	3	1									LPS / endotoxin
K00973	301_2	1	1	1									LPS / endotoxin
K00973	302_1	2	8	0.25									LPS / endotoxin
K00973	304_1	11	29	0.379310344827586	-1.05694439057469	0.15003989299863	Bacillota	Clostridia	Christensenellales	Aristaeellaceae	Ventricola	Ventricola sp900542395	LPS / endotoxin
K00973	305_1	3	3	1									LPS / endotoxin
K00973	306_1	115	126	0.912698412698413	0.665519920437379	0.139287301659451	Desulfobacterota_I	Desulfovibrionia	Desulfovibrionales	Desulfovibrionaceae	Bilophila	Bilophila wadsworthia	LPS / endotoxin
K00973	306_2	2	2	1									LPS / endotoxin
K00973	308_1	9	22	0.409090909090909	-0.580671708932085	0.202403431596351	Bacillota	Negativicutes	Acidaminococcales	Acidaminococcaceae	Phascolarctobacterium_A	Phascolarctobacterium_A succinatutens_B	LPS / endotoxin
K00973	308_2	5	20	0.25	0.440436698597377	0.497154177267794	Bacillota	Negativicutes	Acidaminococcales	Acidaminococcaceae	Phascolarctobacterium_A	Phascolarctobacterium_A succinatutens	LPS / endotoxin
K00973	309_1	1	1	1									LPS / endotoxin
K00973	310_1	3	3	1									LPS / endotoxin
K00973	313_1	1	1	1									LPS / endotoxin
K00973	314_1	37	47	0.787234042553192	-0.924306695451911	0.218493065803885	Bacillota	Clostridia	Christensenellales	Aristaeellaceae	UBA11524	UBA11524 sp000437595	LPS / endotoxin
K00973	315_1	4	4	1									LPS / endotoxin
K00973	315_2	1	1	1									LPS / endotoxin
K00973	319_1	4	4	1									LPS / endotoxin
K00973	320_1	1	1	1									LPS / endotoxin
K00973	324_1	10	23	0.434782608695652	-0.746328723295103	0.141321222601118	Bacillota	Clostridia	Christensenellales	Borkfalkiaceae	Scatosoma	Scatosoma sp900542935	LPS / endotoxin
K00973	331_1	1	1	1									LPS / endotoxin
K00973	336_1	4	4	1									LPS / endotoxin
K00973	337_1	10	11	0.909090909090909	-0.871195235912021	0.112254435243703	Bacillota	Clostridia	Christensenellales	Aristaeellaceae	Fimadaptatus	Fimadaptatus sp948467645	LPS / endotoxin
K00973	338_1	2	2	1									LPS / endotoxin
K00973	339_1	11	11	1	-0.652406755697348	0.20162856253014	Bacillota	Clostridia	Oscillospirales	Oscillospiraceae	HGM13006	HGM13006 sp900757695	LPS / endotoxin
K00973	339_2	1	1	1									LPS / endotoxin
K00973	342_1	4	5	0.8									LPS / endotoxin
K00973	346_1	1	1	1									LPS / endotoxin
K00973	349_2	1	3	0.333333333333333									LPS / endotoxin
K00973	353_1	1	1	1									LPS / endotoxin
K00973	35_1	1	1	1									LPS / endotoxin
K00973	360_1	1	1	1									LPS / endotoxin
K00973	362_1	20	20	1	0.217704201961076	0.793457052172703	Bacillota	Clostridia	TANB77	CAG-508	CAG-269	CAG-269 sp003525075	LPS / endotoxin
K00973	363_1	2	2	1									LPS / endotoxin
K00973	363_2	1	1	1									LPS / endotoxin
K00973	364_1	3	3	1									LPS / endotoxin
K00973	368_1	5	5	1									LPS / endotoxin
K00973	369_1	1	1	1									LPS / endotoxin
K00973	370_1	1	1	1									LPS / endotoxin
K00973	376_1	22	48	0.458333333333333	-0.334904037712576	0.451279410075805	Bacillota	Clostridia	Peptostreptococcales	Peptostreptococcaceae	Intestinibacter	Intestinibacter bartlettii	LPS / endotoxin
K00973	378_1	67	98	0.683673469387755	-0.130375867064473	0.834948011033038	Bacillota	Clostridia	Peptostreptococcales	Peptostreptococcaceae	Romboutsia	Romboutsia timonensis	LPS / endotoxin
K00973	380_1	1	1	1									LPS / endotoxin
K00973	381_1	1	1	1									LPS / endotoxin
K00973	382_1	8	9	0.888888888888889									LPS / endotoxin
K00973	383_1	54	55	0.981818181818182	-0.394249911660716	0.53220454789838	Bacillota	Clostridia	Clostridiales	Clostridiaceae	Clostridium	Clostridium sp900540255	LPS / endotoxin
K00973	384_1	1	1	1									LPS / endotoxin
K00973	385_1	7	10	0.7	-0.332875366496291	0.538176494665755	Bacillota	Clostridia	Clostridiales	Clostridiaceae	Clostridium	Clostridium sp000435835	LPS / endotoxin
K00973	385_2	11	11	1	-1.41239423455234	0.00125952777556916	Bacillota	Clostridia	Clostridiales	Clostridiaceae	Clostridium	Clostridium lentum	LPS / endotoxin
K00973	386_1	1	1	1									LPS / endotoxin
K00973	387_1	2	2	1									LPS / endotoxin
K00973	388_1	1	1	1									LPS / endotoxin
K00973	391_1	1	1	1									LPS / endotoxin
K00973	392_1	1	1	1									LPS / endotoxin
K00973	395_1	5	7	0.714285714285714									LPS / endotoxin
K00973	396_1	1	1	1									LPS / endotoxin
K00973	398_1	1	4	0.25									LPS / endotoxin
K00973	39_1	9	12	0.75	-1.59593253056797	0.0503680321304428	Pseudomonadota	Gammaproteobacteria	Burkholderiales	Burkholderiaceae	Duodenibacillus	Duodenibacillus sp900544335	LPS / endotoxin
K00973	3_1	1	1	1									LPS / endotoxin
K00973	401_1	10	13	0.769230769230769	-0.0327752358157016	0.974832982541305	Bacillota	Clostridia	Lachnospirales	Lachnospiraceae	Clostridium_AP	Clostridium_AP sp000509125	LPS / endotoxin
K00973	401_2	2	2	1									LPS / endotoxin
K00973	408_1	1	1	1									LPS / endotoxin
K00973	40_1	22	42	0.523809523809524	0.203893836581251	0.833102298794183	Pseudomonadota	Gammaproteobacteria	Burkholderiales	Burkholderiaceae	Parasutterella	Parasutterella excrementihominis	LPS / endotoxin
K00973	40_2	11	33	0.333333333333333	-0.188519900743662	0.757559086992637	Pseudomonadota	Gammaproteobacteria	Burkholderiales	Burkholderiaceae	Parasutterella	Parasutterella gallistercoris	LPS / endotoxin
K00973	413_1	7	8	0.875									LPS / endotoxin
K00973	414_1	1	1	1									LPS / endotoxin
K00973	415_1	7	7	1									LPS / endotoxin
K00973	417_1	37	48	0.770833333333333	-0.703064557130396	0.164161139229001	Bacillota	Clostridia	Oscillospirales	Ruminococcaceae	Ruminococcus_C	Ruminococcus_C sp000980705	LPS / endotoxin
K00973	418_1	15	46	0.326086956521739	-0.882135402996782	0.0170444218845398	Bacillota	Clostridia	Oscillospirales	Ruminococcaceae	Ruminococcus_C	Ruminococcus_C callidus	LPS / endotoxin
K00973	421_1	66	68	0.970588235294118	0.0257428747449579	0.984121165641251	Bacillota	Clostridia	Oscillospirales	Acutalibacteraceae	CAG-217	CAG-217 sp000436335	LPS / endotoxin
K00973	422_1	3	5	0.6									LPS / endotoxin
K00973	428_1	2	2	1									LPS / endotoxin
K00973	42_1	2	3	0.666666666666667									LPS / endotoxin
K00973	430_1	5	5	1									LPS / endotoxin
K00973	431_1	1	1	1									LPS / endotoxin
K00973	434_1	4	4	1									LPS / endotoxin
K00973	435_1	1	1	1									LPS / endotoxin
K00973	437_1	28	64	0.4375	-0.103446247268264	0.906956554086696	Bacillota	Clostridia	Oscillospirales	Acutalibacteraceae	Hominenteromicrobium	Hominenteromicrobium mulieris	LPS / endotoxin
K00973	439_1	1	1	1									LPS / endotoxin
K00973	440_1	1	1	1									LPS / endotoxin
K00973	441_1	1	1	1									LPS / endotoxin
K00973	442_1	9	9	1									LPS / endotoxin
K00973	443_1	6	7	0.857142857142857									LPS / endotoxin
K00973	443_2	1	1	1									LPS / endotoxin
K00973	444_1	54	68	0.794117647058824	0.0267571541175575	0.977036408656166	Bacillota	Bacilli	Lactobacillales	Streptococcaceae	Streptococcus	Streptococcus salivarius	LPS / endotoxin
K00973	444_2	10	10	1	0.204101609936718	0.645351074882835	Bacillota	Bacilli	Lactobacillales	Streptococcaceae	Streptococcus	Streptococcus thermophilus	LPS / endotoxin
K00973	445_1	2	5	0.4									LPS / endotoxin
K00973	445_2	1	1	1									LPS / endotoxin
K00973	445_3	1	1	1									LPS / endotoxin
K00973	446_1	4	4	1									LPS / endotoxin
K00973	446_2	12	16	0.75	0.132508502777099	0.903548698977595	Bacillota	Bacilli	Lactobacillales	Streptococcaceae	Streptococcus	""	LPS / endotoxin
K00973	446_3	3	4	0.75									LPS / endotoxin
K00973	446_6	1	1	1									LPS / endotoxin
K00973	446_7	1	1	1									LPS / endotoxin
K00973	447_1	2	2	1									LPS / endotoxin
K00973	447_2	3	6	0.5									LPS / endotoxin
K00973	448_1	1	1	1									LPS / endotoxin
K00973	448_2	1	1	1									LPS / endotoxin
K00973	449_1	1	1	1									LPS / endotoxin
K00973	450_1	10	11	0.909090909090909	0.275667485344944	0.579276240707327	Bacillota	Bacilli	Lactobacillales	Streptococcaceae	Lactococcus	Lactococcus lactis	LPS / endotoxin
K00973	451_1	2	2	1									LPS / endotoxin
K00973	452_1	1	2	0.5									LPS / endotoxin
K00973	453_1	3	3	1									LPS / endotoxin
K00973	453_2	6	9	0.666666666666667									LPS / endotoxin
K00973	454_1	3	4	0.75									LPS / endotoxin
K00973	455_1	5	6	0.833333333333333									LPS / endotoxin
K00973	456_1	9	9	1									LPS / endotoxin
K00973	456_2	3	6	0.5									LPS / endotoxin
K00973	456_3	1	1	1									LPS / endotoxin
K00973	457_1	1	1	1									LPS / endotoxin
K00973	458_1	1	1	1									LPS / endotoxin
K00973	459_1	1	3	0.333333333333333									LPS / endotoxin
K00973	45_1	1	4	0.25									LPS / endotoxin
K00973	460_1	1	2	0.5									LPS / endotoxin
K00973	463_1	1	1	1									LPS / endotoxin
K00973	466_1	9	10	0.9	-3.06343954821758	0.0228985834013386	Bacillota	Clostridia	Oscillospirales	Acutalibacteraceae	CAG-177	CAG-177 sp000431775	LPS / endotoxin
K00973	468_1	21	21	1	0.0957629958797071	0.927175507808937	Bacillota	Clostridia	Oscillospirales	Acutalibacteraceae	CAG-177	CAG-177 sp003538135	LPS / endotoxin
K00973	468_2	47	47	1	-0.12260223506872	0.917709957555471	Bacillota	Clostridia	Oscillospirales	Acutalibacteraceae	CAG-177	CAG-177 sp003514385	LPS / endotoxin
K00973	472_1	4	4	1									LPS / endotoxin
K00973	473_1	5	5	1									LPS / endotoxin
K00973	473_2	11	14	0.785714285714286	-0.912928454314327	0.190198928456519	Bacillota	Clostridia	Oscillospirales	Acutalibacteraceae	CAG-488	CAG-488 sp000434055	LPS / endotoxin
K00973	473_3	1	1	1									LPS / endotoxin
K00973	478_1	4	7	0.571428571428571									LPS / endotoxin
K00973	482_1	4	7	0.571428571428571									LPS / endotoxin
K00973	483_1	4	4	1									LPS / endotoxin
K00973	484_1	4	8	0.5									LPS / endotoxin
K00973	486_11	1	1	1									LPS / endotoxin
K00973	486_13	1	1	1									LPS / endotoxin
K00973	486_9	1	1	1									LPS / endotoxin
K00973	487_1	6	6	1									LPS / endotoxin
K00973	488_1	6	6	1									LPS / endotoxin
K00973	489_1	8	10	0.8	-0.953320572736515	0.120516227904004	Bacillota	Clostridia	Peptostreptococcales	Anaerovoracaceae	Hominibacterium	Hominibacterium hominis	LPS / endotoxin
K00973	48_1	1	1	1									LPS / endotoxin
K00973	490_1	26	46	0.565217391304348	-0.304664411167838	0.668523329329729	Bacillota	Clostridia	Lachnospirales	Lachnospiraceae	Claveliimonas	Claveliimonas ammoniilytica	LPS / endotoxin
K00973	491_1	1	2	0.5									LPS / endotoxin
K00973	492_1	3	4	0.75									LPS / endotoxin
K00973	492_2	7	7	1									LPS / endotoxin
K00973	494_1	27	28	0.964285714285714	0.12360604124457	0.857598970815532	Bacillota	Clostridia	Lachnospirales	CAG-274	CAG-274	CAG-274 sp900545305	LPS / endotoxin
K00973	494_2	49	50	0.98	0.167720074272404	0.849404650914935	Bacillota	Clostridia	Lachnospirales	CAG-274	CAG-274	CAG-274 sp000432155	LPS / endotoxin
K00973	495_1	1	1	1									LPS / endotoxin
K00973	496_1	1	1	1									LPS / endotoxin
K00973	497_1	1	1	1									LPS / endotoxin
K00973	498_1	137	147	0.931972789115646	0.498026934939559	0.125193748224458	Bacillota	Clostridia	Oscillospirales	Butyricicoccaceae	Agathobaculum	Agathobaculum butyriciproducens	LPS / endotoxin
K00973	498_2	1	1	1									LPS / endotoxin
K00973	499_1	10	14	0.714285714285714	-0.572134559001391	0.418384230058245	Bacillota	Clostridia	Oscillospirales	Butyricicoccaceae	Agathobaculum	Agathobaculum sp900544475	LPS / endotoxin
K00973	4_1	18	20	0.9	-0.84380619277371	0.148414564832512	Methanobacteriota	Methanobacteria	Methanobacteriales	Methanobacteriaceae	Methanocatella	Methanocatella smithii	LPS / endotoxin
K00973	500_1	18	40	0.45	-0.384101537199025	0.464887811990392	Bacillota	Clostridia	Oscillospirales	Butyricicoccaceae	Agathobaculum	Agathobaculum hominis	LPS / endotoxin
K00973	501_1	1	1	1									LPS / endotoxin
K00973	502_1	1	1	1									LPS / endotoxin
K00973	503_1	1	1	1									LPS / endotoxin
K00973	504_1	7	7	1									LPS / endotoxin
K00973	505_1	2	2	1									LPS / endotoxin
K00973	508_1	2	4	0.5									LPS / endotoxin
K00973	50_1	2	2	1									LPS / endotoxin
K00973	510_1	15	48	0.3125	-0.0908642551778141	0.927175507808937	Bacillota	Negativicutes	Selenomonadales	Selenomonadaceae	Mitsuokella	Mitsuokella jalaludinii	LPS / endotoxin
K00973	510_2	5	5	1									LPS / endotoxin
K00973	511_1	1	1	1									LPS / endotoxin
K00973	513_1	5	7	0.714285714285714									LPS / endotoxin
K00973	514_1	19	27	0.703703703703704	-0.530933832402954	0.137042122806942	Bacillota	Clostridia	Lachnospirales	Lachnospiraceae	Choladousia	Choladousia sp902363135	LPS / endotoxin
K00973	515_1	8	8	1									LPS / endotoxin
K00973	515_2	2	2	1									LPS / endotoxin
K00973	516_1	17	21	0.80952380952381	0.426857283924984	0.287585184077375	Bacillota	Clostridia	Lachnospirales	Lachnospiraceae	Hominiventricola	Hominiventricola aquisgranensis	LPS / endotoxin
K00973	517_1	2	3	0.666666666666667									LPS / endotoxin
K00973	517_2	1	1	1									LPS / endotoxin
K00973	520_1	119	125	0.952	0.553078366778072	0.111937157257548	Bacillota	Clostridia	UBA1381	UBA1381	Hominilimicola	Hominilimicola fabiformis	LPS / endotoxin
K00973	522_1	4	4	1									LPS / endotoxin
K00973	524_1	40	128	0.3125	0.978725947890569	0.0238024965733005	Bacillota	Clostridia	Oscillospirales	Acutalibacteraceae	Ruminococcoides	Ruminococcoides intestinale	LPS / endotoxin
K00973	524_2	1	3	0.333333333333333									LPS / endotoxin
K00973	525_1	4	4	1									LPS / endotoxin
K00973	527_1	1	3	0.333333333333333									LPS / endotoxin
K00973	528_1	1	1	1									LPS / endotoxin
K00973	52_1	1	1	1									LPS / endotoxin
K00973	530_1	3	7	0.428571428571429									LPS / endotoxin
K00973	531_1	1	1	1									LPS / endotoxin
K00973	533_1	3	3	1									LPS / endotoxin
K00973	534_1	1	1	1									LPS / endotoxin
K00973	535_1	1	1	1									LPS / endotoxin
K00973	538_1	1	3	0.333333333333333									LPS / endotoxin
K00973	539_1	3	11	0.272727272727273	0.131522587006985	0.869091839001416	Bacillota	Negativicutes	Veillonellales	Megasphaeraceae	Caecibacter	Caecibacter massiliensis	LPS / endotoxin
K00973	53_1	1	1	1									LPS / endotoxin
K00973	540_1	1	1	1									LPS / endotoxin
K00973	541_1	7	7	1									LPS / endotoxin
K00973	541_2	28	30	0.933333333333333	-0.136009261813823	0.857598970815532	Bacillota	Negativicutes	Veillonellales	Megasphaeraceae	Megasphaera	Megasphaera elsdenii	LPS / endotoxin
K00973	542_1	6	6	1									LPS / endotoxin
K00973	542_2	1	1	1									LPS / endotoxin
K00973	543_1	1	1	1									LPS / endotoxin
K00973	547_1	10	24	0.416666666666667	-0.600102042337062	0.210717481829925	Bacillota	Negativicutes	Veillonellales	Dialisteraceae	Dialister	Dialister sp000434475	LPS / endotoxin
K00973	548_1	1	2	0.5									LPS / endotoxin
K00973	549_1	3	11	0.272727272727273	0.236742646516818	0.692843369608951	Bacillota	Negativicutes	Veillonellales	Dialisteraceae	Dialister	Dialister sp002320515	LPS / endotoxin
K00973	54_1	3	3	1									LPS / endotoxin
K00973	550_1	67	74	0.905405405405405	0.216086250543238	0.716644473768369	Bacillota	Clostridia	Lachnospirales	Lachnospiraceae	Acetatifactor	Acetatifactor acetigignens	LPS / endotoxin
K00973	550_2	53	57	0.929824561403509	-0.0992025188400592	0.906956554086696	Bacillota	Clostridia	Lachnospirales	Lachnospiraceae	Acetatifactor	Acetatifactor intestinalis	LPS / endotoxin
K00973	550_3	3	3	1									LPS / endotoxin
K00973	550_4	1	1	1									LPS / endotoxin
K00973	550_5	1	1	1									LPS / endotoxin
K00973	555_1	1	1	1									LPS / endotoxin
K00973	557_1	8	9	0.888888888888889									LPS / endotoxin
K00973	558_1	20	21	0.952380952380952	-1.12439768790525	0.0554577892873342	Bacillota	Clostridia	Lachnospirales	Lachnospiraceae	Jutongia	Jutongia huaianensis	LPS / endotoxin
K00973	559_1	3	3	1									LPS / endotoxin
K00973	560_1	22	22	1	-0.930715022216706	0.0359058786151043	Bacillota	Clostridia	Lachnospirales	Lachnospiraceae	Butyribacter	Butyribacter hominis	LPS / endotoxin
K00973	561_1	4	5	0.8									LPS / endotoxin
K00973	562_1	26	35	0.742857142857143	-0.674329998413561	0.148160139561155	Bacillota	Clostridia	Lachnospirales	Lachnospiraceae	Eubacterium_U	""	LPS / endotoxin
K00973	563_1	3	10	0.3	-0.429045273759109	0.313942333611298	Bacillota	Clostridia	Lachnospirales	Lachnospiraceae	Eubacterium_G	Eubacterium_G sp000435815	LPS / endotoxin
K00973	564_1	4	4	1									LPS / endotoxin
K00973	565_1	31	93	0.333333333333333	0.278681088721094	0.746899061905011	Bacillota	Clostridia	Lachnospirales	Lachnospiraceae	Eubacterium_G	Eubacterium_G ventriosum	LPS / endotoxin
K00973	566_1	73	75	0.973333333333333	-0.12964571561017	0.839584115395913	Bacillota	Clostridia	Lachnospirales	Anaerotignaceae	Anaerotignum_A	""	LPS / endotoxin
K00973	566_2	1	2	0.5									LPS / endotoxin
K00973	567_1	53	58	0.913793103448276	-0.534569736269385	0.381094120851295	Bacillota	Clostridia	Lachnospirales	Lachnospiraceae	Butyribacter	Butyribacter sp003529475	LPS / endotoxin
K00973	569_1	2	2	1									LPS / endotoxin
K00973	570_1	43	43	1	-0.149620810363001	0.887029875860752	Bacillota	Clostridia	Lachnospirales	Lachnospiraceae	Eubacterium_F	Eubacterium_F sp003491505	LPS / endotoxin
K00973	571_1	4	4	1									LPS / endotoxin
K00973	572_1	3	3	1									LPS / endotoxin
K00973	573_1	2	2	1									LPS / endotoxin
K00973	574_2	10	14	0.714285714285714	-1.01839660522183	0.009235483070221	Bacillota	Clostridia	Lachnospirales	Lachnospiraceae	Coprococcus	Coprococcus sp000154245	LPS / endotoxin
K00973	575_1	14	49	0.285714285714286	-1.12202313750731	0.0037506704159551	Bacillota	Clostridia	Lachnospirales	Lachnospiraceae	Coprococcus	Coprococcus aceti	LPS / endotoxin
K00973	575_2	5	7	0.714285714285714									LPS / endotoxin
K00973	575_3	2	2	1									LPS / endotoxin
K00973	576_1	7	7	1									LPS / endotoxin
K00973	578_1	54	66	0.818181818181818	-0.235472875228636	0.810234067666634	Bacillota	Clostridia	Lachnospirales	Lachnospiraceae	Wujia	Wujia hominis	LPS / endotoxin
K00973	579_1	19	19	1	-0.148661861272639	0.867043648029672	Bacillota	Clostridia	Lachnospirales	Lachnospiraceae	Butyribacter	Butyribacter sp000436755	LPS / endotoxin
K00973	580_1	21	23	0.91304347826087	-0.325521708151126	0.621007671806081	Bacillota	Clostridia	Lachnospirales	Lachnospiraceae	Butyribacter	Butyribacter intestini	LPS / endotoxin
K00973	581_1	2	2	1									LPS / endotoxin
K00973	582_1	142	153	0.928104575163399	0.668035923554365	0.0623596104399875	Bacillota	Clostridia	Lachnospirales	Lachnospiraceae	Anthropogastromicrobium	Anthropogastromicrobium aceti	LPS / endotoxin
K00973	582_2	1	1	1									LPS / endotoxin
K00973	583_1	36	40	0.9	-0.877487206020384	0.0259869101892949	Bacillota	Clostridia	Lachnospirales	Lachnospiraceae	Gallintestinimicrobium	Gallintestinimicrobium propionicum	LPS / endotoxin
K00973	588_1	1	1	1									LPS / endotoxin
K00973	589_1	1	1	1									LPS / endotoxin
K00973	58_1	1	1	1									LPS / endotoxin
K00973	591_1	2	3	0.666666666666667									LPS / endotoxin
K00973	592_1	1	1	1									LPS / endotoxin
K00973	593_1	2	3	0.666666666666667									LPS / endotoxin
K00973	594_1	41	51	0.803921568627451	-0.66003620980095	0.158903203223663	Bacillota	Clostridia	Lachnospirales	Lachnospiraceae	Pararoseburia	Pararoseburia lenta	LPS / endotoxin
K00973	595_1	34	40	0.85	-0.462788412645942	0.445358515766853	Bacillota	Clostridia	Lachnospirales	Lachnospiraceae	Limivivens	Limivivens faecihominis	LPS / endotoxin
K00973	596_1	8	8	1									LPS / endotoxin
K00973	597_1	1	2	0.5									LPS / endotoxin
K00973	598_1	18	23	0.782608695652174	-0.986699018067629	0.0337894963134003	Bacillota	Clostridia	Lachnospirales	Lachnospiraceae	Maccoya	Maccoya intestinihominis	LPS / endotoxin
K00973	599_1	80	83	0.963855421686747	-0.203608742919372	0.757559086992637	Bacillota	Clostridia	Lachnospirales	Lachnospiraceae	Hominisplanchenecus	Hominisplanchenecus faecis	LPS / endotoxin
K00973	5_1	13	13	1	-0.816262599233828	0.166422765610922	Methanobacteriota	Methanobacteria	Methanobacteriales	Methanobacteriaceae	Methanosphaera	Methanosphaera stadtmanae	LPS / endotoxin
K00973	600_1	10	10	1	-1.43544139490868	0.00981902367853479	Bacillota	Clostridia	Lachnospirales	Lachnospiraceae	Bacteroides_F	Bacteroides_F pectinophilus	LPS / endotoxin
K00973	601_1	114	122	0.934426229508197	0.534414487969866	0.127679421011774	Bacillota	Clostridia	Lachnospirales	Lachnospiraceae	Lachnospira	Lachnospira eligens_A	LPS / endotoxin
K00973	601_2	4	4	1									LPS / endotoxin
K00973	601_3	1	1	1									LPS / endotoxin
K00973	601_4	3	4	0.75									LPS / endotoxin
K00973	602_1	103	104	0.990384615384615	-0.136158980565996	0.826104310757962	Bacillota	Clostridia	Lachnospirales	Lachnospiraceae	Lachnospira	Lachnospira rogosae	LPS / endotoxin
K00973	603_1	27	28	0.964285714285714	-0.726103150210651	0.0867577302918209	Bacillota	Clostridia	Lachnospirales	Lachnospiraceae	Lachnospira	Lachnospira sp000436535	LPS / endotoxin
K00973	604_1	35	39	0.897435897435897	-0.101728615927904	0.917423232123717	Bacillota	Clostridia	Lachnospirales	Lachnospiraceae	Lachnospira	Lachnospira sp000436475	LPS / endotoxin
K00973	605_1	81	82	0.987804878048781	-0.14357911844854	0.850454342189356	Bacillota	Clostridia	Lachnospirales	Lachnospiraceae	Lachnospira	Lachnospira sp000437735	LPS / endotoxin
K00973	606_1	69	77	0.896103896103896	0.00448851831298221	0.998990799564075	Bacillota	Clostridia	Lachnospirales	Lachnospiraceae	Lachnospira	Lachnospira hominis	LPS / endotoxin
K00973	607_1	24	26	0.923076923076923	-0.171930815266113	0.855856822026673	Bacillota	Clostridia	Lachnospirales	Lachnospiraceae	Lachnospira	Lachnospira sp900545725	LPS / endotoxin
K00973	608_1	5	6	0.833333333333333									LPS / endotoxin
K00973	609_1	4	6	0.666666666666667									LPS / endotoxin
K00973	60_1	2	3	0.666666666666667									LPS / endotoxin
K00973	60_5	1	3	0.333333333333333									LPS / endotoxin
K00973	610_1	15	18	0.833333333333333	0.518970711661107	0.170734728992609	Bacillota	Clostridia	Lachnospirales	Lachnospiraceae	Faecalimonas	Faecalimonas umbilicata	LPS / endotoxin
K00973	613_1	9	10	0.9	-0.616994015464299	0.278627870170504	Bacillota	Clostridia	Lachnospirales	Lachnospiraceae	Schaedlerella	""	LPS / endotoxin
K00973	614_1	15	57	0.263157894736842	-0.529193235376825	0.243656462801689	Bacillota	Clostridia	Lachnospirales	Lachnospiraceae	Mediterraneibacter	Mediterraneibacter lactaris	LPS / endotoxin
K00973	615_1	27	89	0.303370786516854	0.580059154903108	0.0795060788865612	Bacillota	Clostridia	Lachnospirales	Lachnospiraceae	Mediterraneibacter	Mediterraneibacter faecis	LPS / endotoxin
K00973	616_1	24	30	0.8	-0.373281087895959	0.632623001860102	Bacillota	Clostridia	Lachnospirales	Lachnospiraceae	Bariatricus	Bariatricus comes	LPS / endotoxin
K00973	617_1	1	4	0.25									LPS / endotoxin
K00973	618_1	39	47	0.829787234042553	-0.0335793821109907	0.97869908170741	Bacillota	Clostridia	Lachnospirales	Lachnospiraceae	Dorea_A	Dorea_A sp019421265	LPS / endotoxin
K00973	618_2	32	48	0.666666666666667	-0.439606813084421	0.599296942781166	Bacillota	Clostridia	Lachnospirales	Lachnospiraceae	Dorea_A	Dorea_A longicatena	LPS / endotoxin
K00973	619_1	38	55	0.690909090909091	-0.634037777400313	0.163423091828184	Bacillota	Clostridia	Lachnospirales	Lachnospiraceae	Dorea	Dorea formicigenerans	LPS / endotoxin
K00973	622_1	2	2	1									LPS / endotoxin
K00973	623_1	16	19	0.842105263157895	0.782161100459263	0.239302467497399	Bacillota	Clostridia	Lachnospirales	Lachnospiraceae	Schaedlerella	Schaedlerella glycyrrhizinilytica_A	LPS / endotoxin
K00973	624_1	5	6	0.833333333333333									LPS / endotoxin
K00973	628_1	1	1	1									LPS / endotoxin
K00973	629_1	24	32	0.75	0.173994413621363	0.781911157646849	Bacillota	Clostridia	Lachnospirales	Lachnospiraceae	Sellimonas	Sellimonas intestinalis	LPS / endotoxin
K00973	630_1	3	3	1									LPS / endotoxin
K00973	632_1	1	1	1									LPS / endotoxin
K00973	633_1	59	75	0.786666666666667	-0.108000833496613	0.874535489671309	Bacillota	Clostridia	Lachnospirales	Lachnospiraceae	Ruminococcus_B	Ruminococcus_B gnavus	LPS / endotoxin
K00973	634_1	1	1	1									LPS / endotoxin
K00973	635_1	2	2	1									LPS / endotoxin
K00973	636_1	5	6	0.833333333333333									LPS / endotoxin
K00973	637_1	3	3	1									LPS / endotoxin
K00973	637_2	8	9	0.888888888888889									LPS / endotoxin
K00973	643_1	2	2	1									LPS / endotoxin
K00973	644_1	2	2	1									LPS / endotoxin
K00973	648_1	1	1	1									LPS / endotoxin
K00973	649_1	1	1	1									LPS / endotoxin
K00973	650_1	1	1	1									LPS / endotoxin
K00973	656_1	1	1	1									LPS / endotoxin
K00973	657_1	1	2	0.5									LPS / endotoxin
K00973	661_1	1	1	1									LPS / endotoxin
K00973	662_1	1	1	1									LPS / endotoxin
K00973	663_1	1	3	0.333333333333333									LPS / endotoxin
K00973	669_1	7	11	0.636363636363636	-0.816420843338708	0.120516227904004	Bacillota	Clostridia	Lachnospirales	Lachnospiraceae	Limivivens	Limivivens sp905214955	LPS / endotoxin
K00973	66_1	1	1	1									LPS / endotoxin
K00973	66_2	6	8	0.75									LPS / endotoxin
K00973	670_1	1	1	1									LPS / endotoxin
K00973	671_1	163	172	0.947674418604651	0.549854492991251	0.262433818899557	Bacillota	Clostridia	Lachnospirales	Lachnospiraceae	Anaerostipes	Anaerostipes hadrus	LPS / endotoxin
K00973	671_2	8	12	0.666666666666667	-0.0230868003992087	0.984636756118392	Bacillota	Clostridia	Lachnospirales	Lachnospiraceae	Anaerostipes	Anaerostipes amylophilus	LPS / endotoxin
K00973	671_3	1	3	0.333333333333333									LPS / endotoxin
K00973	672_1	119	136	0.875	0.370003371179614	0.495263230965692	Bacillota	Clostridia	Lachnospirales	Lachnospiraceae	Anaerobutyricum	Anaerobutyricum hallii	LPS / endotoxin
K00973	673_1	44	51	0.862745098039216	0.212699248990672	0.789180285008668	Bacillota	Clostridia	Lachnospirales	Lachnospiraceae	Anaerobutyricum	Anaerobutyricum soehngenii	LPS / endotoxin
K00973	674_1	1	1	1									LPS / endotoxin
K00973	675_1	178	186	0.956989247311828	0.905179036869504	0.141624400887205	Bacillota	Clostridia	Lachnospirales	Lachnospiraceae	Fusicatenibacter	Fusicatenibacter saccharivorans	LPS / endotoxin
K00973	676_1	4	4	1									LPS / endotoxin
K00973	677_1	2	2	1									LPS / endotoxin
K00973	678_1	35	36	0.972222222222222	1.01113164271323	0.0961411899936891	Bacillota	Clostridia	Lachnospirales	Lachnospiraceae	Blautia_A	Blautia_A caecimuris	LPS / endotoxin
K00973	679_1	2	2	1									LPS / endotoxin
K00973	67_1	1	1	1									LPS / endotoxin
K00973	680_1	25	28	0.892857142857143	-0.31822628288637	0.699329897153679	Bacillota	Clostridia	Lachnospirales	Lachnospiraceae	Blautia_A	Blautia_A intestinihominis	LPS / endotoxin
K00973	680_2	2	2	1									LPS / endotoxin
K00973	680_3	1	1	1									LPS / endotoxin
K00973	681_1	25	27	0.925925925925926	-0.268815823492539	0.788367045111025	Bacillota	Clostridia	Lachnospirales	Lachnospiraceae	Blautia_A	Blautia_A obeum	LPS / endotoxin
K00973	682_1	8	8	1									LPS / endotoxin
K00973	682_2	1	1	1									LPS / endotoxin
K00973	683_1	6	9	0.666666666666667									LPS / endotoxin
K00973	683_2	2	2	1									LPS / endotoxin
K00973	684_1	5	6	0.833333333333333									LPS / endotoxin
K00973	684_2	102	105	0.971428571428571	0.40025648902236	0.501567075761143	Bacillota	Clostridia	Lachnospirales	Lachnospiraceae	Blautia_A	Blautia_A fusiformis	LPS / endotoxin
K00973	684_3	3	4	0.75									LPS / endotoxin
K00973	684_4	1	1	1									LPS / endotoxin
K00973	685_1	2	2	1									LPS / endotoxin
K00973	686_1	7	12	0.583333333333333	0.104587309187506	0.915655769990715	Bacillota	Clostridia	Lachnospirales	Lachnospiraceae	Blautia_A	Blautia_A difficilis	LPS / endotoxin
K00973	687_1	5	10	0.5	-0.739216562131549	0.140676023121156	Bacillota	Clostridia	Lachnospirales	Lachnospiraceae	Blautia_A	Blautia_A sp003471165	LPS / endotoxin
K00973	687_3	1	1	1									LPS / endotoxin
K00973	688_1	2	2	1									LPS / endotoxin
K00973	689_1	140	152	0.921052631578947	0.345740421168533	0.613432355895215	Bacillota	Clostridia	Lachnospirales	Lachnospiraceae	Blautia_A	Blautia_A wexlerae	LPS / endotoxin
K00973	689_2	1	2	0.5									LPS / endotoxin
K00973	689_3	1	1	1									LPS / endotoxin
K00973	68_1	1	1	1									LPS / endotoxin
K00973	690_1	16	17	0.941176470588235	-0.18629011572555	0.716644473768369	Bacillota	Clostridia	Lachnospirales	Lachnospiraceae	Blautia_A	Blautia_A acetigignens	LPS / endotoxin
K00973	690_2	1	1	1									LPS / endotoxin
K00973	691_1	79	102	0.774509803921569	0.255816203361653	0.589314244068348	Bacillota	Clostridia	Lachnospirales	Lachnospiraceae	Blautia_A	Blautia_A faecis	LPS / endotoxin
K00973	691_2	3	3	1									LPS / endotoxin
K00973	692_1	1	1	1									LPS / endotoxin
K00973	693_1	41	44	0.931818181818182	0.13111921488241	0.897099977041137	Bacillota	Clostridia	Lachnospirales	Lachnospiraceae	Blautia	""	LPS / endotoxin
K00973	693_2	34	34	1	-0.862191818977854	0.0959908867751955	Bacillota	Clostridia	Lachnospirales	Lachnospiraceae	Blautia	Blautia stercoris	LPS / endotoxin
K00973	694_1	3	3	1									LPS / endotoxin
K00973	694_2	1	1	1									LPS / endotoxin
K00973	695_1	1	1	1									LPS / endotoxin
K00973	6_1	1	2	0.5									LPS / endotoxin
K00973	701_1	11	12	0.916666666666667	-0.213140673170657	0.770318580797188	Bacillota	Clostridia	Lachnospirales	Lachnospiraceae	CAG-882	CAG-882 sp003486385	LPS / endotoxin
K00973	702_1	8	8	1									LPS / endotoxin
K00973	703_1	3	3	1									LPS / endotoxin
K00973	704_1	57	65	0.876923076923077	-0.386927042494291	0.428464365247671	Bacillota	Clostridia	Lachnospirales	Lachnospiraceae	Oliverpabstia	Oliverpabstia tarda	LPS / endotoxin
K00973	704_2	18	26	0.692307692307692	-0.420615476281388	0.53121493408492	Bacillota	Clostridia	Lachnospirales	Lachnospiraceae	Oliverpabstia	Oliverpabstia faecicola	LPS / endotoxin
K00973	705_1	19	25	0.76	-0.594206795190536	0.2575135271958	Bacillota	Clostridia	Lachnospirales	Lachnospiraceae	Roseburia_C	Roseburia_C amylophila	LPS / endotoxin
K00973	706_1	4	4	1									LPS / endotoxin
K00973	707_1	133	158	0.841772151898734	0.0523203455247144	0.943770492010822	Bacillota	Clostridia	Lachnospirales	Lachnospiraceae	Agathobacter	Agathobacter rectalis	LPS / endotoxin
K00973	709_1	1	2	0.5									LPS / endotoxin
K00973	710_1	89	150	0.593333333333333	0.85480296272283	0.0514282804776056	Bacillota	Clostridia	Lachnospirales	Lachnospiraceae	Agathobacter	Agathobacter faecis	LPS / endotoxin
K00973	711_1	5	5	1									LPS / endotoxin
K00973	712_1	34	40	0.85	-0.0267325133658708	0.984636756118392	Bacillota	Clostridia	Lachnospirales	Lachnospiraceae	Roseburia	Roseburia intestinalis	LPS / endotoxin
K00973	712_2	5	6	0.833333333333333									LPS / endotoxin
K00973	714_1	33	64	0.515625	0.205455841668231	0.705786770019968	Bacillota	Clostridia	Lachnospirales	Lachnospiraceae	Roseburia	Roseburia inulinivorans	LPS / endotoxin
K00973	715_1	23	27	0.851851851851852	0.912994185370163	0.111471662023527	Bacillota	Clostridia	Lachnospirales	Lachnospiraceae	Blautia	Blautia hansenii	LPS / endotoxin
K00973	715_2	2	2	1									LPS / endotoxin
K00973	716_1	8	8	1									LPS / endotoxin
K00973	717_1	1	1	1									LPS / endotoxin
K00973	718_1	2	2	1									LPS / endotoxin
K00973	719_1	25	26	0.961538461538461	0.428721550646138	0.587331583512973	Bacillota	Clostridia	Lachnospirales	Lachnospiraceae	Blautia	Blautia sp900541955	LPS / endotoxin
K00973	71_1	1	2	0.5									LPS / endotoxin
K00973	720_1	5	6	0.833333333333333									LPS / endotoxin
K00973	721_1	18	19	0.947368421052632	-0.136832962652323	0.874535489671309	Bacillota	Clostridia	Lachnospirales	Lachnospiraceae	CAG-303	CAG-303 sp000437755	LPS / endotoxin
K00973	722_1	1	1	1									LPS / endotoxin
K00973	723_1	1	1	1									LPS / endotoxin
K00973	724_1	1	1	1									LPS / endotoxin
K00973	725_1	1	1	1									LPS / endotoxin
K00973	727_1	1	1	1									LPS / endotoxin
K00973	728_1	1	1	1									LPS / endotoxin
K00973	729_1	13	13	1	-1.4389605436868	0.00240146105029924	Bacillota	Clostridia	Lachnospirales	Lachnospiraceae	Butyrivibrio_A	Butyrivibrio_A crossota	LPS / endotoxin
K00973	72_1	5	6	0.833333333333333									LPS / endotoxin
K00973	730_1	7	7	1									LPS / endotoxin
K00973	731_1	10	11	0.909090909090909	-2.04871525105564	0.00496405451323191	Bacillota	Clostridia	Lachnospirales	Lachnospiraceae	CAG-194	CAG-194 sp000432915	LPS / endotoxin
K00973	732_1	2	2	1									LPS / endotoxin
K00973	733_1	12	13	0.923076923076923	-1.89879920477747	0.0442997574675555	Bacillota	Clostridia	Lachnospirales	Lachnospiraceae	Suilimivivens	Suilimivivens sp000438155	LPS / endotoxin
K00973	734_1	1	1	1									LPS / endotoxin
K00973	735_1	2	3	0.666666666666667									LPS / endotoxin
K00973	736_1	33	91	0.362637362637363	0.136674458664275	0.814141225401884	Bacillota	Clostridia	Lachnospirales	Lachnospiraceae	Coprococcus_A	Coprococcus_A intestinihominis	LPS / endotoxin
K00973	736_2	4	14	0.285714285714286	-0.240745877707547	0.763601773509143	Bacillota	Clostridia	Lachnospirales	Lachnospiraceae	Coprococcus_A	Coprococcus_A catus	LPS / endotoxin
K00973	737_1	63	71	0.887323943661972	-0.493288302160901	0.304583391340693	Bacillota	Clostridia	Lachnospirales	Lachnospiraceae	Roseburia	Roseburia hominis	LPS / endotoxin
K00973	738_1	8	8	1									LPS / endotoxin
K00973	739_1	10	14	0.714285714285714	-0.699920988415974	0.0388195187070003	Bacillota	Clostridia	Lachnospirales	Lachnospiraceae	Suilimivivens	Suilimivivens aceti	LPS / endotoxin
K00973	740_1	37	50	0.74	-0.531652049514189	0.524694664837246	Bacillota	Clostridia	Lachnospirales	Lachnospiraceae	UBA3402	UBA3402 sp003478355	LPS / endotoxin
K00973	740_2	1	1	1									LPS / endotoxin
K00973	741_1	4	4	1									LPS / endotoxin
K00973	742_1	34	35	0.971428571428571	0.261407436398267	0.654951089379597	Bacillota	Clostridia	Lachnospirales	Lachnospiraceae	Otoolea	Otoolea sp000435655	LPS / endotoxin
K00973	743_1	1	1	1									LPS / endotoxin
K00973	743_2	1	1	1									LPS / endotoxin
K00973	744_1	15	17	0.882352941176471	0.409466631563058	0.498146507310334	Bacillota	Clostridia	Lachnospirales	Lachnospiraceae	Brotaphodocola	Brotaphodocola sp900538475	LPS / endotoxin
K00973	744_2	1	1	1									LPS / endotoxin
K00973	745_1	8	9	0.888888888888889									LPS / endotoxin
K00973	746_1	2	2	1									LPS / endotoxin
K00973	747_1	1	1	1									LPS / endotoxin
K00973	747_2	2	3	0.666666666666667									LPS / endotoxin
K00973	747_3	2	4	0.5									LPS / endotoxin
K00973	748_1	34	39	0.871794871794872	-0.789974310512618	0.132634441365631	Bacillota	Clostridia	Lachnospirales	Lachnospiraceae	Brotaphodocola	Brotaphodocola sp003480315	LPS / endotoxin
K00973	748_2	12	17	0.705882352941177	-0.257033069994511	0.621007671806081	Bacillota	Clostridia	Lachnospirales	Lachnospiraceae	Brotaphodocola	Brotaphodocola sp003478505	LPS / endotoxin
K00973	748_3	1	1	1									LPS / endotoxin
K00973	749_1	154	159	0.968553459119497	-0.138641879962926	0.870212501843107	Bacillota	Clostridia	Lachnospirales	Lachnospiraceae	Otoolea	Otoolea fessa	LPS / endotoxin
K00973	74_1	1	1	1									LPS / endotoxin
K00973	750_1	23	23	1	0.0750243767748776	0.935556466053977	Bacillota	Clostridia	Lachnospirales	Lachnospiraceae	Alitiscatomonas	Alitiscatomonas aceti	LPS / endotoxin
K00973	751_1	2	2	1									LPS / endotoxin
K00973	752_1	108	124	0.870967741935484	0.503170989056048	0.24030078660895	Bacillota	Clostridia	Lachnospirales	Lachnospiraceae	Pilosibacter	Pilosibacter fragilis	LPS / endotoxin
K00973	752_2	16	19	0.842105263157895	-0.694497039462135	0.269478383177635	Bacillota	Clostridia	Lachnospirales	Lachnospiraceae	Pilosibacter	Pilosibacter sp900066785	LPS / endotoxin
K00973	752_3	5	5	1									LPS / endotoxin
K00973	752_4	1	1	1									LPS / endotoxin
K00973	753_1	5	6	0.833333333333333									LPS / endotoxin
K00973	754_1	3	3	1									LPS / endotoxin
K00973	754_2	2	2	1									LPS / endotoxin
K00973	755_1	3	3	1									LPS / endotoxin
K00973	756_1	99	109	0.908256880733945	0.201675598319069	0.72237476333877	Bacillota	Clostridia	Lachnospirales	Lachnospiraceae	Enterocloster	Enterocloster sp000431375	LPS / endotoxin
K00973	756_2	24	27	0.888888888888889	-1.29505069239	0.0209923087006977	Bacillota	Clostridia	Lachnospirales	Lachnospiraceae	Enterocloster	Enterocloster sp900541315	LPS / endotoxin
K00973	756_3	1	1	1									LPS / endotoxin
K00973	756_4	1	1	1									LPS / endotoxin
K00973	757_1	2	2	1									LPS / endotoxin
K00973	758_1	56	60	0.933333333333333	0.793121393333542	0.0436629946280636	Bacillota	Clostridia	Lachnospirales	Lachnospiraceae	Enterocloster	Enterocloster sp001517625	LPS / endotoxin
K00973	759_1	6	6	1									LPS / endotoxin
K00973	75_1	2	4	0.5									LPS / endotoxin
K00973	760_1	22	22	1	0.0368994370031712	0.982138997559126	Bacillota	Clostridia	Lachnospirales	Lachnospiraceae	Enterocloster	Enterocloster bolteae	LPS / endotoxin
K00973	760_2	2	2	1									LPS / endotoxin
K00973	761_1	3	4	0.75									LPS / endotoxin
K00973	762_1	1	1	1									LPS / endotoxin
K00973	763_1	4	5	0.8									LPS / endotoxin
K00973	764_1	3	4	0.75									LPS / endotoxin
K00973	765_1	1	1	1									LPS / endotoxin
K00973	772_1	2	2	1									LPS / endotoxin
K00973	774_1	1	1	1									LPS / endotoxin
K00973	77_1	2	2	1									LPS / endotoxin
K00973	780_1	2	3	0.666666666666667									LPS / endotoxin
K00973	782_1	4	4	1									LPS / endotoxin
K00973	787_1	28	32	0.875	-1.12997799962371	0.0207808270231268	Bacillota	Clostridia	Oscillospirales	Oscillospiraceae	Vescimonas	Vescimonas cirricatena	LPS / endotoxin
K00973	787_2	5	7	0.714285714285714									LPS / endotoxin
K00973	78_1	4	7	0.571428571428571									LPS / endotoxin
K00973	793_1	14	20	0.7	0.0182992085256098	0.988824579111552	Bacillota	Clostridia	Oscillospirales	Oscillospiraceae	Vescimonas	Vescimonas sp900552475	LPS / endotoxin
K00973	79_1	1	3	0.333333333333333									LPS / endotoxin
K00973	7_1	1	1	1									LPS / endotoxin
K00973	80_1	1	1	1									LPS / endotoxin
K00973	810_1	1	2	0.5									LPS / endotoxin
K00973	814_1	1	1	1									LPS / endotoxin
K00973	81_1	44	50	0.88	-0.799783575649938	0.140691791141007	Bacillota	Bacilli	Lactobacillales	Lactobacillaceae	Ligilactobacillus	Ligilactobacillus ruminis	LPS / endotoxin
K00973	822_1	2	2	1									LPS / endotoxin
K00973	827_1	4	5	0.8									LPS / endotoxin
K00973	828_1	4	4	1									LPS / endotoxin
K00973	829_1	3	3	1									LPS / endotoxin
K00973	82_1	4	5	0.8									LPS / endotoxin
K00973	830_1	10	15	0.666666666666667	-0.0375926652935947	0.960890051163765	Bacillota	Clostridia	Oscillospirales	Oscillospiraceae	Lawsonibacter	Lawsonibacter sp900549405	LPS / endotoxin
K00973	830_2	2	3	0.666666666666667									LPS / endotoxin
K00973	831_1	40	44	0.909090909090909	-0.131533534047394	0.856229299656494	Bacillota	Clostridia	Oscillospirales	Oscillospiraceae	Lawsonibacter	Lawsonibacter asaccharolyticus	LPS / endotoxin
K00973	832_1	28	29	0.96551724137931	0.456055836466899	0.494786812266898	Bacillota	Clostridia	Oscillospirales	Oscillospiraceae	Lawsonibacter	Lawsonibacter sp900066825	LPS / endotoxin
K00973	832_2	1	1	1									LPS / endotoxin
K00973	835_1	1	3	0.333333333333333									LPS / endotoxin
K00973	836_1	6	6	1									LPS / endotoxin
K00973	836_2	10	10	1	-0.187204081364751	0.874535489671309	Bacillota	Clostridia	Oscillospirales	Oscillospiraceae	Onthomonas	Onthomonas sp900545815	LPS / endotoxin
K00973	836_3	1	1	1									LPS / endotoxin
K00973	840_1	1	1	1									LPS / endotoxin
K00973	842_1	13	14	0.928571428571429	-0.925657373513501	0.123424302358515	Bacillota	Clostridia	Oscillospirales	Oscillospiraceae	Faecousia	Faecousia sp900544945	LPS / endotoxin
K00973	843_2	6	8	0.75									LPS / endotoxin
K00973	845_1	4	9	0.444444444444444									LPS / endotoxin
K00973	846_1	1	1	1									LPS / endotoxin
K00973	856_1	6	9	0.666666666666667									LPS / endotoxin
K00973	863_1	1	2	0.5									LPS / endotoxin
K00973	864_1	41	49	0.836734693877551	-0.412637272055794	0.501567075761143	Bacillota	Clostridia	Oscillospirales	Oscillospiraceae	Faecousia	Faecousia intestinalis	LPS / endotoxin
K00973	865_1	5	5	1									LPS / endotoxin
K00973	866_1	1	1	1									LPS / endotoxin
K00973	867_1	16	20	0.8	-1.37302066211382	0.0133806853375269	Bacillota	Clostridia	Oscillospirales	Oscillospiraceae	Limivicinus	Limivicinus sp003150355	LPS / endotoxin
K00973	867_2	1	1	1									LPS / endotoxin
K00973	86_1	1	1	1									LPS / endotoxin
K00973	871_1	6	6	1									LPS / endotoxin
K00973	871_2	8	9	0.888888888888889									LPS / endotoxin
K00973	871_3	37	42	0.880952380952381	-0.649418418403834	0.148007227288229	Bacillota	Clostridia	Oscillospirales	Oscillospiraceae	CAG-103	CAG-103 sp900543625	LPS / endotoxin
K00973	871_4	48	53	0.905660377358491	0.0392967111723353	0.959720341655165	Bacillota	Clostridia	Oscillospirales	Oscillospiraceae	CAG-103	CAG-103 sp000432375	LPS / endotoxin
K00973	871_5	1	1	1									LPS / endotoxin
K00973	872_1	2	2	1									LPS / endotoxin
K00973	877_1	3	4	0.75									LPS / endotoxin
K00973	878_1	1	1	1									LPS / endotoxin
K00973	878_2	1	1	1									LPS / endotoxin
K00973	879_1	120	130	0.923076923076923	0.427294764906586	0.437227229988097	Bacillota	Clostridia	Oscillospirales	Ruminococcaceae	Faecalibacterium	Faecalibacterium longum	LPS / endotoxin
K00973	879_2	4	4	1									LPS / endotoxin
K00973	87_1	2	5	0.4									LPS / endotoxin
K00973	880_1	54	60	0.9	-0.492274218581123	0.483468909616883	Bacillota	Clostridia	Oscillospirales	Ruminococcaceae	Faecalibacterium	Faecalibacterium prausnitzii_E	LPS / endotoxin
K00973	880_2	1	1	1									LPS / endotoxin
K00973	881_1	8	10	0.8	-1.56863516181883	0.00946480686413603	Bacillota	Clostridia	Oscillospirales	Ruminococcaceae	Faecalibacterium	Faecalibacterium hattorii	LPS / endotoxin
K00973	882_1	79	92	0.858695652173913	0.253167645672424	0.615729532216391	Bacillota	Clostridia	Oscillospirales	Ruminococcaceae	Faecalibacterium	Faecalibacterium prausnitzii	LPS / endotoxin
K00973	882_2	2	2	1									LPS / endotoxin
K00973	882_3	1	1	1									LPS / endotoxin
K00973	882_4	3	3	1									LPS / endotoxin
K00973	882_5	2	6	0.333333333333333									LPS / endotoxin
K00973	882_6	1	1	1									LPS / endotoxin
K00973	882_7	1	1	1									LPS / endotoxin
K00973	882_8	1	1	1									LPS / endotoxin
K00973	883_1	83	92	0.902173913043478	-0.00503794240808762	0.998990799564075	Bacillota	Clostridia	Oscillospirales	Ruminococcaceae	Faecalibacterium	Faecalibacterium taiwanense	LPS / endotoxin
K00973	883_2	1	1	1									LPS / endotoxin
K00973	883_3	3	4	0.75									LPS / endotoxin
K00973	884_1	62	72	0.861111111111111	0.0815000547282205	0.917709957555471	Bacillota	Clostridia	Oscillospirales	Ruminococcaceae	Faecalibacterium	Faecalibacterium sp900539945	LPS / endotoxin
K00973	884_2	1	2	0.5									LPS / endotoxin
K00973	884_3	1	1	1									LPS / endotoxin
K00973	885_1	1	2	0.5									LPS / endotoxin
K00973	885_3	1	2	0.5									LPS / endotoxin
K00973	886_1	25	26	0.961538461538461	-1.01226855596882	0.0178397243368271	Bacillota	Clostridia	Oscillospirales	Ruminococcaceae	Faecalibacterium	Faecalibacterium prausnitzii_I	LPS / endotoxin
K00973	887_1	71	80	0.8875	0.215348386702986	0.682851505582824	Bacillota	Clostridia	Oscillospirales	Ruminococcaceae	Faecalibacterium	Faecalibacterium duncaniae	LPS / endotoxin
K00973	887_2	1	1	1									LPS / endotoxin
K00973	889_1	118	120	0.983333333333333	0.0538566884983013	0.943770492010822	Bacillota	Clostridia	Oscillospirales	Ruminococcaceae	Gemmiger	Gemmiger qucibialis	LPS / endotoxin
K00973	890_1	45	49	0.918367346938776	-0.25582819652178	0.635739753893684	Bacillota	Clostridia	Oscillospirales	Ruminococcaceae	Gemmiger	Gemmiger sp900539695	LPS / endotoxin
K00973	890_2	1	1	1									LPS / endotoxin
K00973	891_1	1	1	1									LPS / endotoxin
K00973	892_1	12	12	1	-1.27323347729359	0.00240933426296081	Bacillota	Clostridia	Oscillospirales	Ruminococcaceae	Gemmiger	Gemmiger sp900554145	LPS / endotoxin
K00973	893_1	133	140	0.95	0.19495488044412	0.778322092567065	Bacillota	Clostridia	Oscillospirales	Ruminococcaceae	Gemmiger	Gemmiger formicilis	LPS / endotoxin
K00973	894_1	5	5	1									LPS / endotoxin
K00973	895_1	19	21	0.904761904761905	-0.933504967344803	0.0831275357601202	Bacillota	Clostridia	Oscillospirales	Ruminococcaceae	Gemmiger	Gemmiger sp900540595	LPS / endotoxin
K00973	896_1	1	1	1									LPS / endotoxin
K00973	89_1	7	9	0.777777777777778									LPS / endotoxin
K00973	8_1	1	2	0.5									LPS / endotoxin
K00973	900_1	3	3	1									LPS / endotoxin
K00973	902_1	7	7	1									LPS / endotoxin
K00973	903_1	30	31	0.967741935483871	-0.103816619834537	0.917709957555471	Verrucomicrobiota	Verrucomicrobiia	Verrucomicrobiales	Akkermansiaceae	Akkermansia	Akkermansia muciniphila	LPS / endotoxin
K00973	903_2	1	1	1									LPS / endotoxin
K00973	904_1	1	1	1									LPS / endotoxin
K00973	905_1	1	1	1									LPS / endotoxin
K00973	906_1	7	9	0.777777777777778									LPS / endotoxin
K00973	907_1	1	1	1									LPS / endotoxin
K00973	908_1	1	1	1									LPS / endotoxin
K00973	909_1	1	1	1									LPS / endotoxin
K00973	90_1	2	2	1									LPS / endotoxin
K00973	910_1	85	88	0.965909090909091	0.473047598612671	0.304583391340693	Pseudomonadota	Gammaproteobacteria	Enterobacterales	Enterobacteriaceae	Escherichia	Escherichia coli	LPS / endotoxin
K00973	910_2	1	1	1									LPS / endotoxin
K00973	911_1	1	1	1									LPS / endotoxin
K00973	912_1	1	3	0.333333333333333									LPS / endotoxin
K00973	913_1	3	4	0.75									LPS / endotoxin
K00973	913_2	1	1	1									LPS / endotoxin
K00973	913_3	1	1	1									LPS / endotoxin
K00973	914_1	4	5	0.8									LPS / endotoxin
K00973	915_1	3	3	1									LPS / endotoxin
K00973	915_2	4	4	1									LPS / endotoxin
K00973	915_3	35	36	0.972222222222222	0.134378032138443	0.917709957555471	Pseudomonadota	Gammaproteobacteria	Enterobacterales	Enterobacteriaceae	Klebsiella	Klebsiella pneumoniae	LPS / endotoxin
K00973	916_1	1	1	1									LPS / endotoxin
K00973	918_1	8	8	1									LPS / endotoxin
K00973	92_1	10	11	0.909090909090909	0.427671325621426	0.501567075761143	Bacillota	Bacilli	Lactobacillales	Lactobacillaceae	Weissella	Weissella koreensis	LPS / endotoxin
K00973	932_1	1	2	0.5									LPS / endotoxin
K00973	933_1	5	6	0.833333333333333									LPS / endotoxin
K00973	934_1	11	11	1	-0.41931158710435	0.699473689670921	Verrucomicrobiota	Lentisphaeria	Victivallales	Victivallaceae	Victivallis	Victivallis lenta	LPS / endotoxin
K00973	935_1	1	1	1									LPS / endotoxin
K00973	936_1	2	2	1									LPS / endotoxin
K00973	937_1	12	13	0.923076923076923	-0.241923571364727	0.688715015596133	Verrucomicrobiota	Lentisphaeria	Victivallales	UBA1829	UBA11452	UBA11452 sp003526375	LPS / endotoxin
K00973	938_1	1	1	1									LPS / endotoxin
K00973	939_1	11	13	0.846153846153846	-0.582476799143684	0.274924252877668	Pseudomonadota	Gammaproteobacteria	Burkholderiales	Burkholderiaceae	Mesosutterella	Mesosutterella multiformis	LPS / endotoxin
K00973	939_2	1	1	1									LPS / endotoxin
K00973	93_1	4	8	0.5									LPS / endotoxin
K00973	940_1	1	1	1									LPS / endotoxin
K00973	941_1	1	1	1									LPS / endotoxin
K00973	942_1	3	6	0.5									LPS / endotoxin
K00973	943_1	1	1	1									LPS / endotoxin
K00973	945_1	2	4	0.5									LPS / endotoxin
K00973	946_1	4	4	1									LPS / endotoxin
K00973	947_1	1	1	1									LPS / endotoxin
K00973	948_1	11	11	1	-0.0979922819887544	0.92352297586185	Pseudomonadota	Alphaproteobacteria	RF32	CAG-239	Scatocola	Scatocola faecipullorum	LPS / endotoxin
K00973	949_1	2	2	1									LPS / endotoxin
K00973	950_1	4	4	1									LPS / endotoxin
K00973	951_1	1	1	1									LPS / endotoxin
K00973	954_1	2	4	0.5									LPS / endotoxin
K00973	955_1	7	7	1									LPS / endotoxin
K00973	956_1	4	5	0.8									LPS / endotoxin
K00973	958_1	8	9	0.888888888888889									LPS / endotoxin
K00973	959_1	1	1	1									LPS / endotoxin
K00973	960_1	1	2	0.5									LPS / endotoxin
K00973	961_1	1	1	1									LPS / endotoxin
K00973	962_1	1	1	1									LPS / endotoxin
K00973	963_1	6	6	1									LPS / endotoxin
K00973	964_1	12	12	1	-0.533625056759914	0.2575135271958	Bacteroidota	Bacteroidia	Bacteroidales	Muribaculaceae	Sodaliphilus	Sodaliphilus pleomorphus	LPS / endotoxin
K00973	965_1	3	4	0.75									LPS / endotoxin
K00973	966_1	1	1	1									LPS / endotoxin
K00973	967_1	1	1	1									LPS / endotoxin
K00973	968_1	4	4	1									LPS / endotoxin
K00973	969_1	6	6	1									LPS / endotoxin
K00973	970_1	1	1	1									LPS / endotoxin
K00973	971_1	3	3	1									LPS / endotoxin
K00973	972_1	1	1	1									LPS / endotoxin
K00973	973_1	18	19	0.947368421052632	-1.67574098582769	0.0623596104399875	Bacteroidota	Bacteroidia	Bacteroidales	Bacteroidaceae	Alloprevotella	Alloprevotella sp900539625	LPS / endotoxin
K00973	974_1	15	15	1	-0.0784205551231295	0.948225710639292	Bacteroidota	Bacteroidia	Bacteroidales	Bacteroidaceae	Alloprevotella	Alloprevotella timonensis	LPS / endotoxin
K00973	975_1	18	18	1	-0.523489156863972	0.454402479822528	Bacteroidota	Bacteroidia	Bacteroidales	Bacteroidaceae	Alloprevotella	Alloprevotella sp900540885	LPS / endotoxin
K00973	976_1	1	1	1									LPS / endotoxin
K00973	977_1	10	10	1	-0.502972589415875	0.365961078393476	Bacteroidota	Bacteroidia	Bacteroidales	Bacteroidaceae	Prevotella	Prevotella sp000436915	LPS / endotoxin
K00973	978_1	73	74	0.986486486486486	-0.585820526876515	0.381094120851295	Bacteroidota	Bacteroidia	Bacteroidales	Bacteroidaceae	Prevotella	Prevotella sp934191715	LPS / endotoxin
K00973	978_2	1	1	1									LPS / endotoxin
K00973	978_3	2	2	1									LPS / endotoxin
K00973	978_4	1	1	1									LPS / endotoxin
K00973	979_1	5	5	1									LPS / endotoxin
K00973	97_1	6	6	1									LPS / endotoxin
K00973	980_1	18	18	1	-1.00285156225719	0.222688071753967	Bacteroidota	Bacteroidia	Bacteroidales	Bacteroidaceae	Prevotella	Prevotella copri_A	LPS / endotoxin
K00973	980_2	1	1	1									LPS / endotoxin
K00973	980_3	2	2	1									LPS / endotoxin
K00973	980_4	3	4	0.75									LPS / endotoxin
K00973	980_5	1	1	1									LPS / endotoxin
K00973	980_6	1	1	1									LPS / endotoxin
K00973	981_1	28	28	1	-0.991408860973335	0.0940957035536014	Bacteroidota	Bacteroidia	Bacteroidales	Bacteroidaceae	Prevotella	Prevotella sp900313215	LPS / endotoxin
K00973	982_1	7	7	1									LPS / endotoxin
K00973	983_1	1	1	1									LPS / endotoxin
K00973	984_1	7	7	1									LPS / endotoxin
K00973	985_1	8	8	1									LPS / endotoxin
K00973	986_1	1	1	1									LPS / endotoxin
K00973	987_1	2	2	1									LPS / endotoxin
K00973	988_1	2	2	1									LPS / endotoxin
K00973	989_1	5	5	1									LPS / endotoxin
K00973	98_1	1	1	1									LPS / endotoxin
K00973	990_1	1	1	1									LPS / endotoxin
K00973	991_1	9	9	1									LPS / endotoxin
K00973	992_1	1	1	1									LPS / endotoxin
K00973	992_2	1	1	1									LPS / endotoxin
K00973	993_1	19	19	1	-0.579721182922959	0.21699551489875	Bacteroidota	Bacteroidia	Bacteroidales	Bacteroidaceae	Prevotella	Prevotella sp002265625	LPS / endotoxin
K00973	994_1	14	16	0.875	-0.410768670553581	0.699473689670921	Bacteroidota	Bacteroidia	Bacteroidales	Bacteroidaceae	Prevotella	Prevotella sp000434975	LPS / endotoxin
K00973	994_2	51	53	0.962264150943396	-0.55520575848509	0.497609598483521	Bacteroidota	Bacteroidia	Bacteroidales	Bacteroidaceae	Prevotella	Prevotella stercorea	LPS / endotoxin
K00973	995_1	80	87	0.919540229885057	-0.0402005625084298	0.976269819170509	Bacteroidota	Bacteroidia	Bacteroidales	Bacteroidaceae	Paraprevotella	""	LPS / endotoxin
K00973	995_2	12	12	1	-0.25588609912359	0.813785217335964	Bacteroidota	Bacteroidia	Bacteroidales	Bacteroidaceae	Paraprevotella	Paraprevotella xylaniphila	LPS / endotoxin
K00973	996_1	3	4	0.75									LPS / endotoxin
K00973	996_2	3	3	1									LPS / endotoxin
K00973	997_1	1	1	1									LPS / endotoxin
K00973	998_1	1	1	1									LPS / endotoxin
K00973	999_1	158	163	0.969325153374233	1.00763116493202	0.00240146105029924	Bacteroidota	Bacteroidia	Bacteroidales	Tannerellaceae	Parabacteroides	Parabacteroides distasonis	LPS / endotoxin
K00973	99_1	7	7	1									LPS / endotoxin
K00973	9_1	2	4	0.5									LPS / endotoxin
K01026	100_1	1	1	1									SCFA (propionate)
K01026	100_2	9	9	1									SCFA (propionate)
K01026	1063_1	1	2	0.5									SCFA (propionate)
K01026	1067_1	19	20	0.95	0.0692668402219812	0.937837942512275	Actinomycetota	Coriobacteriia	Coriobacteriales	Atopobiaceae	Paratractidigestivibacter	Paratractidigestivibacter faecalis	SCFA (propionate)
K01026	1069_1	1	2	0.5									SCFA (propionate)
K01026	1070_1	4	10	0.4	0.0291851094542721	0.974140336086172	Actinomycetota	Coriobacteriia	Coriobacteriales	Coriobacteriaceae	Collinsella	Collinsella intestinalis	SCFA (propionate)
K01026	1083_1	1	1	1									SCFA (propionate)
K01026	1083_2	2	3	0.666666666666667									SCFA (propionate)
K01026	1088_1	1	1	1									SCFA (propionate)
K01026	1089_1	1	1	1									SCFA (propionate)
K01026	1094_1	7	8	0.875									SCFA (propionate)
K01026	10_1	1	1	1									SCFA (propionate)
K01026	155_1	1	1	1									SCFA (propionate)
K01026	164_1	16	22	0.727272727272727	0.326964690209221	0.313942333611298	Bacillota	Bacilli	Erysipelotrichales	Erysipelotrichaceae	Clostridium_AQ	Clostridium_AQ innocuum	SCFA (propionate)
K01026	17_1	1	2	0.5									SCFA (propionate)
K01026	18_1	1	1	1									SCFA (propionate)
K01026	220_1	1	1	1									SCFA (propionate)
K01026	261_1	2	2	1									SCFA (propionate)
K01026	275_1	2	2	1									SCFA (propionate)
K01026	27_1	93	106	0.877358490566038	0.813502492465311	0.0163572745565952	Pseudomonadota	Gammaproteobacteria	Burkholderiales	Burkholderiaceae	Sutterella	Sutterella wadsworthensis	SCFA (propionate)
K01026	282_1	1	3	0.333333333333333									SCFA (propionate)
K01026	283_1	18	24	0.75	-1.36433251741329	0.0725839287548737	Bacillota	Clostridia	Oscillospirales	Butyricicoccaceae	Butyricicoccus_A	Butyricicoccus_A intestinisimiae	SCFA (propionate)
K01026	284_1	1	1	1									SCFA (propionate)
K01026	28_1	17	21	0.80952380952381	-0.0361969092085721	0.97895269557244	Pseudomonadota	Gammaproteobacteria	Burkholderiales	Burkholderiaceae	Sutterella	Sutterella faecalis	SCFA (propionate)
K01026	28_2	8	8	1									SCFA (propionate)
K01026	292_1	4	4	1									SCFA (propionate)
K01026	293_1	1	1	1									SCFA (propionate)
K01026	302_1	2	8	0.25									SCFA (propionate)
K01026	387_1	2	2	1									SCFA (propionate)
K01026	388_1	1	1	1									SCFA (propionate)
K01026	392_1	1	1	1									SCFA (propionate)
K01026	3_1	1	1	1									SCFA (propionate)
K01026	401_1	10	13	0.769230769230769	-0.0327752358157016	0.974832982541305	Bacillota	Clostridia	Lachnospirales	Lachnospiraceae	Clostridium_AP	Clostridium_AP sp000509125	SCFA (propionate)
K01026	458_1	1	1	1									SCFA (propionate)
K01026	46_1	1	1	1									SCFA (propionate)
K01026	47_1	1	1	1									SCFA (propionate)
K01026	489_1	7	10	0.7	-0.953320572736515	0.120516227904004	Bacillota	Clostridia	Peptostreptococcales	Anaerovoracaceae	Hominibacterium	Hominibacterium hominis	SCFA (propionate)
K01026	492_1	4	4	1									SCFA (propionate)
K01026	492_2	7	7	1									SCFA (propionate)
K01026	498_1	115	147	0.782312925170068	0.498026934939559	0.125193748224458	Bacillota	Clostridia	Oscillospirales	Butyricicoccaceae	Agathobaculum	Agathobaculum butyriciproducens	SCFA (propionate)
K01026	498_2	1	1	1									SCFA (propionate)
K01026	499_1	9	14	0.642857142857143	-0.572134559001391	0.418384230058245	Bacillota	Clostridia	Oscillospirales	Butyricicoccaceae	Agathobaculum	Agathobaculum sp900544475	SCFA (propionate)
K01026	501_1	1	1	1									SCFA (propionate)
K01026	502_1	1	1	1									SCFA (propionate)
K01026	503_1	1	1	1									SCFA (propionate)
K01026	504_1	7	7	1									SCFA (propionate)
K01026	505_1	2	2	1									SCFA (propionate)
K01026	512_1	1	1	1									SCFA (propionate)
K01026	537_1	4	7	0.571428571428571									SCFA (propionate)
K01026	538_1	3	3	1									SCFA (propionate)
K01026	539_1	3	11	0.272727272727273	0.131522587006985	0.869091839001416	Bacillota	Negativicutes	Veillonellales	Megasphaeraceae	Caecibacter	Caecibacter massiliensis	SCFA (propionate)
K01026	541_1	7	7	1									SCFA (propionate)
K01026	541_2	30	30	1	-0.136009261813823	0.857598970815532	Bacillota	Negativicutes	Veillonellales	Megasphaeraceae	Megasphaera	Megasphaera elsdenii	SCFA (propionate)
K01026	542_1	6	6	1									SCFA (propionate)
K01026	542_2	1	1	1									SCFA (propionate)
K01026	543_1	1	1	1									SCFA (propionate)
K01026	566_1	64	75	0.853333333333333	-0.12964571561017	0.839584115395913	Bacillota	Clostridia	Lachnospirales	Anaerotignaceae	Anaerotignum_A	""	SCFA (propionate)
K01026	566_2	1	2	0.5									SCFA (propionate)
K01026	568_1	4	4	1									SCFA (propionate)
K01026	615_1	33	89	0.370786516853933	0.580059154903108	0.0795060788865612	Bacillota	Clostridia	Lachnospirales	Lachnospiraceae	Mediterraneibacter	Mediterraneibacter faecis	SCFA (propionate)
K01026	632_1	1	1	1									SCFA (propionate)
K01026	632_2	1	1	1									SCFA (propionate)
K01026	634_1	1	1	1									SCFA (propionate)
K01026	635_1	1	2	0.5									SCFA (propionate)
K01026	636_1	6	6	1									SCFA (propionate)
K01026	637_1	3	3	1									SCFA (propionate)
K01026	637_2	8	9	0.888888888888889									SCFA (propionate)
K01026	671_1	55	172	0.319767441860465	0.549854492991251	0.262433818899557	Bacillota	Clostridia	Lachnospirales	Lachnospiraceae	Anaerostipes	Anaerostipes hadrus	SCFA (propionate)
K01026	674_1	1	1	1									SCFA (propionate)
K01026	680_1	10	28	0.357142857142857	-0.31822628288637	0.699329897153679	Bacillota	Clostridia	Lachnospirales	Lachnospiraceae	Blautia_A	Blautia_A intestinihominis	SCFA (propionate)
K01026	680_3	1	1	1									SCFA (propionate)
K01026	681_2	1	2	0.5									SCFA (propionate)
K01026	682_2	1	1	1									SCFA (propionate)
K01026	692_1	1	1	1									SCFA (propionate)
K01026	711_1	5	5	1									SCFA (propionate)
K01026	722_1	1	1	1									SCFA (propionate)
K01026	735_1	3	3	1									SCFA (propionate)
K01026	736_1	80	91	0.879120879120879	0.136674458664275	0.814141225401884	Bacillota	Clostridia	Lachnospirales	Lachnospiraceae	Coprococcus_A	Coprococcus_A intestinihominis	SCFA (propionate)
K01026	736_2	13	14	0.928571428571429	-0.240745877707547	0.763601773509143	Bacillota	Clostridia	Lachnospirales	Lachnospiraceae	Coprococcus_A	Coprococcus_A catus	SCFA (propionate)
K01026	744_1	13	17	0.764705882352941	0.409466631563058	0.498146507310334	Bacillota	Clostridia	Lachnospirales	Lachnospiraceae	Brotaphodocola	Brotaphodocola sp900538475	SCFA (propionate)
K01026	746_1	2	2	1									SCFA (propionate)
K01026	747_1	1	1	1									SCFA (propionate)
K01026	747_2	3	3	1									SCFA (propionate)
K01026	747_3	3	4	0.75									SCFA (propionate)
K01026	747_4	1	1	1									SCFA (propionate)
K01026	748_1	36	39	0.923076923076923	-0.789974310512618	0.132634441365631	Bacillota	Clostridia	Lachnospirales	Lachnospiraceae	Brotaphodocola	Brotaphodocola sp003480315	SCFA (propionate)
K01026	748_3	1	1	1									SCFA (propionate)
K01026	74_1	1	1	1									SCFA (propionate)
K01026	753_1	6	6	1									SCFA (propionate)
K01026	754_1	3	3	1									SCFA (propionate)
K01026	754_2	1	2	0.5									SCFA (propionate)
K01026	755_1	3	3	1									SCFA (propionate)
K01026	759_1	3	6	0.5									SCFA (propionate)
K01026	760_1	22	22	1	0.0368994370031712	0.982138997559126	Bacillota	Clostridia	Lachnospirales	Lachnospiraceae	Enterocloster	Enterocloster bolteae	SCFA (propionate)
K01026	760_2	2	2	1									SCFA (propionate)
K01026	775_1	1	2	0.5									SCFA (propionate)
K01026	776_1	3	11	0.272727272727273	-0.297040876082508	0.498146507310334	Bacillota	Clostridia	Oscillospirales	Oscillospiraceae	Vescimonas	Vescimonas sp900548615	SCFA (propionate)
K01026	777_1	3	4	0.75									SCFA (propionate)
K01026	779_1	1	2	0.5									SCFA (propionate)
K01026	780_1	2	3	0.666666666666667									SCFA (propionate)
K01026	795_1	1	4	0.25									SCFA (propionate)
K01026	796_1	20	30	0.666666666666667	-1.23795906092458	0.0100451692473277	Bacillota	Clostridia	Oscillospirales	Oscillospiraceae	Oscillibacter	Oscillibacter faecalis_A	SCFA (propionate)
K01026	797_1	2	6	0.333333333333333									SCFA (propionate)
K01026	798_1	4	7	0.571428571428571									SCFA (propionate)
K01026	799_1	65	74	0.878378378378378	-0.776853759802547	0.120516227904004	Bacillota	Clostridia	Oscillospirales	Oscillospiraceae	Oscillibacter	Oscillibacter segnis	SCFA (propionate)
K01026	802_1	2	4	0.5									SCFA (propionate)
K01026	803_1	63	72	0.875	0.411982190890581	0.283570468563814	Bacillota	Clostridia	Oscillospirales	Oscillospiraceae	Oscillibacter	Oscillibacter welbionis	SCFA (propionate)
K01026	804_1	3	3	1									SCFA (propionate)
K01026	805_1	1	1	1									SCFA (propionate)
K01026	807_1	1	1	1									SCFA (propionate)
K01026	80_1	1	1	1									SCFA (propionate)
K01026	810_1	2	2	1									SCFA (propionate)
K01026	812_1	1	1	1									SCFA (propionate)
K01026	815_1	8	24	0.333333333333333	-0.182268885487624	0.82219849779642	Bacillota	Clostridia	Oscillospirales	Oscillospiraceae	Evtepia	Evtepia sp004556345	SCFA (propionate)
K01026	816_1	33	58	0.568965517241379	0.235566730641866	0.699329897153679	Bacillota	Clostridia	Oscillospirales	Oscillospiraceae	Evtepia	Evtepia gabavorous	SCFA (propionate)
K01026	816_2	1	1	1									SCFA (propionate)
K01026	817_1	9	11	0.818181818181818	-0.253496602763489	0.711876656380579	Bacillota	Clostridia	Oscillospirales	Oscillospiraceae	Evtepia	Evtepia excrementipullorum	SCFA (propionate)
K01026	818_1	1	1	1									SCFA (propionate)
K01026	819_1	1	1	1									SCFA (propionate)
K01026	820_1	1	1	1									SCFA (propionate)
K01026	821_1	1	1	1									SCFA (propionate)
K01026	823_1	1	4	0.25									SCFA (propionate)
K01026	824_1	72	76	0.947368421052632	0.738462596010375	0.0209391090362036	Bacillota	Clostridia	Oscillospirales	Oscillospiraceae	Flavonifractor	Flavonifractor plautii	SCFA (propionate)
K01026	84_1	15	22	0.681818181818182	0.263807059614161	0.688715015596133	Bacillota	Bacilli	Lactobacillales	Lactobacillaceae	Weissella	Weissella cibaria	SCFA (propionate)
K01026	854_1	1	2	0.5									SCFA (propionate)
K01026	870_1	4	11	0.363636363636364	-0.128528067943258	0.855856822026673	Bacillota	Clostridia	Oscillospirales	Oscillospiraceae	F23-B02	F23-B02 sp001916715	SCFA (propionate)
K01026	897_1	3	5	0.6									SCFA (propionate)
K01026	898_1	44	46	0.956521739130435	-0.601451393245612	0.33473962943974	Bacillota	Clostridia	Oscillospirales	Ruminococcaceae	Angelakisella	Angelakisella sp900547385	SCFA (propionate)
K01026	899_1	1	1	1									SCFA (propionate)
K01026	906_1	9	9	1									SCFA (propionate)
K01026	909_2	1	1	1									SCFA (propionate)
K01026	910_1	83	88	0.943181818181818	0.473047598612671	0.304583391340693	Pseudomonadota	Gammaproteobacteria	Enterobacterales	Enterobacteriaceae	Escherichia	Escherichia coli	SCFA (propionate)
K01026	915_1	2	3	0.666666666666667									SCFA (propionate)
K01026	915_2	1	4	0.25									SCFA (propionate)
K01026	915_3	33	36	0.916666666666667	0.134378032138443	0.917709957555471	Pseudomonadota	Gammaproteobacteria	Enterobacterales	Enterobacteriaceae	Klebsiella	Klebsiella pneumoniae	SCFA (propionate)
K01026	917_1	10	11	0.909090909090909	-0.70379614547569	0.386263411791169	Bacillota	Clostridia	Peptostreptococcales	Anaerovoracaceae	UMGS973	UMGS973 sp900547295	SCFA (propionate)
K01026	921_1	7	7	1									SCFA (propionate)
K01026	922_1	1	1	1									SCFA (propionate)
K01026	924_1	2	3	0.666666666666667									SCFA (propionate)
K01026	926_1	8	9	0.888888888888889									SCFA (propionate)
K01026	927_1	2	3	0.666666666666667									SCFA (propionate)
K01026	928_1	4	16	0.25	-0.412721012501429	0.313508405541162	Bacillota	Clostridia	Peptostreptococcales	Anaerovoracaceae	CAG-238	CAG-238 sp900551415	SCFA (propionate)
K01026	97_1	5	6	0.833333333333333									SCFA (propionate)
K01026	99_1	7	7	1									SCFA (propionate)
K01026	9_1	2	4	0.5									SCFA (propionate)
K01029	197_1	1	1	1									SCFA (butyrate)
K01029	197_1	1	1	1									Amino acid / BCAA
K01029	254_1	1	1	1									SCFA (butyrate)
K01029	254_1	1	1	1									Amino acid / BCAA
K01029	282_1	2	3	0.666666666666667									SCFA (butyrate)
K01029	282_1	2	3	0.666666666666667									Amino acid / BCAA
K01029	338_1	2	2	1									SCFA (butyrate)
K01029	338_1	2	2	1									Amino acid / BCAA
K01029	339_1	9	11	0.818181818181818	-0.652406755697348	0.20162856253014	Bacillota	Clostridia	Oscillospirales	Oscillospiraceae	HGM13006	HGM13006 sp900757695	SCFA (butyrate)
K01029	339_1	9	11	0.818181818181818	-0.652406755697348	0.20162856253014	Bacillota	Clostridia	Oscillospirales	Oscillospiraceae	HGM13006	HGM13006 sp900757695	Amino acid / BCAA
K01029	339_2	1	1	1									SCFA (butyrate)
K01029	339_2	1	1	1									Amino acid / BCAA
K01029	398_1	3	4	0.75									SCFA (butyrate)
K01029	398_1	3	4	0.75									Amino acid / BCAA
K01029	3_1	1	1	1									SCFA (butyrate)
K01029	3_1	1	1	1									Amino acid / BCAA
K01029	492_2	7	7	1									SCFA (butyrate)
K01029	492_2	7	7	1									Amino acid / BCAA
K01029	538_1	3	3	1									SCFA (butyrate)
K01029	538_1	3	3	1									Amino acid / BCAA
K01029	543_1	1	1	1									SCFA (butyrate)
K01029	543_1	1	1	1									Amino acid / BCAA
K01029	584_1	19	23	0.826086956521739	-0.624125619435195	0.141321222601118	Bacillota	Clostridia	Lachnospirales	Lachnospiraceae	Eubacterium_I	Eubacterium_I ramulus_A	SCFA (butyrate)
K01029	584_1	19	23	0.826086956521739	-0.624125619435195	0.141321222601118	Bacillota	Clostridia	Lachnospirales	Lachnospiraceae	Eubacterium_I	Eubacterium_I ramulus_A	Amino acid / BCAA
K01029	585_1	17	22	0.772727272727273	0.340482801480459	0.580755600520319	Bacillota	Clostridia	Lachnospirales	Lachnospiraceae	Eubacterium_I	""	SCFA (butyrate)
K01029	585_1	17	22	0.772727272727273	0.340482801480459	0.580755600520319	Bacillota	Clostridia	Lachnospirales	Lachnospiraceae	Eubacterium_I	""	Amino acid / BCAA
K01029	617_1	1	4	0.25									SCFA (butyrate)
K01029	617_1	1	4	0.25									Amino acid / BCAA
K01029	650_1	1	1	1									SCFA (butyrate)
K01029	650_1	1	1	1									Amino acid / BCAA
K01029	671_1	146	172	0.848837209302326	0.549854492991251	0.262433818899557	Bacillota	Clostridia	Lachnospirales	Lachnospiraceae	Anaerostipes	Anaerostipes hadrus	SCFA (butyrate)
K01029	671_1	146	172	0.848837209302326	0.549854492991251	0.262433818899557	Bacillota	Clostridia	Lachnospirales	Lachnospiraceae	Anaerostipes	Anaerostipes hadrus	Amino acid / BCAA
K01029	671_2	8	12	0.666666666666667	-0.0230868003992087	0.984636756118392	Bacillota	Clostridia	Lachnospirales	Lachnospiraceae	Anaerostipes	Anaerostipes amylophilus	SCFA (butyrate)
K01029	671_2	8	12	0.666666666666667	-0.0230868003992087	0.984636756118392	Bacillota	Clostridia	Lachnospirales	Lachnospiraceae	Anaerostipes	Anaerostipes amylophilus	Amino acid / BCAA
K01029	671_3	2	3	0.666666666666667									SCFA (butyrate)
K01029	671_3	2	3	0.666666666666667									Amino acid / BCAA
K01029	674_1	1	1	1									SCFA (butyrate)
K01029	674_1	1	1	1									Amino acid / BCAA
K01029	727_1	1	1	1									SCFA (butyrate)
K01029	727_1	1	1	1									Amino acid / BCAA
K01029	736_1	32	91	0.351648351648352	0.136674458664275	0.814141225401884	Bacillota	Clostridia	Lachnospirales	Lachnospiraceae	Coprococcus_A	Coprococcus_A intestinihominis	SCFA (butyrate)
K01029	736_1	32	91	0.351648351648352	0.136674458664275	0.814141225401884	Bacillota	Clostridia	Lachnospirales	Lachnospiraceae	Coprococcus_A	Coprococcus_A intestinihominis	Amino acid / BCAA
K01029	738_1	8	8	1									SCFA (butyrate)
K01029	738_1	8	8	1									Amino acid / BCAA
K01029	73_1	1	1	1									SCFA (butyrate)
K01029	73_1	1	1	1									Amino acid / BCAA
K01029	786_1	15	30	0.5	0.173884287607827	0.82219849779642	Bacillota	Clostridia	Oscillospirales	Oscillospiraceae	Vescimonas	Vescimonas coprocola	SCFA (butyrate)
K01029	786_1	15	30	0.5	0.173884287607827	0.82219849779642	Bacillota	Clostridia	Oscillospirales	Oscillospiraceae	Vescimonas	Vescimonas coprocola	Amino acid / BCAA
K01029	810_1	2	2	1									SCFA (butyrate)
K01029	810_1	2	2	1									Amino acid / BCAA
K01029	814_1	1	1	1									SCFA (butyrate)
K01029	814_1	1	1	1									Amino acid / BCAA
K01029	821_1	1	1	1									SCFA (butyrate)
K01029	821_1	1	1	1									Amino acid / BCAA
K01029	823_1	1	4	0.25									SCFA (butyrate)
K01029	823_1	1	4	0.25									Amino acid / BCAA
K01029	824_1	62	76	0.81578947368421	0.738462596010375	0.0209391090362036	Bacillota	Clostridia	Oscillospirales	Oscillospiraceae	Flavonifractor	Flavonifractor plautii	SCFA (butyrate)
K01029	824_1	62	76	0.81578947368421	0.738462596010375	0.0209391090362036	Bacillota	Clostridia	Oscillospirales	Oscillospiraceae	Flavonifractor	Flavonifractor plautii	Amino acid / BCAA
K01029	871_1	6	6	1									SCFA (butyrate)
K01029	871_1	6	6	1									Amino acid / BCAA
K01029	900_1	3	3	1									SCFA (butyrate)
K01029	900_1	3	3	1									Amino acid / BCAA
K01029	910_1	77	88	0.875	0.473047598612671	0.304583391340693	Pseudomonadota	Gammaproteobacteria	Enterobacterales	Enterobacteriaceae	Escherichia	Escherichia coli	SCFA (butyrate)
K01029	910_1	77	88	0.875	0.473047598612671	0.304583391340693	Pseudomonadota	Gammaproteobacteria	Enterobacterales	Enterobacteriaceae	Escherichia	Escherichia coli	Amino acid / BCAA
K01029	913_1	3	4	0.75									SCFA (butyrate)
K01029	913_1	3	4	0.75									Amino acid / BCAA
K01029	913_3	1	1	1									SCFA (butyrate)
K01029	913_3	1	1	1									Amino acid / BCAA
K01029	914_1	5	5	1									SCFA (butyrate)
K01029	914_1	5	5	1									Amino acid / BCAA
K01029	915_1	3	3	1									SCFA (butyrate)
K01029	915_1	3	3	1									Amino acid / BCAA
K01029	915_2	3	4	0.75									SCFA (butyrate)
K01029	915_2	3	4	0.75									Amino acid / BCAA
K01029	915_3	35	36	0.972222222222222	0.134378032138443	0.917709957555471	Pseudomonadota	Gammaproteobacteria	Enterobacterales	Enterobacteriaceae	Klebsiella	Klebsiella pneumoniae	SCFA (butyrate)
K01029	915_3	35	36	0.972222222222222	0.134378032138443	0.917709957555471	Pseudomonadota	Gammaproteobacteria	Enterobacterales	Enterobacteriaceae	Klebsiella	Klebsiella pneumoniae	Amino acid / BCAA
K01029	926_1	4	9	0.444444444444444									SCFA (butyrate)
K01029	926_1	4	9	0.444444444444444									Amino acid / BCAA
K01029	928_2	5	13	0.384615384615385	-1.09938580695589	0.0623596104399875	Bacillota	Clostridia	Peptostreptococcales	Anaerovoracaceae	CAG-238	CAG-238 sp900542245	SCFA (butyrate)
K01029	928_2	5	13	0.384615384615385	-1.09938580695589	0.0623596104399875	Bacillota	Clostridia	Peptostreptococcales	Anaerovoracaceae	CAG-238	CAG-238 sp900542245	Amino acid / BCAA
K01029	929_1	1	2	0.5									SCFA (butyrate)
K01029	929_1	1	2	0.5									Amino acid / BCAA
K01029	948_1	7	11	0.636363636363636	-0.0979922819887544	0.92352297586185	Pseudomonadota	Alphaproteobacteria	RF32	CAG-239	Scatocola	Scatocola faecipullorum	SCFA (butyrate)
K01029	948_1	7	11	0.636363636363636	-0.0979922819887544	0.92352297586185	Pseudomonadota	Alphaproteobacteria	RF32	CAG-239	Scatocola	Scatocola faecipullorum	Amino acid / BCAA
K01639	1000_1	2	2	1									LPS / endotoxin
K01639	1001_1	133	135	0.985185185185185	0.261194982385927	0.528023152241292	Bacteroidota	Bacteroidia	Bacteroidales	Tannerellaceae	Parabacteroides	Parabacteroides merdae	LPS / endotoxin
K01639	1001_2	5	5	1									LPS / endotoxin
K01639	1002_1	1	1	1									LPS / endotoxin
K01639	1003_1	2	2	1									LPS / endotoxin
K01639	1004_1	8	8	1									LPS / endotoxin
K01639	1004_2	1	1	1									LPS / endotoxin
K01639	1005_1	3	3	1									LPS / endotoxin
K01639	1006_1	1	3	0.333333333333333									LPS / endotoxin
K01639	1008_1	10	14	0.714285714285714	-0.0525813015598358	0.960672736786275	Bacteroidota	Bacteroidia	Bacteroidales	Coprobacteraceae	Coprobacter	Coprobacter fastidiosus	LPS / endotoxin
K01639	1009_1	2	2	1									LPS / endotoxin
K01639	100_1	1	1	1									LPS / endotoxin
K01639	100_2	9	9	1									LPS / endotoxin
K01639	1010_1	7	8	0.875									LPS / endotoxin
K01639	101_1	1	1	1									LPS / endotoxin
K01639	1020_1	3	4	0.75									LPS / endotoxin
K01639	1021_1	37	37	1	-0.179607844653082	0.874535489671309	Bacteroidota	Bacteroidia	Bacteroidales	Bacteroidaceae	Bacteroides	Bacteroides fragilis	LPS / endotoxin
K01639	1022_1	5	11	0.454545454545455	-0.286165399503727	0.757559086992637	Bacteroidota	Bacteroidia	Bacteroidales	Bacteroidaceae	Phocaeicola	Phocaeicola sp000434735	LPS / endotoxin
K01639	1023_1	2	4	0.5									LPS / endotoxin
K01639	1026_1	2	2	1									LPS / endotoxin
K01639	1027_1	48	48	1	-0.2169914798534	0.839584115395913	Bacteroidota	Bacteroidia	Bacteroidales	Bacteroidaceae	Phocaeicola	Phocaeicola coprophilus	LPS / endotoxin
K01639	1029_1	25	87	0.28735632183908	-0.238226121941742	0.742598088192423	Bacteroidota	Bacteroidia	Bacteroidales	Bacteroidaceae	Phocaeicola	Phocaeicola plebeius_A	LPS / endotoxin
K01639	1029_2	27	28	0.964285714285714	-0.476089528521639	0.7107993086602	Bacteroidota	Bacteroidia	Bacteroidales	Bacteroidaceae	Phocaeicola	Phocaeicola plebeius	LPS / endotoxin
K01639	1029_3	1	1	1									LPS / endotoxin
K01639	1030_1	2	2	1									LPS / endotoxin
K01639	1031_1	12	16	0.75	0.0135433246737455	0.990564642112473	Bacteroidota	Bacteroidia	Bacteroidales	Bacteroidaceae	Phocaeicola	Phocaeicola massiliensis	LPS / endotoxin
K01639	1031_2	3	3	1									LPS / endotoxin
K01639	1032_1	148	161	0.919254658385093	0.889281398761076	0.0743509713386384	Bacteroidota	Bacteroidia	Bacteroidales	Bacteroidaceae	Phocaeicola	Phocaeicola vulgatus	LPS / endotoxin
K01639	1037_1	7	9	0.777777777777778									LPS / endotoxin
K01639	1038_1	12	14	0.857142857142857	-0.374837014546726	0.496099005078926	Bacteroidota	Bacteroidia	Bacteroidales	Bacteroidaceae	Bacteroides	Bacteroides clarus	LPS / endotoxin
K01639	1040_1	75	156	0.480769230769231	0.745021470471891	0.12435426833705	Bacteroidota	Bacteroidia	Bacteroidales	Bacteroidaceae	Bacteroides	Bacteroides uniformis	LPS / endotoxin
K01639	1041_1	1	1	1									LPS / endotoxin
K01639	1044_1	29	35	0.828571428571429	-0.0599809783690067	0.950001439141797	Bacteroidota	Bacteroidia	Bacteroidales	Bacteroidaceae	Bacteroides	Bacteroides caccae	LPS / endotoxin
K01639	1044_2	1	1	1									LPS / endotoxin
K01639	1044_3	1	1	1									LPS / endotoxin
K01639	1046_1	35	43	0.813953488372093	-0.357393799768856	0.636621250464773	Bacteroidota	Bacteroidia	Bacteroidales	Bacteroidaceae	Bacteroides	Bacteroides ovatus	LPS / endotoxin
K01639	1046_2	9	14	0.642857142857143	-0.96275434253752	0.189698331972496	Bacteroidota	Bacteroidia	Bacteroidales	Bacteroidaceae	Bacteroides	Bacteroides xylanisolvens	LPS / endotoxin
K01639	1046_4	1	1	1									LPS / endotoxin
K01639	1046_5	1	2	0.5									LPS / endotoxin
K01639	1047_1	9	10	0.9	0.361334862683469	0.690814022366494	Bacteroidota	Bacteroidia	Bacteroidales	Bacteroidaceae	Bacteroides	Bacteroides salyersiae	LPS / endotoxin
K01639	1048_1	5	6	0.833333333333333									LPS / endotoxin
K01639	1048_2	3	3	1									LPS / endotoxin
K01639	1063_1	1	2	0.5									LPS / endotoxin
K01639	1066_1	3	3	1									LPS / endotoxin
K01639	1071_1	1	2	0.5									LPS / endotoxin
K01639	1073_1	5	7	0.714285714285714									LPS / endotoxin
K01639	1100_3	1	1	1									LPS / endotoxin
K01639	1102_2	2	2	1									LPS / endotoxin
K01639	1107_1	14	23	0.608695652173913	-0.879211993171519	0.0831275357601202	Bacteroidota	Bacteroidia	Bacteroidales	UBA932	Cryptobacteroides	Cryptobacteroides sp000433355	LPS / endotoxin
K01639	1107_2	1	2	0.5									LPS / endotoxin
K01639	1108_1	1	2	0.5									LPS / endotoxin
K01639	1115_1	12	19	0.631578947368421	-0.154981220324971	0.917423232123717	Bacteroidota	Bacteroidia	Bacteroidales	Rikenellaceae	Alistipes	Alistipes senegalensis	LPS / endotoxin
K01639	1116_2	1	1	1									LPS / endotoxin
K01639	1117_1	27	58	0.46551724137931	0.131443132518955	0.915655769990715	Bacteroidota	Bacteroidia	Bacteroidales	Rikenellaceae	Alistipes	Alistipes onderdonkii	LPS / endotoxin
K01639	1118_1	27	34	0.794117647058824	0.200836809226206	0.783038263282324	Bacteroidota	Bacteroidia	Bacteroidales	Rikenellaceae	Alistipes	Alistipes finegoldii	LPS / endotoxin
K01639	1119_1	1	1	1									LPS / endotoxin
K01639	1121_1	3	3	1									LPS / endotoxin
K01639	1125_1	8	12	0.666666666666667	0.181984278059233	0.699329897153679	Bacteroidota	Bacteroidia	Bacteroidales	Rikenellaceae	Alistipes_A	Alistipes_A sp900539755	LPS / endotoxin
K01639	1126_1	13	22	0.590909090909091	0.212185630767125	0.770318580797188	Bacteroidota	Bacteroidia	Bacteroidales	Rikenellaceae	Alistipes_A	Alistipes_A indistinctus	LPS / endotoxin
K01639	153_1	3	3	1									LPS / endotoxin
K01639	155_1	1	1	1									LPS / endotoxin
K01639	161_1	1	2	0.5									LPS / endotoxin
K01639	193_1	1	1	1									LPS / endotoxin
K01639	194_1	2	2	1									LPS / endotoxin
K01639	194_2	1	1	1									LPS / endotoxin
K01639	194_3	1	1	1									LPS / endotoxin
K01639	194_4	1	1	1									LPS / endotoxin
K01639	194_5	1	1	1									LPS / endotoxin
K01639	194_6	1	1	1									LPS / endotoxin
K01639	195_1	1	1	1									LPS / endotoxin
K01639	196_1	1	1	1									LPS / endotoxin
K01639	197_1	1	1	1									LPS / endotoxin
K01639	198_1	1	2	0.5									LPS / endotoxin
K01639	199_1	6	13	0.461538461538462	-0.614303611609441	0.190262160554292	Bacillota	Clostridia	Oscillospirales	CAG-272	UMGS1865	UMGS1865 sp900547725	LPS / endotoxin
K01639	210_1	1	1	1									LPS / endotoxin
K01639	211_1	2	2	1									LPS / endotoxin
K01639	212_1	25	26	0.961538461538461	-0.164752452134152	0.794463298842308	Bacillota	Clostridia	Oscillospirales	Acutalibacteraceae	Eubacterium_R	Eubacterium_R sp000434995	LPS / endotoxin
K01639	213_1	52	53	0.981132075471698	-0.577220020863697	0.522069341884661	Bacillota	Clostridia	Oscillospirales	Acutalibacteraceae	Eubacterium_R	Eubacterium_R sp000436835	LPS / endotoxin
K01639	214_1	4	4	1									LPS / endotoxin
K01639	215_1	2	2	1									LPS / endotoxin
K01639	217_1	70	72	0.972222222222222	-0.108585260323466	0.906956554086696	Bacillota	Clostridia	Oscillospirales	Acutalibacteraceae	Fimenecus	Fimenecus sp000432435	LPS / endotoxin
K01639	218_1	3	3	1									LPS / endotoxin
K01639	228_1	2	2	1									LPS / endotoxin
K01639	229_1	6	12	0.5	-0.207473561773505	0.716644473768369	Bacillota	Clostridia	Christensenellales	Aristaeellaceae	Limiplasma	Limiplasma sp900548145	LPS / endotoxin
K01639	234_1	1	1	1									LPS / endotoxin
K01639	242_1	9	12	0.75	-1.80635054857245	0.0940957035536014	Bacillota	Clostridia	Oscillospirales	Acutalibacteraceae	UMGS856	UMGS856 sp900546265	LPS / endotoxin
K01639	243_1	1	1	1									LPS / endotoxin
K01639	244_1	1	2	0.5									LPS / endotoxin
K01639	250_1	5	5	1									LPS / endotoxin
K01639	255_1	52	52	1	0.283093937398622	0.690814022366494	Bacillota	Clostridia	Oscillospirales	Ruminococcaceae	Ruthenibacterium	Ruthenibacterium lactatiformans	LPS / endotoxin
K01639	258_1	1	1	1									LPS / endotoxin
K01639	259_1	3	4	0.75									LPS / endotoxin
K01639	260_1	1	1	1									LPS / endotoxin
K01639	278_1	1	1	1									LPS / endotoxin
K01639	282_1	3	3	1									LPS / endotoxin
K01639	287_1	9	11	0.818181818181818	-0.820447462078097	0.132232166708428	Bacillota	Clostridia	Oscillospirales	CAG-272	Flemingiibacterium	Flemingiibacterium sp900546315	LPS / endotoxin
K01639	288_1	1	1	1									LPS / endotoxin
K01639	2_1	2	2	1									LPS / endotoxin
K01639	301_1	2	3	0.666666666666667									LPS / endotoxin
K01639	302_1	8	8	1									LPS / endotoxin
K01639	302_2	1	1	1									LPS / endotoxin
K01639	303_1	14	14	1	-0.729710925062759	0.163423091828184	Bacillota	Clostridia	Christensenellales	Aristaeellaceae	Ventricola	Ventricola sp900542445	LPS / endotoxin
K01639	304_1	20	29	0.689655172413793	-1.05694439057469	0.15003989299863	Bacillota	Clostridia	Christensenellales	Aristaeellaceae	Ventricola	Ventricola sp900542395	LPS / endotoxin
K01639	319_1	1	4	0.25									LPS / endotoxin
K01639	336_1	4	4	1									LPS / endotoxin
K01639	377_1	5	5	1									LPS / endotoxin
K01639	382_1	9	9	1									LPS / endotoxin
K01639	386_1	1	1	1									LPS / endotoxin
K01639	387_1	2	2	1									LPS / endotoxin
K01639	388_1	1	1	1									LPS / endotoxin
K01639	391_1	1	1	1									LPS / endotoxin
K01639	392_1	1	1	1									LPS / endotoxin
K01639	395_1	6	7	0.857142857142857									LPS / endotoxin
K01639	396_1	1	1	1									LPS / endotoxin
K01639	401_1	12	13	0.923076923076923	-0.0327752358157016	0.974832982541305	Bacillota	Clostridia	Lachnospirales	Lachnospiraceae	Clostridium_AP	Clostridium_AP sp000509125	LPS / endotoxin
K01639	401_2	2	2	1									LPS / endotoxin
K01639	441_1	1	1	1									LPS / endotoxin
K01639	445_1	4	5	0.8									LPS / endotoxin
K01639	445_2	1	1	1									LPS / endotoxin
K01639	445_3	1	1	1									LPS / endotoxin
K01639	445_4	1	1	1									LPS / endotoxin
K01639	445_6	1	1	1									LPS / endotoxin
K01639	446_1	3	4	0.75									LPS / endotoxin
K01639	446_2	10	16	0.625	0.132508502777099	0.903548698977595	Bacillota	Bacilli	Lactobacillales	Streptococcaceae	Streptococcus	""	LPS / endotoxin
K01639	446_3	4	4	1									LPS / endotoxin
K01639	446_4	1	1	1									LPS / endotoxin
K01639	446_5	1	1	1									LPS / endotoxin
K01639	447_1	1	2	0.5									LPS / endotoxin
K01639	447_2	6	6	1									LPS / endotoxin
K01639	448_1	1	1	1									LPS / endotoxin
K01639	448_2	1	1	1									LPS / endotoxin
K01639	449_1	1	1	1									LPS / endotoxin
K01639	459_1	1	3	0.333333333333333									LPS / endotoxin
K01639	461_1	4	4	1									LPS / endotoxin
K01639	462_1	1	1	1									LPS / endotoxin
K01639	463_1	1	1	1									LPS / endotoxin
K01639	464_1	1	1	1									LPS / endotoxin
K01639	466_1	10	10	1	-3.06343954821758	0.0228985834013386	Bacillota	Clostridia	Oscillospirales	Acutalibacteraceae	CAG-177	CAG-177 sp000431775	LPS / endotoxin
K01639	467_1	1	1	1									LPS / endotoxin
K01639	468_1	19	21	0.904761904761905	0.0957629958797071	0.927175507808937	Bacillota	Clostridia	Oscillospirales	Acutalibacteraceae	CAG-177	CAG-177 sp003538135	LPS / endotoxin
K01639	492_1	3	4	0.75									LPS / endotoxin
K01639	496_1	1	1	1									LPS / endotoxin
K01639	505_1	2	2	1									LPS / endotoxin
K01639	515_2	2	2	1									LPS / endotoxin
K01639	527_1	1	3	0.333333333333333									LPS / endotoxin
K01639	529_1	2	2	1									LPS / endotoxin
K01639	550_3	2	3	0.666666666666667									LPS / endotoxin
K01639	555_1	1	1	1									LPS / endotoxin
K01639	586_1	6	6	1									LPS / endotoxin
K01639	587_1	1	1	1									LPS / endotoxin
K01639	58_1	1	1	1									LPS / endotoxin
K01639	590_1	3	3	1									LPS / endotoxin
K01639	591_1	3	3	1									LPS / endotoxin
K01639	595_1	40	40	1	-0.462788412645942	0.445358515766853	Bacillota	Clostridia	Lachnospirales	Lachnospiraceae	Limivivens	Limivivens faecihominis	LPS / endotoxin
K01639	596_1	6	8	0.75									LPS / endotoxin
K01639	59_1	1	3	0.333333333333333									LPS / endotoxin
K01639	607_1	26	26	1	-0.171930815266113	0.855856822026673	Bacillota	Clostridia	Lachnospirales	Lachnospiraceae	Lachnospira	Lachnospira sp900545725	LPS / endotoxin
K01639	608_1	5	6	0.833333333333333									LPS / endotoxin
K01639	60_1	3	3	1									LPS / endotoxin
K01639	60_10	1	1	1									LPS / endotoxin
K01639	60_12	2	2	1									LPS / endotoxin
K01639	60_15	1	1	1									LPS / endotoxin
K01639	60_16	1	1	1									LPS / endotoxin
K01639	60_2	17	19	0.894736842105263	-0.704720195035236	0.222688071753967	Pseudomonadota	Gammaproteobacteria	Enterobacterales	Pasteurellaceae	Haemophilus_D	Haemophilus_D sp905205995	LPS / endotoxin
K01639	60_3	3	3	1									LPS / endotoxin
K01639	60_4	2	2	1									LPS / endotoxin
K01639	60_5	3	3	1									LPS / endotoxin
K01639	60_6	4	5	0.8									LPS / endotoxin
K01639	60_7	1	1	1									LPS / endotoxin
K01639	60_8	2	2	1									LPS / endotoxin
K01639	60_9	1	1	1									LPS / endotoxin
K01639	618_1	39	47	0.829787234042553	-0.0335793821109907	0.97869908170741	Bacillota	Clostridia	Lachnospirales	Lachnospiraceae	Dorea_A	Dorea_A sp019421265	LPS / endotoxin
K01639	618_2	40	48	0.833333333333333	-0.439606813084421	0.599296942781166	Bacillota	Clostridia	Lachnospirales	Lachnospiraceae	Dorea_A	Dorea_A longicatena	LPS / endotoxin
K01639	619_1	21	55	0.381818181818182	-0.634037777400313	0.163423091828184	Bacillota	Clostridia	Lachnospirales	Lachnospiraceae	Dorea	Dorea formicigenerans	LPS / endotoxin
K01639	632_1	1	1	1									LPS / endotoxin
K01639	632_2	1	1	1									LPS / endotoxin
K01639	634_1	1	1	1									LPS / endotoxin
K01639	646_1	3	3	1									LPS / endotoxin
K01639	648_1	1	1	1									LPS / endotoxin
K01639	665_1	1	1	1									LPS / endotoxin
K01639	674_1	1	1	1									LPS / endotoxin
K01639	676_1	2	4	0.5									LPS / endotoxin
K01639	677_1	1	2	0.5									LPS / endotoxin
K01639	687_1	4	10	0.4	-0.739216562131549	0.140676023121156	Bacillota	Clostridia	Lachnospirales	Lachnospiraceae	Blautia_A	Blautia_A sp003471165	LPS / endotoxin
K01639	688_1	2	2	1									LPS / endotoxin
K01639	689_1	38	152	0.25	0.345740421168533	0.613432355895215	Bacillota	Clostridia	Lachnospirales	Lachnospiraceae	Blautia_A	Blautia_A wexlerae	LPS / endotoxin
K01639	690_1	15	17	0.882352941176471	-0.18629011572555	0.716644473768369	Bacillota	Clostridia	Lachnospirales	Lachnospiraceae	Blautia_A	Blautia_A acetigignens	LPS / endotoxin
K01639	693_1	41	44	0.931818181818182	0.13111921488241	0.897099977041137	Bacillota	Clostridia	Lachnospirales	Lachnospiraceae	Blautia	""	LPS / endotoxin
K01639	693_2	34	34	1	-0.862191818977854	0.0959908867751955	Bacillota	Clostridia	Lachnospirales	Lachnospiraceae	Blautia	Blautia stercoris	LPS / endotoxin
K01639	694_1	1	3	0.333333333333333									LPS / endotoxin
K01639	694_2	1	1	1									LPS / endotoxin
K01639	694_3	1	1	1									LPS / endotoxin
K01639	695_1	1	1	1									LPS / endotoxin
K01639	699_1	3	3	1									LPS / endotoxin
K01639	70_1	5	5	1									LPS / endotoxin
K01639	711_1	5	5	1									LPS / endotoxin
K01639	714_1	46	64	0.71875	0.205455841668231	0.705786770019968	Bacillota	Clostridia	Lachnospirales	Lachnospiraceae	Roseburia	Roseburia inulinivorans	LPS / endotoxin
K01639	715_1	7	27	0.259259259259259	0.912994185370163	0.111471662023527	Bacillota	Clostridia	Lachnospirales	Lachnospiraceae	Blautia	Blautia hansenii	LPS / endotoxin
K01639	716_1	7	8	0.875									LPS / endotoxin
K01639	717_1	1	1	1									LPS / endotoxin
K01639	718_1	2	2	1									LPS / endotoxin
K01639	719_1	9	26	0.346153846153846	0.428721550646138	0.587331583512973	Bacillota	Clostridia	Lachnospirales	Lachnospiraceae	Blautia	Blautia sp900541955	LPS / endotoxin
K01639	728_1	1	1	1									LPS / endotoxin
K01639	735_1	3	3	1									LPS / endotoxin
K01639	738_1	8	8	1									LPS / endotoxin
K01639	741_1	4	4	1									LPS / endotoxin
K01639	744_1	13	17	0.764705882352941	0.409466631563058	0.498146507310334	Bacillota	Clostridia	Lachnospirales	Lachnospiraceae	Brotaphodocola	Brotaphodocola sp900538475	LPS / endotoxin
K01639	744_2	1	1	1									LPS / endotoxin
K01639	753_1	4	6	0.666666666666667									LPS / endotoxin
K01639	754_1	3	3	1									LPS / endotoxin
K01639	754_2	2	2	1									LPS / endotoxin
K01639	756_2	9	27	0.333333333333333	-1.29505069239	0.0209923087006977	Bacillota	Clostridia	Lachnospirales	Lachnospiraceae	Enterocloster	Enterocloster sp900541315	LPS / endotoxin
K01639	757_1	2	2	1									LPS / endotoxin
K01639	758_1	60	60	1	0.793121393333542	0.0436629946280636	Bacillota	Clostridia	Lachnospirales	Lachnospiraceae	Enterocloster	Enterocloster sp001517625	LPS / endotoxin
K01639	759_1	6	6	1									LPS / endotoxin
K01639	760_1	22	22	1	0.0368994370031712	0.982138997559126	Bacillota	Clostridia	Lachnospirales	Lachnospiraceae	Enterocloster	Enterocloster bolteae	LPS / endotoxin
K01639	760_2	2	2	1									LPS / endotoxin
K01639	761_1	3	4	0.75									LPS / endotoxin
K01639	762_1	1	1	1									LPS / endotoxin
K01639	772_1	1	2	0.5									LPS / endotoxin
K01639	788_1	3	3	1									LPS / endotoxin
K01639	806_1	1	1	1									LPS / endotoxin
K01639	810_1	1	2	0.5									LPS / endotoxin
K01639	812_1	1	1	1									LPS / endotoxin
K01639	823_1	3	4	0.75									LPS / endotoxin
K01639	824_1	56	76	0.736842105263158	0.738462596010375	0.0209391090362036	Bacillota	Clostridia	Oscillospirales	Oscillospiraceae	Flavonifractor	Flavonifractor plautii	LPS / endotoxin
K01639	825_1	1	1	1									LPS / endotoxin
K01639	826_1	1	1	1									LPS / endotoxin
K01639	828_1	3	4	0.75									LPS / endotoxin
K01639	829_1	2	3	0.666666666666667									LPS / endotoxin
K01639	82_1	4	5	0.8									LPS / endotoxin
K01639	831_1	38	44	0.863636363636364	-0.131533534047394	0.856229299656494	Bacillota	Clostridia	Oscillospirales	Oscillospiraceae	Lawsonibacter	Lawsonibacter asaccharolyticus	LPS / endotoxin
K01639	832_2	1	1	1									LPS / endotoxin
K01639	833_1	1	1	1									LPS / endotoxin
K01639	835_1	2	3	0.666666666666667									LPS / endotoxin
K01639	839_1	9	9	1									LPS / endotoxin
K01639	840_1	1	1	1									LPS / endotoxin
K01639	841_1	16	20	0.8	-1.10939139746334	0.0357065318678629	Bacillota	Clostridia	Oscillospirales	Oscillospiraceae	Faecousia	Faecousia sp900549705	LPS / endotoxin
K01639	843_2	3	8	0.375									LPS / endotoxin
K01639	844_1	20	22	0.909090909090909	-1.80901590865885	0.0010293237522104	Bacillota	Clostridia	Oscillospirales	Oscillospiraceae	Faecousia	Faecousia sp900540635	LPS / endotoxin
K01639	845_1	9	9	1									LPS / endotoxin
K01639	854_1	1	2	0.5									LPS / endotoxin
K01639	858_1	4	15	0.266666666666667	-1.06809789574286	0.126524243007168	Bacillota	Clostridia	Oscillospirales	Oscillospiraceae	CAG-170	CAG-170 sp900545925	LPS / endotoxin
K01639	858_2	32	32	1	-1.13214997178511	0.0791276931984622	Bacillota	Clostridia	Oscillospirales	Oscillospiraceae	CAG-170	CAG-170 sp000432135	LPS / endotoxin
K01639	867_1	17	20	0.85	-1.37302066211382	0.0133806853375269	Bacillota	Clostridia	Oscillospirales	Oscillospiraceae	Limivicinus	Limivicinus sp003150355	LPS / endotoxin
K01639	867_2	1	1	1									LPS / endotoxin
K01639	873_1	26	31	0.838709677419355	-0.687694640272151	0.0831275357601202	Bacillota	Clostridia	Oscillospirales	Oscillospiraceae	Apopatocola	Apopatocola sp003522945	LPS / endotoxin
K01639	878_1	1	1	1									LPS / endotoxin
K01639	878_2	1	1	1									LPS / endotoxin
K01639	879_1	109	130	0.838461538461539	0.427294764906586	0.437227229988097	Bacillota	Clostridia	Oscillospirales	Ruminococcaceae	Faecalibacterium	Faecalibacterium longum	LPS / endotoxin
K01639	879_2	3	4	0.75									LPS / endotoxin
K01639	87_1	5	5	1									LPS / endotoxin
K01639	880_1	49	60	0.816666666666667	-0.492274218581123	0.483468909616883	Bacillota	Clostridia	Oscillospirales	Ruminococcaceae	Faecalibacterium	Faecalibacterium prausnitzii_E	LPS / endotoxin
K01639	880_2	1	1	1									LPS / endotoxin
K01639	881_1	9	10	0.9	-1.56863516181883	0.00946480686413603	Bacillota	Clostridia	Oscillospirales	Ruminococcaceae	Faecalibacterium	Faecalibacterium hattorii	LPS / endotoxin
K01639	881_2	1	1	1									LPS / endotoxin
K01639	882_1	73	92	0.793478260869565	0.253167645672424	0.615729532216391	Bacillota	Clostridia	Oscillospirales	Ruminococcaceae	Faecalibacterium	Faecalibacterium prausnitzii	LPS / endotoxin
K01639	882_10	1	1	1									LPS / endotoxin
K01639	882_2	2	2	1									LPS / endotoxin
K01639	882_3	1	1	1									LPS / endotoxin
K01639	882_4	2	3	0.666666666666667									LPS / endotoxin
K01639	882_6	1	1	1									LPS / endotoxin
K01639	882_7	1	1	1									LPS / endotoxin
K01639	882_8	1	1	1									LPS / endotoxin
K01639	883_1	81	92	0.880434782608696	-0.00503794240808762	0.998990799564075	Bacillota	Clostridia	Oscillospirales	Ruminococcaceae	Faecalibacterium	Faecalibacterium taiwanense	LPS / endotoxin
K01639	883_2	1	1	1									LPS / endotoxin
K01639	883_3	2	4	0.5									LPS / endotoxin
K01639	884_1	47	72	0.652777777777778	0.0815000547282205	0.917709957555471	Bacillota	Clostridia	Oscillospirales	Ruminococcaceae	Faecalibacterium	Faecalibacterium sp900539945	LPS / endotoxin
K01639	885_1	2	2	1									LPS / endotoxin
K01639	885_2	1	1	1									LPS / endotoxin
K01639	885_3	2	2	1									LPS / endotoxin
K01639	886_1	23	26	0.884615384615385	-1.01226855596882	0.0178397243368271	Bacillota	Clostridia	Oscillospirales	Ruminococcaceae	Faecalibacterium	Faecalibacterium prausnitzii_I	LPS / endotoxin
K01639	887_1	75	80	0.9375	0.215348386702986	0.682851505582824	Bacillota	Clostridia	Oscillospirales	Ruminococcaceae	Faecalibacterium	Faecalibacterium duncaniae	LPS / endotoxin
K01639	887_2	1	1	1									LPS / endotoxin
K01639	887_3	3	3	1									LPS / endotoxin
K01639	888_1	1	1	1									LPS / endotoxin
K01639	890_1	42	49	0.857142857142857	-0.25582819652178	0.635739753893684	Bacillota	Clostridia	Oscillospirales	Ruminococcaceae	Gemmiger	Gemmiger sp900539695	LPS / endotoxin
K01639	890_2	1	1	1									LPS / endotoxin
K01639	891_1	1	1	1									LPS / endotoxin
K01639	892_2	1	1	1									LPS / endotoxin
K01639	893_1	113	140	0.807142857142857	0.19495488044412	0.778322092567065	Bacillota	Clostridia	Oscillospirales	Ruminococcaceae	Gemmiger	Gemmiger formicilis	LPS / endotoxin
K01639	894_1	5	5	1									LPS / endotoxin
K01639	895_1	19	21	0.904761904761905	-0.933504967344803	0.0831275357601202	Bacillota	Clostridia	Oscillospirales	Ruminococcaceae	Gemmiger	Gemmiger sp900540595	LPS / endotoxin
K01639	896_1	1	1	1									LPS / endotoxin
K01639	902_1	6	7	0.857142857142857									LPS / endotoxin
K01639	903_1	25	31	0.806451612903226	-0.103816619834537	0.917709957555471	Verrucomicrobiota	Verrucomicrobiia	Verrucomicrobiales	Akkermansiaceae	Akkermansia	Akkermansia muciniphila	LPS / endotoxin
K01639	903_2	1	1	1									LPS / endotoxin
K01639	908_1	1	1	1									LPS / endotoxin
K01639	909_1	1	1	1									LPS / endotoxin
K01639	910_1	79	88	0.897727272727273	0.473047598612671	0.304583391340693	Pseudomonadota	Gammaproteobacteria	Enterobacterales	Enterobacteriaceae	Escherichia	Escherichia coli	LPS / endotoxin
K01639	912_1	3	3	1									LPS / endotoxin
K01639	913_2	1	1	1									LPS / endotoxin
K01639	914_1	5	5	1									LPS / endotoxin
K01639	916_1	1	1	1									LPS / endotoxin
K01639	933_1	6	6	1									LPS / endotoxin
K01639	934_1	10	11	0.909090909090909	-0.41931158710435	0.699473689670921	Verrucomicrobiota	Lentisphaeria	Victivallales	Victivallaceae	Victivallis	Victivallis lenta	LPS / endotoxin
K01639	935_1	1	1	1									LPS / endotoxin
K01639	936_1	1	2	0.5									LPS / endotoxin
K01639	937_1	12	13	0.923076923076923	-0.241923571364727	0.688715015596133	Verrucomicrobiota	Lentisphaeria	Victivallales	UBA1829	UBA11452	UBA11452 sp003526375	LPS / endotoxin
K01639	957_1	1	3	0.333333333333333									LPS / endotoxin
K01639	960_1	1	2	0.5									LPS / endotoxin
K01639	961_1	1	1	1									LPS / endotoxin
K01639	968_1	2	4	0.5									LPS / endotoxin
K01639	973_1	19	19	1	-1.67574098582769	0.0623596104399875	Bacteroidota	Bacteroidia	Bacteroidales	Bacteroidaceae	Alloprevotella	Alloprevotella sp900539625	LPS / endotoxin
K01639	974_1	14	15	0.933333333333333	-0.0784205551231295	0.948225710639292	Bacteroidota	Bacteroidia	Bacteroidales	Bacteroidaceae	Alloprevotella	Alloprevotella timonensis	LPS / endotoxin
K01639	975_1	17	18	0.944444444444444	-0.523489156863972	0.454402479822528	Bacteroidota	Bacteroidia	Bacteroidales	Bacteroidaceae	Alloprevotella	Alloprevotella sp900540885	LPS / endotoxin
K01639	976_1	1	1	1									LPS / endotoxin
K01639	978_3	1	2	0.5									LPS / endotoxin
K01639	978_4	1	1	1									LPS / endotoxin
K01639	979_1	4	5	0.8									LPS / endotoxin
K01639	97_1	6	6	1									LPS / endotoxin
K01639	980_1	16	18	0.888888888888889	-1.00285156225719	0.222688071753967	Bacteroidota	Bacteroidia	Bacteroidales	Bacteroidaceae	Prevotella	Prevotella copri_A	LPS / endotoxin
K01639	980_2	1	1	1									LPS / endotoxin
K01639	980_3	2	2	1									LPS / endotoxin
K01639	980_4	3	4	0.75									LPS / endotoxin
K01639	980_6	1	1	1									LPS / endotoxin
K01639	98_1	1	1	1									LPS / endotoxin
K01639	992_1	1	1	1									LPS / endotoxin
K01639	992_2	1	1	1									LPS / endotoxin
K01639	993_1	18	19	0.947368421052632	-0.579721182922959	0.21699551489875	Bacteroidota	Bacteroidia	Bacteroidales	Bacteroidaceae	Prevotella	Prevotella sp002265625	LPS / endotoxin
K01639	994_1	16	16	1	-0.410768670553581	0.699473689670921	Bacteroidota	Bacteroidia	Bacteroidales	Bacteroidaceae	Prevotella	Prevotella sp000434975	LPS / endotoxin
K01639	994_2	52	53	0.981132075471698	-0.55520575848509	0.497609598483521	Bacteroidota	Bacteroidia	Bacteroidales	Bacteroidaceae	Prevotella	Prevotella stercorea	LPS / endotoxin
K01639	996_1	2	4	0.5									LPS / endotoxin
K01639	996_2	3	3	1									LPS / endotoxin
K01639	999_1	153	163	0.938650306748466	1.00763116493202	0.00240146105029924	Bacteroidota	Bacteroidia	Bacteroidales	Tannerellaceae	Parabacteroides	Parabacteroides distasonis	LPS / endotoxin
K01639	99_1	7	7	1									LPS / endotoxin
K01790	1000_1	1	2	0.5									LPS / endotoxin
K01790	1001_1	119	135	0.881481481481482	0.261194982385927	0.528023152241292	Bacteroidota	Bacteroidia	Bacteroidales	Tannerellaceae	Parabacteroides	Parabacteroides merdae	LPS / endotoxin
K01790	1001_2	3	5	0.6									LPS / endotoxin
K01790	1002_1	1	1	1									LPS / endotoxin
K01790	1003_1	2	2	1									LPS / endotoxin
K01790	1004_1	7	8	0.875									LPS / endotoxin
K01790	1005_1	3	3	1									LPS / endotoxin
K01790	1006_1	3	3	1									LPS / endotoxin
K01790	1007_1	66	71	0.929577464788732	0.0423727266989698	0.947439630427701	Bacteroidota	Bacteroidia	Bacteroidales	Barnesiellaceae	Barnesiella	Barnesiella intestinihominis	LPS / endotoxin
K01790	1008_1	13	14	0.928571428571429	-0.0525813015598358	0.960672736786275	Bacteroidota	Bacteroidia	Bacteroidales	Coprobacteraceae	Coprobacter	Coprobacter fastidiosus	LPS / endotoxin
K01790	100_1	1	1	1									LPS / endotoxin
K01790	100_2	6	9	0.666666666666667									LPS / endotoxin
K01790	1010_1	8	8	1									LPS / endotoxin
K01790	1011_1	2	2	1									LPS / endotoxin
K01790	1012_1	1	1	1									LPS / endotoxin
K01790	1013_1	3	3	1									LPS / endotoxin
K01790	1014_1	1	1	1									LPS / endotoxin
K01790	1015_1	1	1	1									LPS / endotoxin
K01790	1016_1	63	63	1	-0.208898775088439	0.778322092567065	Bacteroidota	Bacteroidia	Bacteroidales	Muribaculaceae	Limisoma	Limisoma sp000437795	LPS / endotoxin
K01790	1017_1	3	3	1									LPS / endotoxin
K01790	1018_1	1	1	1									LPS / endotoxin
K01790	1019_1	1	1	1									LPS / endotoxin
K01790	101_1	1	1	1									LPS / endotoxin
K01790	1020_1	4	4	1									LPS / endotoxin
K01790	1021_1	36	37	0.972972972972973	-0.179607844653082	0.874535489671309	Bacteroidota	Bacteroidia	Bacteroidales	Bacteroidaceae	Bacteroides	Bacteroides fragilis	LPS / endotoxin
K01790	1022_1	9	11	0.818181818181818	-0.286165399503727	0.757559086992637	Bacteroidota	Bacteroidia	Bacteroidales	Bacteroidaceae	Phocaeicola	Phocaeicola sp000434735	LPS / endotoxin
K01790	1023_1	3	4	0.75									LPS / endotoxin
K01790	1024_1	2	6	0.333333333333333									LPS / endotoxin
K01790	1024_2	1	1	1									LPS / endotoxin
K01790	1025_1	11	11	1	0.196106397696826	0.701738090779955	Bacteroidota	Bacteroidia	Bacteroidales	Bacteroidaceae	Phocaeicola	""	LPS / endotoxin
K01790	1026_1	2	2	1									LPS / endotoxin
K01790	1027_1	43	48	0.895833333333333	-0.2169914798534	0.839584115395913	Bacteroidota	Bacteroidia	Bacteroidales	Bacteroidaceae	Phocaeicola	Phocaeicola coprophilus	LPS / endotoxin
K01790	1028_1	58	70	0.828571428571429	0.516057187655274	0.302129563143712	Bacteroidota	Bacteroidia	Bacteroidales	Bacteroidaceae	Phocaeicola	Phocaeicola coprocola	LPS / endotoxin
K01790	1029_1	84	87	0.96551724137931	-0.238226121941742	0.742598088192423	Bacteroidota	Bacteroidia	Bacteroidales	Bacteroidaceae	Phocaeicola	Phocaeicola plebeius_A	LPS / endotoxin
K01790	1029_2	28	28	1	-0.476089528521639	0.7107993086602	Bacteroidota	Bacteroidia	Bacteroidales	Bacteroidaceae	Phocaeicola	Phocaeicola plebeius	LPS / endotoxin
K01790	1029_3	1	1	1									LPS / endotoxin
K01790	102_1	1	1	1									LPS / endotoxin
K01790	1030_1	2	2	1									LPS / endotoxin
K01790	1031_1	13	16	0.8125	0.0135433246737455	0.990564642112473	Bacteroidota	Bacteroidia	Bacteroidales	Bacteroidaceae	Phocaeicola	Phocaeicola massiliensis	LPS / endotoxin
K01790	1031_2	1	3	0.333333333333333									LPS / endotoxin
K01790	1032_1	149	161	0.925465838509317	0.889281398761076	0.0743509713386384	Bacteroidota	Bacteroidia	Bacteroidales	Bacteroidaceae	Phocaeicola	Phocaeicola vulgatus	LPS / endotoxin
K01790	1033_1	1	1	1									LPS / endotoxin
K01790	1034_1	16	16	1	0.33057146041234	0.670386921581713	Bacteroidota	Bacteroidia	Bacteroidales	Bacteroidaceae	Bacteroides	Bacteroides cellulosilyticus	LPS / endotoxin
K01790	1034_2	2	2	1									LPS / endotoxin
K01790	1035_1	7	7	1									LPS / endotoxin
K01790	1036_1	1	1	1									LPS / endotoxin
K01790	1037_1	9	9	1									LPS / endotoxin
K01790	1038_1	14	14	1	-0.374837014546726	0.496099005078926	Bacteroidota	Bacteroidia	Bacteroidales	Bacteroidaceae	Bacteroides	Bacteroides clarus	LPS / endotoxin
K01790	1039_1	53	66	0.803030303030303	1.11624268991281	0.0870945140509126	Bacteroidota	Bacteroidia	Bacteroidales	Bacteroidaceae	Bacteroides	Bacteroides stercoris_A	LPS / endotoxin
K01790	1040_1	137	156	0.878205128205128	0.745021470471891	0.12435426833705	Bacteroidota	Bacteroidia	Bacteroidales	Bacteroidaceae	Bacteroides	Bacteroides uniformis	LPS / endotoxin
K01790	1042_1	1	1	1									LPS / endotoxin
K01790	1043_1	27	32	0.84375	0.019094354544421	0.987596417076079	Bacteroidota	Bacteroidia	Bacteroidales	Bacteroidaceae	Bacteroides	Bacteroides thetaiotaomicron	LPS / endotoxin
K01790	1043_2	2	2	1									LPS / endotoxin
K01790	1044_1	21	35	0.6	-0.0599809783690067	0.950001439141797	Bacteroidota	Bacteroidia	Bacteroidales	Bacteroidaceae	Bacteroides	Bacteroides caccae	LPS / endotoxin
K01790	1044_2	1	1	1									LPS / endotoxin
K01790	1045_1	7	8	0.875									LPS / endotoxin
K01790	1046_1	36	43	0.837209302325582	-0.357393799768856	0.636621250464773	Bacteroidota	Bacteroidia	Bacteroidales	Bacteroidaceae	Bacteroides	Bacteroides ovatus	LPS / endotoxin
K01790	1046_2	10	14	0.714285714285714	-0.96275434253752	0.189698331972496	Bacteroidota	Bacteroidia	Bacteroidales	Bacteroidaceae	Bacteroides	Bacteroides xylanisolvens	LPS / endotoxin
K01790	1046_3	1	1	1									LPS / endotoxin
K01790	1046_4	1	1	1									LPS / endotoxin
K01790	1046_5	1	2	0.5									LPS / endotoxin
K01790	1047_1	9	10	0.9	0.361334862683469	0.690814022366494	Bacteroidota	Bacteroidia	Bacteroidales	Bacteroidaceae	Bacteroides	Bacteroides salyersiae	LPS / endotoxin
K01790	1048_1	5	6	0.833333333333333									LPS / endotoxin
K01790	1048_2	2	3	0.666666666666667									LPS / endotoxin
K01790	1051_1	83	86	0.965116279069768	-0.229759068933236	0.702741495877688	Bacteroidota	Bacteroidia	Bacteroidales	Marinifilaceae	Odoribacter	Odoribacter splanchnicus	LPS / endotoxin
K01790	1052_1	1	1	1									LPS / endotoxin
K01790	1053_1	10	11	0.909090909090909	-0.605691333403473	0.440381178841193	Bacteroidota	Bacteroidia	Bacteroidales	Marinifilaceae	Butyricimonas	Butyricimonas faecalis	LPS / endotoxin
K01790	1053_2	1	1	1									LPS / endotoxin
K01790	1054_1	13	15	0.866666666666667	0.453957827453901	0.380704007840178	Bacteroidota	Bacteroidia	Bacteroidales	Marinifilaceae	Butyricimonas	""	LPS / endotoxin
K01790	1054_2	15	16	0.9375	-0.0830589795416084	0.939012573140302	Bacteroidota	Bacteroidia	Bacteroidales	Marinifilaceae	Butyricimonas	Butyricimonas virosa	LPS / endotoxin
K01790	1054_3	10	12	0.833333333333333	-0.418405760914221	0.415564352658791	Bacteroidota	Bacteroidia	Bacteroidales	Marinifilaceae	Butyricimonas	Butyricimonas faecihominis	LPS / endotoxin
K01790	1054_4	4	8	0.5									LPS / endotoxin
K01790	1055_1	1	1	1									LPS / endotoxin
K01790	1056_1	1	1	1									LPS / endotoxin
K01790	1059_1	1	2	0.5									LPS / endotoxin
K01790	1060_1	2	8	0.25									LPS / endotoxin
K01790	1061_1	2	2	1									LPS / endotoxin
K01790	1063_1	1	2	0.5									LPS / endotoxin
K01790	1063_2	1	1	1									LPS / endotoxin
K01790	1064_1	1	1	1									LPS / endotoxin
K01790	1066_1	1	3	0.333333333333333									LPS / endotoxin
K01790	1070_1	7	10	0.7	0.0291851094542721	0.974140336086172	Actinomycetota	Coriobacteriia	Coriobacteriales	Coriobacteriaceae	Collinsella	Collinsella intestinalis	LPS / endotoxin
K01790	1071_1	1	2	0.5									LPS / endotoxin
K01790	1072_1	1	2	0.5									LPS / endotoxin
K01790	1073_1	2	7	0.285714285714286									LPS / endotoxin
K01790	1074_1	19	22	0.863636363636364	-0.513807714770883	0.483468909616883	Actinomycetota	Coriobacteriia	Coriobacteriales	Coriobacteriaceae	Collinsella	""	LPS / endotoxin
K01790	1074_10	1	1	1									LPS / endotoxin
K01790	1074_11	4	4	1									LPS / endotoxin
K01790	1074_12	5	5	1									LPS / endotoxin
K01790	1074_13	2	2	1									LPS / endotoxin
K01790	1074_14	1	1	1									LPS / endotoxin
K01790	1074_15	2	2	1									LPS / endotoxin
K01790	1074_16	1	2	0.5									LPS / endotoxin
K01790	1074_18	1	1	1									LPS / endotoxin
K01790	1074_19	1	1	1									LPS / endotoxin
K01790	1074_2	5	9	0.555555555555556									LPS / endotoxin
K01790	1074_20	1	1	1									LPS / endotoxin
K01790	1074_21	3	8	0.375									LPS / endotoxin
K01790	1074_22	1	1	1									LPS / endotoxin
K01790	1074_23	1	3	0.333333333333333									LPS / endotoxin
K01790	1074_24	1	1	1									LPS / endotoxin
K01790	1074_26	5	6	0.833333333333333									LPS / endotoxin
K01790	1074_28	1	1	1									LPS / endotoxin
K01790	1074_3	13	19	0.68421052631579	0.318133869164916	0.615729532216391	Actinomycetota	Coriobacteriia	Coriobacteriales	Coriobacteriaceae	Collinsella	Collinsella sp003459245	LPS / endotoxin
K01790	1074_31	1	1	1									LPS / endotoxin
K01790	1074_32	1	1	1									LPS / endotoxin
K01790	1074_33	1	1	1									LPS / endotoxin
K01790	1074_34	1	1	1									LPS / endotoxin
K01790	1074_36	1	1	1									LPS / endotoxin
K01790	1074_38	1	1	1									LPS / endotoxin
K01790	1074_39	1	1	1									LPS / endotoxin
K01790	1074_4	1	1	1									LPS / endotoxin
K01790	1074_5	5	8	0.625									LPS / endotoxin
K01790	1074_6	2	4	0.5									LPS / endotoxin
K01790	1074_7	1	3	0.333333333333333									LPS / endotoxin
K01790	1074_8	12	16	0.75	-0.602232921384223	0.320138272702497	Actinomycetota	Coriobacteriia	Coriobacteriales	Coriobacteriaceae	Collinsella	""	LPS / endotoxin
K01790	1074_9	3	3	1									LPS / endotoxin
K01790	1076_1	1	4	0.25									LPS / endotoxin
K01790	1079_1	9	13	0.692307692307692	-0.556759533219657	0.277978335907629	Actinomycetota	Coriobacteriia	Coriobacteriales	Eggerthellaceae	Anaerotardibacter	Anaerotardibacter sp000435675	LPS / endotoxin
K01790	1083_1	1	1	1									LPS / endotoxin
K01790	1083_2	3	3	1									LPS / endotoxin
K01790	1084_1	1	1	1									LPS / endotoxin
K01790	1089_1	1	1	1									LPS / endotoxin
K01790	1091_1	1	2	0.5									LPS / endotoxin
K01790	1092_1	36	73	0.493150684931507	-0.00159963330957656	0.999407958867046	Actinomycetota	Coriobacteriia	Coriobacteriales	Eggerthellaceae	Eggerthella	Eggerthella lenta	LPS / endotoxin
K01790	1093_1	1	4	0.25									LPS / endotoxin
K01790	1094_1	4	8	0.5									LPS / endotoxin
K01790	1096_1	6	6	1									LPS / endotoxin
K01790	1096_3	1	1	1									LPS / endotoxin
K01790	1096_4	4	4	1									LPS / endotoxin
K01790	1096_5	1	1	1									LPS / endotoxin
K01790	1096_6	1	1	1									LPS / endotoxin
K01790	1097_1	11	12	0.916666666666667	0.0269774703599389	0.986223214161706	Actinomycetota	Actinomycetes	Actinomycetales	Bifidobacteriaceae	Bifidobacterium	Bifidobacterium animalis_B	LPS / endotoxin
K01790	1098_1	1	3	0.333333333333333									LPS / endotoxin
K01790	109_1	4	4	1									LPS / endotoxin
K01790	10_1	1	1	1									LPS / endotoxin
K01790	1100_1	47	112	0.419642857142857	0.171199520407769	0.857598970815532	Actinomycetota	Actinomycetes	Actinomycetales	Bifidobacteriaceae	Bifidobacterium	Bifidobacterium pseudocatenulatum	LPS / endotoxin
K01790	1100_2	6	9	0.666666666666667									LPS / endotoxin
K01790	1100_4	2	3	0.666666666666667									LPS / endotoxin
K01790	1101_1	20	55	0.363636363636364	-0.319890280157619	0.53121493408492	Actinomycetota	Actinomycetes	Actinomycetales	Bifidobacteriaceae	Bifidobacterium	Bifidobacterium bifidum	LPS / endotoxin
K01790	1102_1	73	149	0.48993288590604	0.560776878578486	0.133292324070373	Actinomycetota	Actinomycetes	Actinomycetales	Bifidobacteriaceae	Bifidobacterium	Bifidobacterium longum	LPS / endotoxin
K01790	1102_2	1	2	0.5									LPS / endotoxin
K01790	1103_1	1	1	1									LPS / endotoxin
K01790	1104_1	1	1	1									LPS / endotoxin
K01790	1105_1	1	1	1									LPS / endotoxin
K01790	1106_1	2	3	0.666666666666667									LPS / endotoxin
K01790	1107_1	23	23	1	-0.879211993171519	0.0831275357601202	Bacteroidota	Bacteroidia	Bacteroidales	UBA932	Cryptobacteroides	Cryptobacteroides sp000433355	LPS / endotoxin
K01790	1107_2	2	2	1									LPS / endotoxin
K01790	1107_3	7	7	1									LPS / endotoxin
K01790	1108_1	2	2	1									LPS / endotoxin
K01790	1109_1	11	14	0.785714285714286	-0.340553863713002	0.450440417805453	Bacteroidota	Bacteroidia	Bacteroidales	UBA932	Cryptobacteroides	Cryptobacteroides sp000435075	LPS / endotoxin
K01790	1110_1	3	8	0.375									LPS / endotoxin
K01790	1111_1	1	2	0.5									LPS / endotoxin
K01790	1112_1	1	1	1									LPS / endotoxin
K01790	1113_1	115	121	0.950413223140496	0.583180764854139	0.111723788254774	Bacteroidota	Bacteroidia	Bacteroidales	Rikenellaceae	Alistipes	Alistipes putredinis	LPS / endotoxin
K01790	1114_1	35	41	0.853658536585366	-0.0763192419191101	0.941064511686959	Bacteroidota	Bacteroidia	Bacteroidales	Rikenellaceae	Alistipes	Alistipes communis	LPS / endotoxin
K01790	1115_1	17	19	0.894736842105263	-0.154981220324971	0.917423232123717	Bacteroidota	Bacteroidia	Bacteroidales	Rikenellaceae	Alistipes	Alistipes senegalensis	LPS / endotoxin
K01790	1116_1	80	88	0.909090909090909	0.226522172780732	0.654951089379597	Bacteroidota	Bacteroidia	Bacteroidales	Rikenellaceae	Alistipes	Alistipes shahii	LPS / endotoxin
K01790	1116_2	1	1	1									LPS / endotoxin
K01790	1117_1	50	58	0.862068965517241	0.131443132518955	0.915655769990715	Bacteroidota	Bacteroidia	Bacteroidales	Rikenellaceae	Alistipes	Alistipes onderdonkii	LPS / endotoxin
K01790	1118_1	31	34	0.911764705882353	0.200836809226206	0.783038263282324	Bacteroidota	Bacteroidia	Bacteroidales	Rikenellaceae	Alistipes	Alistipes finegoldii	LPS / endotoxin
K01790	1119_1	1	1	1									LPS / endotoxin
K01790	1120_1	5	6	0.833333333333333									LPS / endotoxin
K01790	1121_1	3	3	1									LPS / endotoxin
K01790	1122_1	1	1	1									LPS / endotoxin
K01790	1123_1	8	8	1									LPS / endotoxin
K01790	1124_1	13	15	0.866666666666667	0.983083342986006	0.0300286467860094	Bacteroidota	Bacteroidia	Bacteroidales	Rikenellaceae	Alistipes_A	Alistipes_A ihumii	LPS / endotoxin
K01790	1125_1	8	12	0.666666666666667	0.181984278059233	0.699329897153679	Bacteroidota	Bacteroidia	Bacteroidales	Rikenellaceae	Alistipes_A	Alistipes_A sp900539755	LPS / endotoxin
K01790	1126_1	20	22	0.909090909090909	0.212185630767125	0.770318580797188	Bacteroidota	Bacteroidia	Bacteroidales	Rikenellaceae	Alistipes_A	Alistipes_A indistinctus	LPS / endotoxin
K01790	114_1	7	7	1									LPS / endotoxin
K01790	115_1	1	1	1									LPS / endotoxin
K01790	119_1	2	3	0.666666666666667									LPS / endotoxin
K01790	120_1	3	4	0.75									LPS / endotoxin
K01790	129_1	1	1	1									LPS / endotoxin
K01790	146_1	1	1	1									LPS / endotoxin
K01790	153_1	1	3	0.333333333333333									LPS / endotoxin
K01790	154_1	3	10	0.3	-0.373989605063359	0.428544642195116	Bacillota	Bacilli	MOL361	Turicibacteraceae	Turicibacter	Turicibacter bilis	LPS / endotoxin
K01790	155_1	1	1	1									LPS / endotoxin
K01790	156_1	2	2	1									LPS / endotoxin
K01790	15_1	6	6	1									LPS / endotoxin
K01790	160_1	1	4	0.25									LPS / endotoxin
K01790	160_2	1	3	0.333333333333333									LPS / endotoxin
K01790	172_2	1	1	1									LPS / endotoxin
K01790	173_1	27	27	1	0.307822953780749	0.509547780060975	Bacillota	Bacilli	Erysipelotrichales	Coprobacillaceae	Thomasclavelia	Thomasclavelia ramosa	LPS / endotoxin
K01790	177_1	1	1	1									LPS / endotoxin
K01790	179_1	110	116	0.948275862068965	0.622474215001055	0.0870945140509126	Bacillota	Bacilli	Erysipelotrichales	Coprobacillaceae	Faecalibacillus	Faecalibacillus intestinalis	LPS / endotoxin
K01790	179_2	12	14	0.857142857142857	-0.708743101186255	0.139260622340075	Bacillota	Bacilli	Erysipelotrichales	Coprobacillaceae	Faecalibacillus	Faecalibacillus faecis	LPS / endotoxin
K01790	179_3	1	1	1									LPS / endotoxin
K01790	17_1	1	2	0.5									LPS / endotoxin
K01790	181_1	1	1	1									LPS / endotoxin
K01790	183_1	10	11	0.909090909090909	-1.00954114009101	0.0444760431520508	Bacillota	Bacilli	Erysipelotrichales	Erysipelotrichaceae	Bulleidia	Bulleidia sp900539965	LPS / endotoxin
K01790	186_1	1	1	1									LPS / endotoxin
K01790	191_1	2	2	1									LPS / endotoxin
K01790	194_1	2	2	1									LPS / endotoxin
K01790	194_2	1	1	1									LPS / endotoxin
K01790	194_3	1	1	1									LPS / endotoxin
K01790	194_4	1	1	1									LPS / endotoxin
K01790	194_6	1	1	1									LPS / endotoxin
K01790	195_1	1	1	1									LPS / endotoxin
K01790	196_1	1	1	1									LPS / endotoxin
K01790	197_1	1	1	1									LPS / endotoxin
K01790	19_1	1	1	1									LPS / endotoxin
K01790	207_1	1	1	1									LPS / endotoxin
K01790	208_1	1	1	1									LPS / endotoxin
K01790	218_1	3	3	1									LPS / endotoxin
K01790	21_1	2	2	1									LPS / endotoxin
K01790	220_1	1	1	1									LPS / endotoxin
K01790	233_4	1	1	1									LPS / endotoxin
K01790	237_1	1	1	1									LPS / endotoxin
K01790	242_1	8	12	0.666666666666667	-1.80635054857245	0.0940957035536014	Bacillota	Clostridia	Oscillospirales	Acutalibacteraceae	UMGS856	UMGS856 sp900546265	LPS / endotoxin
K01790	244_1	2	2	1									LPS / endotoxin
K01790	251_1	4	4	1									LPS / endotoxin
K01790	255_1	50	52	0.961538461538461	0.283093937398622	0.690814022366494	Bacillota	Clostridia	Oscillospirales	Ruminococcaceae	Ruthenibacterium	Ruthenibacterium lactatiformans	LPS / endotoxin
K01790	256_1	2	2	1									LPS / endotoxin
K01790	257_1	10	10	1	-0.368713755858097	0.442827130495218	Bacillota	Clostridia	Oscillospirales	Ruminococcaceae	Ruthenibacterium	Ruthenibacterium merdipullorum	LPS / endotoxin
K01790	261_1	1	2	0.5									LPS / endotoxin
K01790	262_1	11	14	0.785714285714286	-0.795661344060123	0.378001205993654	Bacillota	Clostridia	Oscillospirales	Acutalibacteraceae	Clostridium_A	Clostridium_A leptum	LPS / endotoxin
K01790	263_1	2	4	0.5									LPS / endotoxin
K01790	264_1	1	1	1									LPS / endotoxin
K01790	265_1	1	1	1									LPS / endotoxin
K01790	26_1	5	5	1									LPS / endotoxin
K01790	273_1	3	3	1									LPS / endotoxin
K01790	27_1	91	106	0.858490566037736	0.813502492465311	0.0163572745565952	Pseudomonadota	Gammaproteobacteria	Burkholderiales	Burkholderiaceae	Sutterella	Sutterella wadsworthensis	LPS / endotoxin
K01790	282_1	3	3	1									LPS / endotoxin
K01790	289_1	1	4	0.25									LPS / endotoxin
K01790	28_1	17	21	0.80952380952381	-0.0361969092085721	0.97895269557244	Pseudomonadota	Gammaproteobacteria	Burkholderiales	Burkholderiaceae	Sutterella	Sutterella faecalis	LPS / endotoxin
K01790	28_2	7	8	0.875									LPS / endotoxin
K01790	290_1	1	1	1									LPS / endotoxin
K01790	294_1	9	9	1									LPS / endotoxin
K01790	294_2	1	1	1									LPS / endotoxin
K01790	295_1	5	5	1									LPS / endotoxin
K01790	296_1	1	1	1									LPS / endotoxin
K01790	297_1	1	1	1									LPS / endotoxin
K01790	298_1	1	1	1									LPS / endotoxin
K01790	29_1	69	70	0.985714285714286	0.159382912070147	0.86402450234671	Pseudomonadota	Gammaproteobacteria	Burkholderiales	Burkholderiaceae	Sutterella	Sutterella wadsworthensis_A	LPS / endotoxin
K01790	301_1	2	3	0.666666666666667									LPS / endotoxin
K01790	302_1	3	8	0.375									LPS / endotoxin
K01790	302_2	1	1	1									LPS / endotoxin
K01790	304_1	10	29	0.344827586206897	-1.05694439057469	0.15003989299863	Bacillota	Clostridia	Christensenellales	Aristaeellaceae	Ventricola	Ventricola sp900542395	LPS / endotoxin
K01790	305_1	3	3	1									LPS / endotoxin
K01790	306_1	117	126	0.928571428571429	0.665519920437379	0.139287301659451	Desulfobacterota_I	Desulfovibrionia	Desulfovibrionales	Desulfovibrionaceae	Bilophila	Bilophila wadsworthia	LPS / endotoxin
K01790	306_2	2	2	1									LPS / endotoxin
K01790	30_1	1	1	1									LPS / endotoxin
K01790	310_1	1	3	0.333333333333333									LPS / endotoxin
K01790	313_1	1	1	1									LPS / endotoxin
K01790	314_1	42	47	0.893617021276596	-0.924306695451911	0.218493065803885	Bacillota	Clostridia	Christensenellales	Aristaeellaceae	UBA11524	UBA11524 sp000437595	LPS / endotoxin
K01790	319_1	4	4	1									LPS / endotoxin
K01790	31_1	1	1	1									LPS / endotoxin
K01790	320_1	1	1	1									LPS / endotoxin
K01790	324_1	12	23	0.521739130434783	-0.746328723295103	0.141321222601118	Bacillota	Clostridia	Christensenellales	Borkfalkiaceae	Scatosoma	Scatosoma sp900542935	LPS / endotoxin
K01790	32_1	1	1	1									LPS / endotoxin
K01790	331_1	1	1	1									LPS / endotoxin
K01790	336_1	4	4	1									LPS / endotoxin
K01790	33_1	9	9	1									LPS / endotoxin
K01790	342_1	4	5	0.8									LPS / endotoxin
K01790	346_1	1	1	1									LPS / endotoxin
K01790	349_2	2	3	0.666666666666667									LPS / endotoxin
K01790	34_1	2	3	0.666666666666667									LPS / endotoxin
K01790	353_1	1	1	1									LPS / endotoxin
K01790	35_1	1	1	1									LPS / endotoxin
K01790	360_1	1	1	1									LPS / endotoxin
K01790	362_1	20	20	1	0.217704201961076	0.793457052172703	Bacillota	Clostridia	TANB77	CAG-508	CAG-269	CAG-269 sp003525075	LPS / endotoxin
K01790	363_1	2	2	1									LPS / endotoxin
K01790	363_2	1	1	1									LPS / endotoxin
K01790	364_1	3	3	1									LPS / endotoxin
K01790	368_1	4	5	0.8									LPS / endotoxin
K01790	369_1	1	1	1									LPS / endotoxin
K01790	36_1	1	1	1									LPS / endotoxin
K01790	376_1	21	48	0.4375	-0.334904037712576	0.451279410075805	Bacillota	Clostridia	Peptostreptococcales	Peptostreptococcaceae	Intestinibacter	Intestinibacter bartlettii	LPS / endotoxin
K01790	378_1	72	98	0.73469387755102	-0.130375867064473	0.834948011033038	Bacillota	Clostridia	Peptostreptococcales	Peptostreptococcaceae	Romboutsia	Romboutsia timonensis	LPS / endotoxin
K01790	37_1	1	1	1									LPS / endotoxin
K01790	380_1	1	1	1									LPS / endotoxin
K01790	381_1	1	1	1									LPS / endotoxin
K01790	382_1	8	9	0.888888888888889									LPS / endotoxin
K01790	383_1	54	55	0.981818181818182	-0.394249911660716	0.53220454789838	Bacillota	Clostridia	Clostridiales	Clostridiaceae	Clostridium	Clostridium sp900540255	LPS / endotoxin
K01790	384_1	1	1	1									LPS / endotoxin
K01790	385_1	6	10	0.6	-0.332875366496291	0.538176494665755	Bacillota	Clostridia	Clostridiales	Clostridiaceae	Clostridium	Clostridium sp000435835	LPS / endotoxin
K01790	385_2	10	11	0.909090909090909	-1.41239423455234	0.00125952777556916	Bacillota	Clostridia	Clostridiales	Clostridiaceae	Clostridium	Clostridium lentum	LPS / endotoxin
K01790	386_1	1	1	1									LPS / endotoxin
K01790	387_1	2	2	1									LPS / endotoxin
K01790	388_1	1	1	1									LPS / endotoxin
K01790	389_1	2	3	0.666666666666667									LPS / endotoxin
K01790	38_1	1	1	1									LPS / endotoxin
K01790	391_1	1	1	1									LPS / endotoxin
K01790	392_1	1	1	1									LPS / endotoxin
K01790	393_1	1	1	1									LPS / endotoxin
K01790	394_1	1	1	1									LPS / endotoxin
K01790	395_1	6	7	0.857142857142857									LPS / endotoxin
K01790	396_1	1	1	1									LPS / endotoxin
K01790	39_1	11	12	0.916666666666667	-1.59593253056797	0.0503680321304428	Pseudomonadota	Gammaproteobacteria	Burkholderiales	Burkholderiaceae	Duodenibacillus	Duodenibacillus sp900544335	LPS / endotoxin
K01790	3_1	1	1	1									LPS / endotoxin
K01790	401_1	11	13	0.846153846153846	-0.0327752358157016	0.974832982541305	Bacillota	Clostridia	Lachnospirales	Lachnospiraceae	Clostridium_AP	Clostridium_AP sp000509125	LPS / endotoxin
K01790	401_2	2	2	1									LPS / endotoxin
K01790	40_1	32	42	0.761904761904762	0.203893836581251	0.833102298794183	Pseudomonadota	Gammaproteobacteria	Burkholderiales	Burkholderiaceae	Parasutterella	Parasutterella excrementihominis	LPS / endotoxin
K01790	40_2	20	33	0.606060606060606	-0.188519900743662	0.757559086992637	Pseudomonadota	Gammaproteobacteria	Burkholderiales	Burkholderiaceae	Parasutterella	Parasutterella gallistercoris	LPS / endotoxin
K01790	40_3	1	2	0.5									LPS / endotoxin
K01790	40_4	1	1	1									LPS / endotoxin
K01790	413_1	7	8	0.875									LPS / endotoxin
K01790	414_1	1	1	1									LPS / endotoxin
K01790	415_1	6	7	0.857142857142857									LPS / endotoxin
K01790	417_1	38	48	0.791666666666667	-0.703064557130396	0.164161139229001	Bacillota	Clostridia	Oscillospirales	Ruminococcaceae	Ruminococcus_C	Ruminococcus_C sp000980705	LPS / endotoxin
K01790	41_1	3	3	1									LPS / endotoxin
K01790	421_1	65	68	0.955882352941176	0.0257428747449579	0.984121165641251	Bacillota	Clostridia	Oscillospirales	Acutalibacteraceae	CAG-217	CAG-217 sp000436335	LPS / endotoxin
K01790	422_1	4	5	0.8									LPS / endotoxin
K01790	428_1	2	2	1									LPS / endotoxin
K01790	42_1	3	3	1									LPS / endotoxin
K01790	42_2	6	6	1									LPS / endotoxin
K01790	430_1	5	5	1									LPS / endotoxin
K01790	431_1	1	1	1									LPS / endotoxin
K01790	439_1	1	1	1									LPS / endotoxin
K01790	43_1	1	1	1									LPS / endotoxin
K01790	440_1	1	1	1									LPS / endotoxin
K01790	441_1	1	1	1									LPS / endotoxin
K01790	442_1	9	9	1									LPS / endotoxin
K01790	443_1	6	7	0.857142857142857									LPS / endotoxin
K01790	443_2	1	1	1									LPS / endotoxin
K01790	444_1	49	68	0.720588235294118	0.0267571541175575	0.977036408656166	Bacillota	Bacilli	Lactobacillales	Streptococcaceae	Streptococcus	Streptococcus salivarius	LPS / endotoxin
K01790	444_2	9	10	0.9	0.204101609936718	0.645351074882835	Bacillota	Bacilli	Lactobacillales	Streptococcaceae	Streptococcus	Streptococcus thermophilus	LPS / endotoxin
K01790	445_1	2	5	0.4									LPS / endotoxin
K01790	445_2	1	1	1									LPS / endotoxin
K01790	445_3	1	1	1									LPS / endotoxin
K01790	446_1	3	4	0.75									LPS / endotoxin
K01790	446_2	10	16	0.625	0.132508502777099	0.903548698977595	Bacillota	Bacilli	Lactobacillales	Streptococcaceae	Streptococcus	""	LPS / endotoxin
K01790	446_3	2	4	0.5									LPS / endotoxin
K01790	446_6	1	1	1									LPS / endotoxin
K01790	447_1	2	2	1									LPS / endotoxin
K01790	447_2	3	6	0.5									LPS / endotoxin
K01790	448_1	1	1	1									LPS / endotoxin
K01790	448_2	1	1	1									LPS / endotoxin
K01790	449_1	1	1	1									LPS / endotoxin
K01790	44_1	18	18	1	-0.456509804402735	0.844475629302577	Pseudomonadota	Gammaproteobacteria	Burkholderiales	Burkholderiaceae	Duodenibacillus	Duodenibacillus massiliensis	LPS / endotoxin
K01790	450_1	10	11	0.909090909090909	0.275667485344944	0.579276240707327	Bacillota	Bacilli	Lactobacillales	Streptococcaceae	Lactococcus	Lactococcus lactis	LPS / endotoxin
K01790	451_1	2	2	1									LPS / endotoxin
K01790	452_1	1	2	0.5									LPS / endotoxin
K01790	453_1	3	3	1									LPS / endotoxin
K01790	453_2	7	9	0.777777777777778									LPS / endotoxin
K01790	454_1	3	4	0.75									LPS / endotoxin
K01790	455_1	6	6	1									LPS / endotoxin
K01790	456_1	9	9	1									LPS / endotoxin
K01790	456_2	4	6	0.666666666666667									LPS / endotoxin
K01790	456_3	1	1	1									LPS / endotoxin
K01790	457_1	1	1	1									LPS / endotoxin
K01790	458_1	1	1	1									LPS / endotoxin
K01790	459_1	3	3	1									LPS / endotoxin
K01790	45_1	4	4	1									LPS / endotoxin
K01790	460_1	1	2	0.5									LPS / endotoxin
K01790	466_1	10	10	1	-3.06343954821758	0.0228985834013386	Bacillota	Clostridia	Oscillospirales	Acutalibacteraceae	CAG-177	CAG-177 sp000431775	LPS / endotoxin
K01790	468_1	21	21	1	0.0957629958797071	0.927175507808937	Bacillota	Clostridia	Oscillospirales	Acutalibacteraceae	CAG-177	CAG-177 sp003538135	LPS / endotoxin
K01790	468_2	46	47	0.978723404255319	-0.12260223506872	0.917709957555471	Bacillota	Clostridia	Oscillospirales	Acutalibacteraceae	CAG-177	CAG-177 sp003514385	LPS / endotoxin
K01790	472_1	3	4	0.75									LPS / endotoxin
K01790	473_1	5	5	1									LPS / endotoxin
K01790	473_2	12	14	0.857142857142857	-0.912928454314327	0.190198928456519	Bacillota	Clostridia	Oscillospirales	Acutalibacteraceae	CAG-488	CAG-488 sp000434055	LPS / endotoxin
K01790	473_3	1	1	1									LPS / endotoxin
K01790	484_1	4	8	0.5									LPS / endotoxin
K01790	486_11	1	1	1									LPS / endotoxin
K01790	486_13	1	1	1									LPS / endotoxin
K01790	487_1	6	6	1									LPS / endotoxin
K01790	488_1	5	6	0.833333333333333									LPS / endotoxin
K01790	48_1	1	1	1									LPS / endotoxin
K01790	490_1	34	46	0.739130434782609	-0.304664411167838	0.668523329329729	Bacillota	Clostridia	Lachnospirales	Lachnospiraceae	Claveliimonas	Claveliimonas ammoniilytica	LPS / endotoxin
K01790	491_1	2	2	1									LPS / endotoxin
K01790	492_1	4	4	1									LPS / endotoxin
K01790	492_2	7	7	1									LPS / endotoxin
K01790	494_1	27	28	0.964285714285714	0.12360604124457	0.857598970815532	Bacillota	Clostridia	Lachnospirales	CAG-274	CAG-274	CAG-274 sp900545305	LPS / endotoxin
K01790	494_2	49	50	0.98	0.167720074272404	0.849404650914935	Bacillota	Clostridia	Lachnospirales	CAG-274	CAG-274	CAG-274 sp000432155	LPS / endotoxin
K01790	495_1	1	1	1									LPS / endotoxin
K01790	496_1	1	1	1									LPS / endotoxin
K01790	497_1	1	1	1									LPS / endotoxin
K01790	498_2	1	1	1									LPS / endotoxin
K01790	4_1	20	20	1	-0.84380619277371	0.148414564832512	Methanobacteriota	Methanobacteria	Methanobacteriales	Methanobacteriaceae	Methanocatella	Methanocatella smithii	LPS / endotoxin
K01790	50_1	2	2	1									LPS / endotoxin
K01790	510_1	14	48	0.291666666666667	-0.0908642551778141	0.927175507808937	Bacillota	Negativicutes	Selenomonadales	Selenomonadaceae	Mitsuokella	Mitsuokella jalaludinii	LPS / endotoxin
K01790	510_2	5	5	1									LPS / endotoxin
K01790	511_1	1	1	1									LPS / endotoxin
K01790	513_1	5	7	0.714285714285714									LPS / endotoxin
K01790	514_1	21	27	0.777777777777778	-0.530933832402954	0.137042122806942	Bacillota	Clostridia	Lachnospirales	Lachnospiraceae	Choladousia	Choladousia sp902363135	LPS / endotoxin
K01790	515_1	8	8	1									LPS / endotoxin
K01790	515_2	2	2	1									LPS / endotoxin
K01790	516_1	17	21	0.80952380952381	0.426857283924984	0.287585184077375	Bacillota	Clostridia	Lachnospirales	Lachnospiraceae	Hominiventricola	Hominiventricola aquisgranensis	LPS / endotoxin
K01790	517_1	2	3	0.666666666666667									LPS / endotoxin
K01790	517_2	1	1	1									LPS / endotoxin
K01790	51_1	8	8	1									LPS / endotoxin
K01790	522_1	3	4	0.75									LPS / endotoxin
K01790	524_1	35	128	0.2734375	0.978725947890569	0.0238024965733005	Bacillota	Clostridia	Oscillospirales	Acutalibacteraceae	Ruminococcoides	Ruminococcoides intestinale	LPS / endotoxin
K01790	524_2	1	3	0.333333333333333									LPS / endotoxin
K01790	525_1	4	4	1									LPS / endotoxin
K01790	527_1	1	3	0.333333333333333									LPS / endotoxin
K01790	538_1	1	3	0.333333333333333									LPS / endotoxin
K01790	539_1	4	11	0.363636363636364	0.131522587006985	0.869091839001416	Bacillota	Negativicutes	Veillonellales	Megasphaeraceae	Caecibacter	Caecibacter massiliensis	LPS / endotoxin
K01790	53_1	1	1	1									LPS / endotoxin
K01790	540_1	1	1	1									LPS / endotoxin
K01790	541_1	7	7	1									LPS / endotoxin
K01790	541_2	29	30	0.966666666666667	-0.136009261813823	0.857598970815532	Bacillota	Negativicutes	Veillonellales	Megasphaeraceae	Megasphaera	Megasphaera elsdenii	LPS / endotoxin
K01790	542_1	6	6	1									LPS / endotoxin
K01790	542_2	1	1	1									LPS / endotoxin
K01790	543_1	1	1	1									LPS / endotoxin
K01790	547_1	10	24	0.416666666666667	-0.600102042337062	0.210717481829925	Bacillota	Negativicutes	Veillonellales	Dialisteraceae	Dialister	Dialister sp000434475	LPS / endotoxin
K01790	548_1	1	2	0.5									LPS / endotoxin
K01790	54_1	3	3	1									LPS / endotoxin
K01790	550_1	73	74	0.986486486486486	0.216086250543238	0.716644473768369	Bacillota	Clostridia	Lachnospirales	Lachnospiraceae	Acetatifactor	Acetatifactor acetigignens	LPS / endotoxin
K01790	550_2	57	57	1	-0.0992025188400592	0.906956554086696	Bacillota	Clostridia	Lachnospirales	Lachnospiraceae	Acetatifactor	Acetatifactor intestinalis	LPS / endotoxin
K01790	550_3	3	3	1									LPS / endotoxin
K01790	550_4	1	1	1									LPS / endotoxin
K01790	557_1	9	9	1									LPS / endotoxin
K01790	558_1	20	21	0.952380952380952	-1.12439768790525	0.0554577892873342	Bacillota	Clostridia	Lachnospirales	Lachnospiraceae	Jutongia	Jutongia huaianensis	LPS / endotoxin
K01790	559_1	2	3	0.666666666666667									LPS / endotoxin
K01790	560_1	22	22	1	-0.930715022216706	0.0359058786151043	Bacillota	Clostridia	Lachnospirales	Lachnospiraceae	Butyribacter	Butyribacter hominis	LPS / endotoxin
K01790	561_1	5	5	1									LPS / endotoxin
K01790	562_1	27	35	0.771428571428571	-0.674329998413561	0.148160139561155	Bacillota	Clostridia	Lachnospirales	Lachnospiraceae	Eubacterium_U	""	LPS / endotoxin
K01790	564_1	4	4	1									LPS / endotoxin
K01790	567_1	54	58	0.931034482758621	-0.534569736269385	0.381094120851295	Bacillota	Clostridia	Lachnospirales	Lachnospiraceae	Butyribacter	Butyribacter sp003529475	LPS / endotoxin
K01790	569_1	2	2	1									LPS / endotoxin
K01790	570_1	42	43	0.976744186046512	-0.149620810363001	0.887029875860752	Bacillota	Clostridia	Lachnospirales	Lachnospiraceae	Eubacterium_F	Eubacterium_F sp003491505	LPS / endotoxin
K01790	572_1	3	3	1									LPS / endotoxin
K01790	573_1	2	2	1									LPS / endotoxin
K01790	574_2	13	14	0.928571428571429	-1.01839660522183	0.009235483070221	Bacillota	Clostridia	Lachnospirales	Lachnospiraceae	Coprococcus	Coprococcus sp000154245	LPS / endotoxin
K01790	575_2	5	7	0.714285714285714									LPS / endotoxin
K01790	575_3	2	2	1									LPS / endotoxin
K01790	576_1	7	7	1									LPS / endotoxin
K01790	578_1	56	66	0.848484848484848	-0.235472875228636	0.810234067666634	Bacillota	Clostridia	Lachnospirales	Lachnospiraceae	Wujia	Wujia hominis	LPS / endotoxin
K01790	578_2	1	1	1									LPS / endotoxin
K01790	579_1	19	19	1	-0.148661861272639	0.867043648029672	Bacillota	Clostridia	Lachnospirales	Lachnospiraceae	Butyribacter	Butyribacter sp000436755	LPS / endotoxin
K01790	57_1	1	1	1									LPS / endotoxin
K01790	580_1	22	23	0.956521739130435	-0.325521708151126	0.621007671806081	Bacillota	Clostridia	Lachnospirales	Lachnospiraceae	Butyribacter	Butyribacter intestini	LPS / endotoxin
K01790	581_1	2	2	1									LPS / endotoxin
K01790	582_1	150	153	0.980392156862745	0.668035923554365	0.0623596104399875	Bacillota	Clostridia	Lachnospirales	Lachnospiraceae	Anthropogastromicrobium	Anthropogastromicrobium aceti	LPS / endotoxin
K01790	582_2	1	1	1									LPS / endotoxin
K01790	583_1	36	40	0.9	-0.877487206020384	0.0259869101892949	Bacillota	Clostridia	Lachnospirales	Lachnospiraceae	Gallintestinimicrobium	Gallintestinimicrobium propionicum	LPS / endotoxin
K01790	58_1	1	1	1									LPS / endotoxin
K01790	591_1	3	3	1									LPS / endotoxin
K01790	592_1	1	1	1									LPS / endotoxin
K01790	593_1	2	3	0.666666666666667									LPS / endotoxin
K01790	594_1	43	51	0.843137254901961	-0.66003620980095	0.158903203223663	Bacillota	Clostridia	Lachnospirales	Lachnospiraceae	Pararoseburia	Pararoseburia lenta	LPS / endotoxin
K01790	595_1	36	40	0.9	-0.462788412645942	0.445358515766853	Bacillota	Clostridia	Lachnospirales	Lachnospiraceae	Limivivens	Limivivens faecihominis	LPS / endotoxin
K01790	596_1	7	8	0.875									LPS / endotoxin
K01790	597_1	1	2	0.5									LPS / endotoxin
K01790	599_1	62	83	0.746987951807229	-0.203608742919372	0.757559086992637	Bacillota	Clostridia	Lachnospirales	Lachnospiraceae	Hominisplanchenecus	Hominisplanchenecus faecis	LPS / endotoxin
K01790	5_1	12	13	0.923076923076923	-0.816262599233828	0.166422765610922	Methanobacteriota	Methanobacteria	Methanobacteriales	Methanobacteriaceae	Methanosphaera	Methanosphaera stadtmanae	LPS / endotoxin
K01790	600_1	10	10	1	-1.43544139490868	0.00981902367853479	Bacillota	Clostridia	Lachnospirales	Lachnospiraceae	Bacteroides_F	Bacteroides_F pectinophilus	LPS / endotoxin
K01790	601_1	116	122	0.950819672131147	0.534414487969866	0.127679421011774	Bacillota	Clostridia	Lachnospirales	Lachnospiraceae	Lachnospira	Lachnospira eligens_A	LPS / endotoxin
K01790	601_2	4	4	1									LPS / endotoxin
K01790	601_3	1	1	1									LPS / endotoxin
K01790	601_4	4	4	1									LPS / endotoxin
K01790	602_1	101	104	0.971153846153846	-0.136158980565996	0.826104310757962	Bacillota	Clostridia	Lachnospirales	Lachnospiraceae	Lachnospira	Lachnospira rogosae	LPS / endotoxin
K01790	603_1	27	28	0.964285714285714	-0.726103150210651	0.0867577302918209	Bacillota	Clostridia	Lachnospirales	Lachnospiraceae	Lachnospira	Lachnospira sp000436535	LPS / endotoxin
K01790	604_1	34	39	0.871794871794872	-0.101728615927904	0.917423232123717	Bacillota	Clostridia	Lachnospirales	Lachnospiraceae	Lachnospira	Lachnospira sp000436475	LPS / endotoxin
K01790	605_1	82	82	1	-0.14357911844854	0.850454342189356	Bacillota	Clostridia	Lachnospirales	Lachnospiraceae	Lachnospira	Lachnospira sp000437735	LPS / endotoxin
K01790	606_1	74	77	0.961038961038961	0.00448851831298221	0.998990799564075	Bacillota	Clostridia	Lachnospirales	Lachnospiraceae	Lachnospira	Lachnospira hominis	LPS / endotoxin
K01790	607_1	24	26	0.923076923076923	-0.171930815266113	0.855856822026673	Bacillota	Clostridia	Lachnospirales	Lachnospiraceae	Lachnospira	Lachnospira sp900545725	LPS / endotoxin
K01790	608_1	5	6	0.833333333333333									LPS / endotoxin
K01790	609_1	5	6	0.833333333333333									LPS / endotoxin
K01790	60_1	3	3	1									LPS / endotoxin
K01790	60_13	1	1	1									LPS / endotoxin
K01790	60_15	1	1	1									LPS / endotoxin
K01790	60_16	1	1	1									LPS / endotoxin
K01790	60_18	1	1	1									LPS / endotoxin
K01790	60_2	12	19	0.631578947368421	-0.704720195035236	0.222688071753967	Pseudomonadota	Gammaproteobacteria	Enterobacterales	Pasteurellaceae	Haemophilus_D	Haemophilus_D sp905205995	LPS / endotoxin
K01790	60_3	3	3	1									LPS / endotoxin
K01790	60_4	2	2	1									LPS / endotoxin
K01790	60_5	2	3	0.666666666666667									LPS / endotoxin
K01790	60_6	4	5	0.8									LPS / endotoxin
K01790	60_7	1	1	1									LPS / endotoxin
K01790	60_8	1	2	0.5									LPS / endotoxin
K01790	60_9	1	1	1									LPS / endotoxin
K01790	610_1	15	18	0.833333333333333	0.518970711661107	0.170734728992609	Bacillota	Clostridia	Lachnospirales	Lachnospiraceae	Faecalimonas	Faecalimonas umbilicata	LPS / endotoxin
K01790	613_1	7	10	0.7	-0.616994015464299	0.278627870170504	Bacillota	Clostridia	Lachnospirales	Lachnospiraceae	Schaedlerella	""	LPS / endotoxin
K01790	616_1	25	30	0.833333333333333	-0.373281087895959	0.632623001860102	Bacillota	Clostridia	Lachnospirales	Lachnospiraceae	Bariatricus	Bariatricus comes	LPS / endotoxin
K01790	617_1	1	4	0.25									LPS / endotoxin
K01790	618_1	39	47	0.829787234042553	-0.0335793821109907	0.97869908170741	Bacillota	Clostridia	Lachnospirales	Lachnospiraceae	Dorea_A	Dorea_A sp019421265	LPS / endotoxin
K01790	618_2	34	48	0.708333333333333	-0.439606813084421	0.599296942781166	Bacillota	Clostridia	Lachnospirales	Lachnospiraceae	Dorea_A	Dorea_A longicatena	LPS / endotoxin
K01790	619_1	33	55	0.6	-0.634037777400313	0.163423091828184	Bacillota	Clostridia	Lachnospirales	Lachnospiraceae	Dorea	Dorea formicigenerans	LPS / endotoxin
K01790	622_1	2	2	1									LPS / endotoxin
K01790	623_1	19	19	1	0.782161100459263	0.239302467497399	Bacillota	Clostridia	Lachnospirales	Lachnospiraceae	Schaedlerella	Schaedlerella glycyrrhizinilytica_A	LPS / endotoxin
K01790	624_1	4	6	0.666666666666667									LPS / endotoxin
K01790	628_1	1	1	1									LPS / endotoxin
K01790	629_1	24	32	0.75	0.173994413621363	0.781911157646849	Bacillota	Clostridia	Lachnospirales	Lachnospiraceae	Sellimonas	Sellimonas intestinalis	LPS / endotoxin
K01790	62_1	1	2	0.5									LPS / endotoxin
K01790	630_1	3	3	1									LPS / endotoxin
K01790	633_1	64	75	0.853333333333333	-0.108000833496613	0.874535489671309	Bacillota	Clostridia	Lachnospirales	Lachnospiraceae	Ruminococcus_B	Ruminococcus_B gnavus	LPS / endotoxin
K01790	634_1	1	1	1									LPS / endotoxin
K01790	637_1	2	3	0.666666666666667									LPS / endotoxin
K01790	637_2	7	9	0.777777777777778									LPS / endotoxin
K01790	638_1	1	1	1									LPS / endotoxin
K01790	641_1	1	1	1									LPS / endotoxin
K01790	644_1	2	2	1									LPS / endotoxin
K01790	648_1	1	1	1									LPS / endotoxin
K01790	649_1	1	1	1									LPS / endotoxin
K01790	650_1	1	1	1									LPS / endotoxin
K01790	654_1	1	2	0.5									LPS / endotoxin
K01790	657_1	1	2	0.5									LPS / endotoxin
K01790	661_1	1	1	1									LPS / endotoxin
K01790	662_1	1	1	1									LPS / endotoxin
K01790	669_1	9	11	0.818181818181818	-0.816420843338708	0.120516227904004	Bacillota	Clostridia	Lachnospirales	Lachnospiraceae	Limivivens	Limivivens sp905214955	LPS / endotoxin
K01790	66_1	1	1	1									LPS / endotoxin
K01790	66_2	6	8	0.75									LPS / endotoxin
K01790	670_1	1	1	1									LPS / endotoxin
K01790	671_1	164	172	0.953488372093023	0.549854492991251	0.262433818899557	Bacillota	Clostridia	Lachnospirales	Lachnospiraceae	Anaerostipes	Anaerostipes hadrus	LPS / endotoxin
K01790	671_2	8	12	0.666666666666667	-0.0230868003992087	0.984636756118392	Bacillota	Clostridia	Lachnospirales	Lachnospiraceae	Anaerostipes	Anaerostipes amylophilus	LPS / endotoxin
K01790	671_3	1	3	0.333333333333333									LPS / endotoxin
K01790	672_1	115	136	0.845588235294118	0.370003371179614	0.495263230965692	Bacillota	Clostridia	Lachnospirales	Lachnospiraceae	Anaerobutyricum	Anaerobutyricum hallii	LPS / endotoxin
K01790	673_1	40	51	0.784313725490196	0.212699248990672	0.789180285008668	Bacillota	Clostridia	Lachnospirales	Lachnospiraceae	Anaerobutyricum	Anaerobutyricum soehngenii	LPS / endotoxin
K01790	674_1	1	1	1									LPS / endotoxin
K01790	675_1	185	186	0.994623655913978	0.905179036869504	0.141624400887205	Bacillota	Clostridia	Lachnospirales	Lachnospiraceae	Fusicatenibacter	Fusicatenibacter saccharivorans	LPS / endotoxin
K01790	676_1	4	4	1									LPS / endotoxin
K01790	677_1	2	2	1									LPS / endotoxin
K01790	678_1	36	36	1	1.01113164271323	0.0961411899936891	Bacillota	Clostridia	Lachnospirales	Lachnospiraceae	Blautia_A	Blautia_A caecimuris	LPS / endotoxin
K01790	679_1	2	2	1									LPS / endotoxin
K01790	680_1	25	28	0.892857142857143	-0.31822628288637	0.699329897153679	Bacillota	Clostridia	Lachnospirales	Lachnospiraceae	Blautia_A	Blautia_A intestinihominis	LPS / endotoxin
K01790	680_2	2	2	1									LPS / endotoxin
K01790	680_3	1	1	1									LPS / endotoxin
K01790	681_1	27	27	1	-0.268815823492539	0.788367045111025	Bacillota	Clostridia	Lachnospirales	Lachnospiraceae	Blautia_A	Blautia_A obeum	LPS / endotoxin
K01790	682_1	8	8	1									LPS / endotoxin
K01790	682_2	1	1	1									LPS / endotoxin
K01790	683_1	9	9	1									LPS / endotoxin
K01790	683_2	2	2	1									LPS / endotoxin
K01790	684_1	6	6	1									LPS / endotoxin
K01790	684_2	104	105	0.990476190476191	0.40025648902236	0.501567075761143	Bacillota	Clostridia	Lachnospirales	Lachnospiraceae	Blautia_A	Blautia_A fusiformis	LPS / endotoxin
K01790	684_3	3	4	0.75									LPS / endotoxin
K01790	684_4	1	1	1									LPS / endotoxin
K01790	684_5	3	3	1									LPS / endotoxin
K01790	684_6	1	1	1									LPS / endotoxin
K01790	685_1	2	2	1									LPS / endotoxin
K01790	685_2	1	1	1									LPS / endotoxin
K01790	686_1	12	12	1	0.104587309187506	0.915655769990715	Bacillota	Clostridia	Lachnospirales	Lachnospiraceae	Blautia_A	Blautia_A difficilis	LPS / endotoxin
K01790	687_1	10	10	1	-0.739216562131549	0.140676023121156	Bacillota	Clostridia	Lachnospirales	Lachnospiraceae	Blautia_A	Blautia_A sp003471165	LPS / endotoxin
K01790	687_2	1	1	1									LPS / endotoxin
K01790	687_3	1	1	1									LPS / endotoxin
K01790	688_1	2	2	1									LPS / endotoxin
K01790	689_1	150	152	0.986842105263158	0.345740421168533	0.613432355895215	Bacillota	Clostridia	Lachnospirales	Lachnospiraceae	Blautia_A	Blautia_A wexlerae	LPS / endotoxin
K01790	689_2	1	2	0.5									LPS / endotoxin
K01790	689_3	1	1	1									LPS / endotoxin
K01790	689_4	1	1	1									LPS / endotoxin
K01790	68_1	1	1	1									LPS / endotoxin
K01790	690_1	15	17	0.882352941176471	-0.18629011572555	0.716644473768369	Bacillota	Clostridia	Lachnospirales	Lachnospiraceae	Blautia_A	Blautia_A acetigignens	LPS / endotoxin
K01790	690_2	1	1	1									LPS / endotoxin
K01790	691_1	97	102	0.950980392156863	0.255816203361653	0.589314244068348	Bacillota	Clostridia	Lachnospirales	Lachnospiraceae	Blautia_A	Blautia_A faecis	LPS / endotoxin
K01790	691_2	3	3	1									LPS / endotoxin
K01790	692_1	1	1	1									LPS / endotoxin
K01790	693_1	44	44	1	0.13111921488241	0.897099977041137	Bacillota	Clostridia	Lachnospirales	Lachnospiraceae	Blautia	""	LPS / endotoxin
K01790	693_2	34	34	1	-0.862191818977854	0.0959908867751955	Bacillota	Clostridia	Lachnospirales	Lachnospiraceae	Blautia	Blautia stercoris	LPS / endotoxin
K01790	694_1	3	3	1									LPS / endotoxin
K01790	695_1	1	1	1									LPS / endotoxin
K01790	6_1	1	2	0.5									LPS / endotoxin
K01790	700_1	1	1	1									LPS / endotoxin
K01790	701_1	11	12	0.916666666666667	-0.213140673170657	0.770318580797188	Bacillota	Clostridia	Lachnospirales	Lachnospiraceae	CAG-882	CAG-882 sp003486385	LPS / endotoxin
K01790	702_1	8	8	1									LPS / endotoxin
K01790	703_1	3	3	1									LPS / endotoxin
K01790	704_1	65	65	1	-0.386927042494291	0.428464365247671	Bacillota	Clostridia	Lachnospirales	Lachnospiraceae	Oliverpabstia	Oliverpabstia tarda	LPS / endotoxin
K01790	704_2	26	26	1	-0.420615476281388	0.53121493408492	Bacillota	Clostridia	Lachnospirales	Lachnospiraceae	Oliverpabstia	Oliverpabstia faecicola	LPS / endotoxin
K01790	705_1	18	25	0.72	-0.594206795190536	0.2575135271958	Bacillota	Clostridia	Lachnospirales	Lachnospiraceae	Roseburia_C	Roseburia_C amylophila	LPS / endotoxin
K01790	706_1	4	4	1									LPS / endotoxin
K01790	707_1	140	158	0.886075949367089	0.0523203455247144	0.943770492010822	Bacillota	Clostridia	Lachnospirales	Lachnospiraceae	Agathobacter	Agathobacter rectalis	LPS / endotoxin
K01790	709_1	1	2	0.5									LPS / endotoxin
K01790	710_1	96	150	0.64	0.85480296272283	0.0514282804776056	Bacillota	Clostridia	Lachnospirales	Lachnospiraceae	Agathobacter	Agathobacter faecis	LPS / endotoxin
K01790	711_1	5	5	1									LPS / endotoxin
K01790	712_1	38	40	0.95	-0.0267325133658708	0.984636756118392	Bacillota	Clostridia	Lachnospirales	Lachnospiraceae	Roseburia	Roseburia intestinalis	LPS / endotoxin
K01790	712_2	6	6	1									LPS / endotoxin
K01790	713_1	5	5	1									LPS / endotoxin
K01790	714_1	32	64	0.5	0.205455841668231	0.705786770019968	Bacillota	Clostridia	Lachnospirales	Lachnospiraceae	Roseburia	Roseburia inulinivorans	LPS / endotoxin
K01790	716_1	8	8	1									LPS / endotoxin
K01790	717_1	1	1	1									LPS / endotoxin
K01790	718_1	2	2	1									LPS / endotoxin
K01790	719_1	24	26	0.923076923076923	0.428721550646138	0.587331583512973	Bacillota	Clostridia	Lachnospirales	Lachnospiraceae	Blautia	Blautia sp900541955	LPS / endotoxin
K01790	720_1	6	6	1									LPS / endotoxin
K01790	721_1	18	19	0.947368421052632	-0.136832962652323	0.874535489671309	Bacillota	Clostridia	Lachnospirales	Lachnospiraceae	CAG-303	CAG-303 sp000437755	LPS / endotoxin
K01790	722_1	1	1	1									LPS / endotoxin
K01790	723_1	1	1	1									LPS / endotoxin
K01790	724_1	1	1	1									LPS / endotoxin
K01790	725_1	1	1	1									LPS / endotoxin
K01790	727_1	1	1	1									LPS / endotoxin
K01790	729_1	13	13	1	-1.4389605436868	0.00240146105029924	Bacillota	Clostridia	Lachnospirales	Lachnospiraceae	Butyrivibrio_A	Butyrivibrio_A crossota	LPS / endotoxin
K01790	72_1	5	6	0.833333333333333									LPS / endotoxin
K01790	730_1	7	7	1									LPS / endotoxin
K01790	731_1	10	11	0.909090909090909	-2.04871525105564	0.00496405451323191	Bacillota	Clostridia	Lachnospirales	Lachnospiraceae	CAG-194	CAG-194 sp000432915	LPS / endotoxin
K01790	732_1	2	2	1									LPS / endotoxin
K01790	733_1	12	13	0.923076923076923	-1.89879920477747	0.0442997574675555	Bacillota	Clostridia	Lachnospirales	Lachnospiraceae	Suilimivivens	Suilimivivens sp000438155	LPS / endotoxin
K01790	734_1	1	1	1									LPS / endotoxin
K01790	735_1	3	3	1									LPS / endotoxin
K01790	736_1	24	91	0.263736263736264	0.136674458664275	0.814141225401884	Bacillota	Clostridia	Lachnospirales	Lachnospiraceae	Coprococcus_A	Coprococcus_A intestinihominis	LPS / endotoxin
K01790	737_1	64	71	0.901408450704225	-0.493288302160901	0.304583391340693	Bacillota	Clostridia	Lachnospirales	Lachnospiraceae	Roseburia	Roseburia hominis	LPS / endotoxin
K01790	738_1	8	8	1									LPS / endotoxin
K01790	739_1	9	14	0.642857142857143	-0.699920988415974	0.0388195187070003	Bacillota	Clostridia	Lachnospirales	Lachnospiraceae	Suilimivivens	Suilimivivens aceti	LPS / endotoxin
K01790	740_1	49	50	0.98	-0.531652049514189	0.524694664837246	Bacillota	Clostridia	Lachnospirales	Lachnospiraceae	UBA3402	UBA3402 sp003478355	LPS / endotoxin
K01790	740_2	1	1	1									LPS / endotoxin
K01790	741_1	4	4	1									LPS / endotoxin
K01790	742_1	35	35	1	0.261407436398267	0.654951089379597	Bacillota	Clostridia	Lachnospirales	Lachnospiraceae	Otoolea	Otoolea sp000435655	LPS / endotoxin
K01790	743_1	1	1	1									LPS / endotoxin
K01790	743_2	1	1	1									LPS / endotoxin
K01790	744_1	16	17	0.941176470588235	0.409466631563058	0.498146507310334	Bacillota	Clostridia	Lachnospirales	Lachnospiraceae	Brotaphodocola	Brotaphodocola sp900538475	LPS / endotoxin
K01790	744_2	1	1	1									LPS / endotoxin
K01790	745_1	9	9	1									LPS / endotoxin
K01790	746_1	2	2	1									LPS / endotoxin
K01790	747_1	1	1	1									LPS / endotoxin
K01790	747_2	3	3	1									LPS / endotoxin
K01790	747_3	4	4	1									LPS / endotoxin
K01790	747_4	1	1	1									LPS / endotoxin
K01790	748_1	39	39	1	-0.789974310512618	0.132634441365631	Bacillota	Clostridia	Lachnospirales	Lachnospiraceae	Brotaphodocola	Brotaphodocola sp003480315	LPS / endotoxin
K01790	748_2	17	17	1	-0.257033069994511	0.621007671806081	Bacillota	Clostridia	Lachnospirales	Lachnospiraceae	Brotaphodocola	Brotaphodocola sp003478505	LPS / endotoxin
K01790	748_3	1	1	1									LPS / endotoxin
K01790	749_1	156	159	0.981132075471698	-0.138641879962926	0.870212501843107	Bacillota	Clostridia	Lachnospirales	Lachnospiraceae	Otoolea	Otoolea fessa	LPS / endotoxin
K01790	74_1	1	1	1									LPS / endotoxin
K01790	750_1	23	23	1	0.0750243767748776	0.935556466053977	Bacillota	Clostridia	Lachnospirales	Lachnospiraceae	Alitiscatomonas	Alitiscatomonas aceti	LPS / endotoxin
K01790	751_1	2	2	1									LPS / endotoxin
K01790	752_1	123	124	0.991935483870968	0.503170989056048	0.24030078660895	Bacillota	Clostridia	Lachnospirales	Lachnospiraceae	Pilosibacter	Pilosibacter fragilis	LPS / endotoxin
K01790	752_2	16	19	0.842105263157895	-0.694497039462135	0.269478383177635	Bacillota	Clostridia	Lachnospirales	Lachnospiraceae	Pilosibacter	Pilosibacter sp900066785	LPS / endotoxin
K01790	752_3	4	5	0.8									LPS / endotoxin
K01790	752_4	1	1	1									LPS / endotoxin
K01790	753_1	5	6	0.833333333333333									LPS / endotoxin
K01790	754_1	3	3	1									LPS / endotoxin
K01790	754_2	2	2	1									LPS / endotoxin
K01790	755_1	3	3	1									LPS / endotoxin
K01790	756_1	105	109	0.963302752293578	0.201675598319069	0.72237476333877	Bacillota	Clostridia	Lachnospirales	Lachnospiraceae	Enterocloster	Enterocloster sp000431375	LPS / endotoxin
K01790	756_2	24	27	0.888888888888889	-1.29505069239	0.0209923087006977	Bacillota	Clostridia	Lachnospirales	Lachnospiraceae	Enterocloster	Enterocloster sp900541315	LPS / endotoxin
K01790	756_3	1	1	1									LPS / endotoxin
K01790	756_4	1	1	1									LPS / endotoxin
K01790	757_1	2	2	1									LPS / endotoxin
K01790	758_1	60	60	1	0.793121393333542	0.0436629946280636	Bacillota	Clostridia	Lachnospirales	Lachnospiraceae	Enterocloster	Enterocloster sp001517625	LPS / endotoxin
K01790	759_1	6	6	1									LPS / endotoxin
K01790	75_1	3	4	0.75									LPS / endotoxin
K01790	760_1	22	22	1	0.0368994370031712	0.982138997559126	Bacillota	Clostridia	Lachnospirales	Lachnospiraceae	Enterocloster	Enterocloster bolteae	LPS / endotoxin
K01790	760_2	2	2	1									LPS / endotoxin
K01790	761_1	4	4	1									LPS / endotoxin
K01790	762_1	1	1	1									LPS / endotoxin
K01790	763_1	5	5	1									LPS / endotoxin
K01790	764_1	4	4	1									LPS / endotoxin
K01790	765_1	1	1	1									LPS / endotoxin
K01790	767_1	1	1	1									LPS / endotoxin
K01790	772_1	2	2	1									LPS / endotoxin
K01790	774_1	1	1	1									LPS / endotoxin
K01790	77_1	2	2	1									LPS / endotoxin
K01790	780_1	2	3	0.666666666666667									LPS / endotoxin
K01790	782_1	4	4	1									LPS / endotoxin
K01790	787_1	29	32	0.90625	-1.12997799962371	0.0207808270231268	Bacillota	Clostridia	Oscillospirales	Oscillospiraceae	Vescimonas	Vescimonas cirricatena	LPS / endotoxin
K01790	787_2	5	7	0.714285714285714									LPS / endotoxin
K01790	78_1	4	7	0.571428571428571									LPS / endotoxin
K01790	793_1	15	20	0.75	0.0182992085256098	0.988824579111552	Bacillota	Clostridia	Oscillospirales	Oscillospiraceae	Vescimonas	Vescimonas sp900552475	LPS / endotoxin
K01790	79_1	1	3	0.333333333333333									LPS / endotoxin
K01790	7_1	1	1	1									LPS / endotoxin
K01790	80_1	1	1	1									LPS / endotoxin
K01790	810_1	1	2	0.5									LPS / endotoxin
K01790	814_1	1	1	1									LPS / endotoxin
K01790	81_1	40	50	0.8	-0.799783575649938	0.140691791141007	Bacillota	Bacilli	Lactobacillales	Lactobacillaceae	Ligilactobacillus	Ligilactobacillus ruminis	LPS / endotoxin
K01790	82_1	4	5	0.8									LPS / endotoxin
K01790	835_1	1	3	0.333333333333333									LPS / endotoxin
K01790	840_1	1	1	1									LPS / endotoxin
K01790	842_1	13	14	0.928571428571429	-0.925657373513501	0.123424302358515	Bacillota	Clostridia	Oscillospirales	Oscillospiraceae	Faecousia	Faecousia sp900544945	LPS / endotoxin
K01790	843_2	6	8	0.75									LPS / endotoxin
K01790	846_1	1	1	1									LPS / endotoxin
K01790	865_1	5	5	1									LPS / endotoxin
K01790	86_1	1	1	1									LPS / endotoxin
K01790	871_1	5	6	0.833333333333333									LPS / endotoxin
K01790	871_2	9	9	1									LPS / endotoxin
K01790	871_3	39	42	0.928571428571429	-0.649418418403834	0.148007227288229	Bacillota	Clostridia	Oscillospirales	Oscillospiraceae	CAG-103	CAG-103 sp900543625	LPS / endotoxin
K01790	871_4	52	53	0.981132075471698	0.0392967111723353	0.959720341655165	Bacillota	Clostridia	Oscillospirales	Oscillospiraceae	CAG-103	CAG-103 sp000432375	LPS / endotoxin
K01790	871_5	1	1	1									LPS / endotoxin
K01790	872_1	2	2	1									LPS / endotoxin
K01790	877_1	3	4	0.75									LPS / endotoxin
K01790	878_1	1	1	1									LPS / endotoxin
K01790	878_2	1	1	1									LPS / endotoxin
K01790	879_1	113	130	0.869230769230769	0.427294764906586	0.437227229988097	Bacillota	Clostridia	Oscillospirales	Ruminococcaceae	Faecalibacterium	Faecalibacterium longum	LPS / endotoxin
K01790	879_2	4	4	1									LPS / endotoxin
K01790	879_3	1	2	0.5									LPS / endotoxin
K01790	87_1	2	5	0.4									LPS / endotoxin
K01790	880_1	39	60	0.65	-0.492274218581123	0.483468909616883	Bacillota	Clostridia	Oscillospirales	Ruminococcaceae	Faecalibacterium	Faecalibacterium prausnitzii_E	LPS / endotoxin
K01790	881_1	7	10	0.7	-1.56863516181883	0.00946480686413603	Bacillota	Clostridia	Oscillospirales	Ruminococcaceae	Faecalibacterium	Faecalibacterium hattorii	LPS / endotoxin
K01790	881_2	1	1	1									LPS / endotoxin
K01790	882_1	81	92	0.880434782608696	0.253167645672424	0.615729532216391	Bacillota	Clostridia	Oscillospirales	Ruminococcaceae	Faecalibacterium	Faecalibacterium prausnitzii	LPS / endotoxin
K01790	882_11	1	1	1									LPS / endotoxin
K01790	882_2	2	2	1									LPS / endotoxin
K01790	882_3	1	1	1									LPS / endotoxin
K01790	882_4	3	3	1									LPS / endotoxin
K01790	882_7	1	1	1									LPS / endotoxin
K01790	882_8	1	1	1									LPS / endotoxin
K01790	883_1	69	92	0.75	-0.00503794240808762	0.998990799564075	Bacillota	Clostridia	Oscillospirales	Ruminococcaceae	Faecalibacterium	Faecalibacterium taiwanense	LPS / endotoxin
K01790	883_2	1	1	1									LPS / endotoxin
K01790	883_3	2	4	0.5									LPS / endotoxin
K01790	883_4	1	1	1									LPS / endotoxin
K01790	883_5	1	1	1									LPS / endotoxin
K01790	884_1	55	72	0.763888888888889	0.0815000547282205	0.917709957555471	Bacillota	Clostridia	Oscillospirales	Ruminococcaceae	Faecalibacterium	Faecalibacterium sp900539945	LPS / endotoxin
K01790	884_2	2	2	1									LPS / endotoxin
K01790	884_3	1	1	1									LPS / endotoxin
K01790	884_4	1	1	1									LPS / endotoxin
K01790	885_1	1	2	0.5									LPS / endotoxin
K01790	885_2	1	1	1									LPS / endotoxin
K01790	885_3	1	2	0.5									LPS / endotoxin
K01790	886_1	19	26	0.730769230769231	-1.01226855596882	0.0178397243368271	Bacillota	Clostridia	Oscillospirales	Ruminococcaceae	Faecalibacterium	Faecalibacterium prausnitzii_I	LPS / endotoxin
K01790	887_1	64	80	0.8	0.215348386702986	0.682851505582824	Bacillota	Clostridia	Oscillospirales	Ruminococcaceae	Faecalibacterium	Faecalibacterium duncaniae	LPS / endotoxin
K01790	887_3	1	3	0.333333333333333									LPS / endotoxin
K01790	888_1	1	1	1									LPS / endotoxin
K01790	889_1	107	120	0.891666666666667	0.0538566884983013	0.943770492010822	Bacillota	Clostridia	Oscillospirales	Ruminococcaceae	Gemmiger	Gemmiger qucibialis	LPS / endotoxin
K01790	890_1	41	49	0.836734693877551	-0.25582819652178	0.635739753893684	Bacillota	Clostridia	Oscillospirales	Ruminococcaceae	Gemmiger	Gemmiger sp900539695	LPS / endotoxin
K01790	891_1	1	1	1									LPS / endotoxin
K01790	892_1	12	12	1	-1.27323347729359	0.00240933426296081	Bacillota	Clostridia	Oscillospirales	Ruminococcaceae	Gemmiger	Gemmiger sp900554145	LPS / endotoxin
K01790	892_2	1	1	1									LPS / endotoxin
K01790	893_1	131	140	0.935714285714286	0.19495488044412	0.778322092567065	Bacillota	Clostridia	Oscillospirales	Ruminococcaceae	Gemmiger	Gemmiger formicilis	LPS / endotoxin
K01790	894_1	5	5	1									LPS / endotoxin
K01790	895_1	20	21	0.952380952380952	-0.933504967344803	0.0831275357601202	Bacillota	Clostridia	Oscillospirales	Ruminococcaceae	Gemmiger	Gemmiger sp900540595	LPS / endotoxin
K01790	896_1	1	1	1									LPS / endotoxin
K01790	89_1	7	9	0.777777777777778									LPS / endotoxin
K01790	8_1	1	2	0.5									LPS / endotoxin
K01790	905_1	1	1	1									LPS / endotoxin
K01790	907_1	1	1	1									LPS / endotoxin
K01790	908_1	1	1	1									LPS / endotoxin
K01790	909_1	1	1	1									LPS / endotoxin
K01790	909_2	1	1	1									LPS / endotoxin
K01790	90_1	1	2	0.5									LPS / endotoxin
K01790	910_1	82	88	0.931818181818182	0.473047598612671	0.304583391340693	Pseudomonadota	Gammaproteobacteria	Enterobacterales	Enterobacteriaceae	Escherichia	Escherichia coli	LPS / endotoxin
K01790	910_2	1	1	1									LPS / endotoxin
K01790	911_1	1	1	1									LPS / endotoxin
K01790	912_1	3	3	1									LPS / endotoxin
K01790	913_1	4	4	1									LPS / endotoxin
K01790	913_2	1	1	1									LPS / endotoxin
K01790	913_3	1	1	1									LPS / endotoxin
K01790	914_1	5	5	1									LPS / endotoxin
K01790	915_1	3	3	1									LPS / endotoxin
K01790	915_2	4	4	1									LPS / endotoxin
K01790	915_3	36	36	1	0.134378032138443	0.917709957555471	Pseudomonadota	Gammaproteobacteria	Enterobacterales	Enterobacteriaceae	Klebsiella	Klebsiella pneumoniae	LPS / endotoxin
K01790	916_1	1	1	1									LPS / endotoxin
K01790	91_1	1	1	1									LPS / endotoxin
K01790	922_1	1	1	1									LPS / endotoxin
K01790	92_1	10	11	0.909090909090909	0.427671325621426	0.501567075761143	Bacillota	Bacilli	Lactobacillales	Lactobacillaceae	Weissella	Weissella koreensis	LPS / endotoxin
K01790	932_1	1	2	0.5									LPS / endotoxin
K01790	933_1	6	6	1									LPS / endotoxin
K01790	934_1	10	11	0.909090909090909	-0.41931158710435	0.699473689670921	Verrucomicrobiota	Lentisphaeria	Victivallales	Victivallaceae	Victivallis	Victivallis lenta	LPS / endotoxin
K01790	935_1	1	1	1									LPS / endotoxin
K01790	936_1	1	2	0.5									LPS / endotoxin
K01790	937_1	8	13	0.615384615384615	-0.241923571364727	0.688715015596133	Verrucomicrobiota	Lentisphaeria	Victivallales	UBA1829	UBA11452	UBA11452 sp003526375	LPS / endotoxin
K01790	938_1	1	1	1									LPS / endotoxin
K01790	939_1	11	13	0.846153846153846	-0.582476799143684	0.274924252877668	Pseudomonadota	Gammaproteobacteria	Burkholderiales	Burkholderiaceae	Mesosutterella	Mesosutterella multiformis	LPS / endotoxin
K01790	939_2	1	1	1									LPS / endotoxin
K01790	93_1	4	8	0.5									LPS / endotoxin
K01790	940_1	1	1	1									LPS / endotoxin
K01790	941_1	1	1	1									LPS / endotoxin
K01790	942_1	4	6	0.666666666666667									LPS / endotoxin
K01790	943_1	1	1	1									LPS / endotoxin
K01790	945_1	3	4	0.75									LPS / endotoxin
K01790	946_1	4	4	1									LPS / endotoxin
K01790	947_1	1	1	1									LPS / endotoxin
K01790	948_1	11	11	1	-0.0979922819887544	0.92352297586185	Pseudomonadota	Alphaproteobacteria	RF32	CAG-239	Scatocola	Scatocola faecipullorum	LPS / endotoxin
K01790	949_1	2	2	1									LPS / endotoxin
K01790	950_1	4	4	1									LPS / endotoxin
K01790	951_1	1	1	1									LPS / endotoxin
K01790	952_1	1	1	1									LPS / endotoxin
K01790	954_1	2	4	0.5									LPS / endotoxin
K01790	955_1	7	7	1									LPS / endotoxin
K01790	956_1	5	5	1									LPS / endotoxin
K01790	957_1	1	3	0.333333333333333									LPS / endotoxin
K01790	958_1	8	9	0.888888888888889									LPS / endotoxin
K01790	959_1	1	1	1									LPS / endotoxin
K01790	960_1	2	2	1									LPS / endotoxin
K01790	961_1	1	1	1									LPS / endotoxin
K01790	962_1	1	1	1									LPS / endotoxin
K01790	963_1	5	6	0.833333333333333									LPS / endotoxin
K01790	964_1	12	12	1	-0.533625056759914	0.2575135271958	Bacteroidota	Bacteroidia	Bacteroidales	Muribaculaceae	Sodaliphilus	Sodaliphilus pleomorphus	LPS / endotoxin
K01790	965_1	3	4	0.75									LPS / endotoxin
K01790	966_1	1	1	1									LPS / endotoxin
K01790	967_1	1	1	1									LPS / endotoxin
K01790	968_1	4	4	1									LPS / endotoxin
K01790	969_1	6	6	1									LPS / endotoxin
K01790	970_1	1	1	1									LPS / endotoxin
K01790	971_1	3	3	1									LPS / endotoxin
K01790	972_1	1	1	1									LPS / endotoxin
K01790	973_1	17	19	0.894736842105263	-1.67574098582769	0.0623596104399875	Bacteroidota	Bacteroidia	Bacteroidales	Bacteroidaceae	Alloprevotella	Alloprevotella sp900539625	LPS / endotoxin
K01790	974_1	14	15	0.933333333333333	-0.0784205551231295	0.948225710639292	Bacteroidota	Bacteroidia	Bacteroidales	Bacteroidaceae	Alloprevotella	Alloprevotella timonensis	LPS / endotoxin
K01790	975_1	18	18	1	-0.523489156863972	0.454402479822528	Bacteroidota	Bacteroidia	Bacteroidales	Bacteroidaceae	Alloprevotella	Alloprevotella sp900540885	LPS / endotoxin
K01790	976_1	1	1	1									LPS / endotoxin
K01790	977_1	10	10	1	-0.502972589415875	0.365961078393476	Bacteroidota	Bacteroidia	Bacteroidales	Bacteroidaceae	Prevotella	Prevotella sp000436915	LPS / endotoxin
K01790	978_1	70	74	0.945945945945946	-0.585820526876515	0.381094120851295	Bacteroidota	Bacteroidia	Bacteroidales	Bacteroidaceae	Prevotella	Prevotella sp934191715	LPS / endotoxin
K01790	978_2	1	1	1									LPS / endotoxin
K01790	978_3	2	2	1									LPS / endotoxin
K01790	978_4	1	1	1									LPS / endotoxin
K01790	979_1	4	5	0.8									LPS / endotoxin
K01790	980_1	15	18	0.833333333333333	-1.00285156225719	0.222688071753967	Bacteroidota	Bacteroidia	Bacteroidales	Bacteroidaceae	Prevotella	Prevotella copri_A	LPS / endotoxin
K01790	980_2	1	1	1									LPS / endotoxin
K01790	980_3	2	2	1									LPS / endotoxin
K01790	980_4	2	4	0.5									LPS / endotoxin
K01790	981_1	28	28	1	-0.991408860973335	0.0940957035536014	Bacteroidota	Bacteroidia	Bacteroidales	Bacteroidaceae	Prevotella	Prevotella sp900313215	LPS / endotoxin
K01790	982_1	7	7	1									LPS / endotoxin
K01790	983_1	1	1	1									LPS / endotoxin
K01790	984_1	7	7	1									LPS / endotoxin
K01790	985_1	7	8	0.875									LPS / endotoxin
K01790	986_1	1	1	1									LPS / endotoxin
K01790	987_1	2	2	1									LPS / endotoxin
K01790	988_1	2	2	1									LPS / endotoxin
K01790	989_1	5	5	1									LPS / endotoxin
K01790	990_1	1	1	1									LPS / endotoxin
K01790	991_1	9	9	1									LPS / endotoxin
K01790	992_1	1	1	1									LPS / endotoxin
K01790	992_2	1	1	1									LPS / endotoxin
K01790	993_1	15	19	0.789473684210526	-0.579721182922959	0.21699551489875	Bacteroidota	Bacteroidia	Bacteroidales	Bacteroidaceae	Prevotella	Prevotella sp002265625	LPS / endotoxin
K01790	994_1	12	16	0.75	-0.410768670553581	0.699473689670921	Bacteroidota	Bacteroidia	Bacteroidales	Bacteroidaceae	Prevotella	Prevotella sp000434975	LPS / endotoxin
K01790	994_2	49	53	0.924528301886792	-0.55520575848509	0.497609598483521	Bacteroidota	Bacteroidia	Bacteroidales	Bacteroidaceae	Prevotella	Prevotella stercorea	LPS / endotoxin
K01790	995_1	80	87	0.919540229885057	-0.0402005625084298	0.976269819170509	Bacteroidota	Bacteroidia	Bacteroidales	Bacteroidaceae	Paraprevotella	""	LPS / endotoxin
K01790	995_2	12	12	1	-0.25588609912359	0.813785217335964	Bacteroidota	Bacteroidia	Bacteroidales	Bacteroidaceae	Paraprevotella	Paraprevotella xylaniphila	LPS / endotoxin
K01790	996_1	3	4	0.75									LPS / endotoxin
K01790	996_2	3	3	1									LPS / endotoxin
K01790	998_1	1	1	1									LPS / endotoxin
K01790	999_1	161	163	0.987730061349693	1.00763116493202	0.00240146105029924	Bacteroidota	Bacteroidia	Bacteroidales	Tannerellaceae	Parabacteroides	Parabacteroides distasonis	LPS / endotoxin
K01790	99_1	5	7	0.714285714285714									LPS / endotoxin
K01790	9_1	1	4	0.25									LPS / endotoxin
K02160	100_1	1	1	1									SCFA (propionate)
K02160	100_2	9	9	1									SCFA (propionate)
K02160	101_1	1	1	1									SCFA (propionate)
K02160	1049_1	1	1	1									SCFA (propionate)
K02160	1069_1	1	2	0.5									SCFA (propionate)
K02160	1073_1	7	7	1									SCFA (propionate)
K02160	1077_1	1	1	1									SCFA (propionate)
K02160	1078_1	3	3	1									SCFA (propionate)
K02160	1081_1	13	13	1	-0.422572242501209	0.260033038187731	Actinomycetota	Coriobacteriia	Coriobacteriales	Eggerthellaceae	Ellagibacter	Ellagibacter isourolithinifaciens	SCFA (propionate)
K02160	1085_1	7	11	0.636363636363636	-0.321372000198904	0.384265230319888	Actinomycetota	Coriobacteriia	Coriobacteriales	Eggerthellaceae	Senegalimassilia	Senegalimassilia faecalis	SCFA (propionate)
K02160	1086_1	34	35	0.971428571428571	-0.172634921823342	0.855856822026673	Actinomycetota	Coriobacteriia	Coriobacteriales	Eggerthellaceae	Senegalimassilia	Senegalimassilia sp003474385	SCFA (propionate)
K02160	1086_2	1	1	1									SCFA (propionate)
K02160	1090_1	8	8	1									SCFA (propionate)
K02160	1090_2	2	2	1									SCFA (propionate)
K02160	1091_1	2	2	1									SCFA (propionate)
K02160	1092_1	71	73	0.972602739726027	-0.00159963330957656	0.999407958867046	Actinomycetota	Coriobacteriia	Coriobacteriales	Eggerthellaceae	Eggerthella	Eggerthella lenta	SCFA (propionate)
K02160	1095_1	1	1	1									SCFA (propionate)
K02160	10_1	1	1	1									SCFA (propionate)
K02160	155_1	1	1	1									SCFA (propionate)
K02160	164_1	21	22	0.954545454545455	0.326964690209221	0.313942333611298	Bacillota	Bacilli	Erysipelotrichales	Erysipelotrichaceae	Clostridium_AQ	Clostridium_AQ innocuum	SCFA (propionate)
K02160	173_1	25	27	0.925925925925926	0.307822953780749	0.509547780060975	Bacillota	Bacilli	Erysipelotrichales	Coprobacillaceae	Thomasclavelia	Thomasclavelia ramosa	SCFA (propionate)
K02160	179_1	111	116	0.956896551724138	0.622474215001055	0.0870945140509126	Bacillota	Bacilli	Erysipelotrichales	Coprobacillaceae	Faecalibacillus	Faecalibacillus intestinalis	SCFA (propionate)
K02160	179_2	14	14	1	-0.708743101186255	0.139260622340075	Bacillota	Bacilli	Erysipelotrichales	Coprobacillaceae	Faecalibacillus	Faecalibacillus faecis	SCFA (propionate)
K02160	179_3	1	1	1									SCFA (propionate)
K02160	181_1	1	1	1									SCFA (propionate)
K02160	188_1	2	2	1									SCFA (propionate)
K02160	189_1	1	2	0.5									SCFA (propionate)
K02160	191_1	2	2	1									SCFA (propionate)
K02160	19_1	1	1	1									SCFA (propionate)
K02160	203_2	2	2	1									SCFA (propionate)
K02160	205_1	2	2	1									SCFA (propionate)
K02160	233_1	1	1	1									SCFA (propionate)
K02160	233_2	1	1	1									SCFA (propionate)
K02160	233_3	1	1	1									SCFA (propionate)
K02160	233_4	1	1	1									SCFA (propionate)
K02160	234_1	1	1	1									SCFA (propionate)
K02160	236_1	3	6	0.5									SCFA (propionate)
K02160	238_1	1	1	1									SCFA (propionate)
K02160	241_1	1	1	1									SCFA (propionate)
K02160	242_1	11	12	0.916666666666667	-1.80635054857245	0.0940957035536014	Bacillota	Clostridia	Oscillospirales	Acutalibacteraceae	UMGS856	UMGS856 sp900546265	SCFA (propionate)
K02160	247_1	3	3	1									SCFA (propionate)
K02160	248_1	1	1	1									SCFA (propionate)
K02160	249_1	3	3	1									SCFA (propionate)
K02160	250_1	5	5	1									SCFA (propionate)
K02160	254_1	1	1	1									SCFA (propionate)
K02160	261_1	1	2	0.5									SCFA (propionate)
K02160	262_1	14	14	1	-0.795661344060123	0.378001205993654	Bacillota	Clostridia	Oscillospirales	Acutalibacteraceae	Clostridium_A	Clostridium_A leptum	SCFA (propionate)
K02160	263_1	4	4	1									SCFA (propionate)
K02160	264_1	1	1	1									SCFA (propionate)
K02160	266_1	5	8	0.625									SCFA (propionate)
K02160	267_1	1	1	1									SCFA (propionate)
K02160	269_1	1	1	1									SCFA (propionate)
K02160	273_1	2	3	0.666666666666667									SCFA (propionate)
K02160	276_1	6	6	1									SCFA (propionate)
K02160	27_1	105	106	0.990566037735849	0.813502492465311	0.0163572745565952	Pseudomonadota	Gammaproteobacteria	Burkholderiales	Burkholderiaceae	Sutterella	Sutterella wadsworthensis	SCFA (propionate)
K02160	282_1	2	3	0.666666666666667									SCFA (propionate)
K02160	283_1	18	24	0.75	-1.36433251741329	0.0725839287548737	Bacillota	Clostridia	Oscillospirales	Butyricicoccaceae	Butyricicoccus_A	Butyricicoccus_A intestinisimiae	SCFA (propionate)
K02160	284_1	1	1	1									SCFA (propionate)
K02160	285_1	6	8	0.75									SCFA (propionate)
K02160	28_1	21	21	1	-0.0361969092085721	0.97895269557244	Pseudomonadota	Gammaproteobacteria	Burkholderiales	Burkholderiaceae	Sutterella	Sutterella faecalis	SCFA (propionate)
K02160	28_2	8	8	1									SCFA (propionate)
K02160	292_1	4	4	1									SCFA (propionate)
K02160	293_1	1	1	1									SCFA (propionate)
K02160	29_1	69	70	0.985714285714286	0.159382912070147	0.86402450234671	Pseudomonadota	Gammaproteobacteria	Burkholderiales	Burkholderiaceae	Sutterella	Sutterella wadsworthensis_A	SCFA (propionate)
K02160	30_1	1	1	1									SCFA (propionate)
K02160	313_1	1	1	1									SCFA (propionate)
K02160	315_1	1	4	0.25									SCFA (propionate)
K02160	316_1	1	1	1									SCFA (propionate)
K02160	317_1	2	2	1									SCFA (propionate)
K02160	31_1	1	1	1									SCFA (propionate)
K02160	32_1	1	1	1									SCFA (propionate)
K02160	337_1	11	11	1	-0.871195235912021	0.112254435243703	Bacillota	Clostridia	Christensenellales	Aristaeellaceae	Fimadaptatus	Fimadaptatus sp948467645	SCFA (propionate)
K02160	33_1	9	9	1									SCFA (propionate)
K02160	340_1	3	3	1									SCFA (propionate)
K02160	341_1	9	13	0.692307692307692	-1.10341433884207	0.259475517734737	Bacillota	Clostridia	Oscillospirales	Butyricicoccaceae	Pseudobutyricicoccus	Pseudobutyricicoccus sp003477405	SCFA (propionate)
K02160	341_2	1	1	1									SCFA (propionate)
K02160	343_1	31	32	0.96875	-0.072340626982239	0.936823274479639	Bacillota	Clostridia	TANB77	CAG-508	CAG-245	CAG-245 sp000435175	SCFA (propionate)
K02160	346_1	1	1	1									SCFA (propionate)
K02160	348_1	4	4	1									SCFA (propionate)
K02160	349_1	9	10	0.9	-1.00370331325854	0.0245950850566471	Bacillota	Clostridia	TANB77	CAG-508	CAG-492	CAG-492 sp000434335	SCFA (propionate)
K02160	349_2	2	3	0.666666666666667									SCFA (propionate)
K02160	34_1	3	3	1									SCFA (propionate)
K02160	354_1	6	7	0.857142857142857									SCFA (propionate)
K02160	357_1	4	6	0.666666666666667									SCFA (propionate)
K02160	359_1	5	6	0.833333333333333									SCFA (propionate)
K02160	35_1	1	1	1									SCFA (propionate)
K02160	360_1	1	1	1									SCFA (propionate)
K02160	362_1	19	20	0.95	0.217704201961076	0.793457052172703	Bacillota	Clostridia	TANB77	CAG-508	CAG-269	CAG-269 sp003525075	SCFA (propionate)
K02160	363_1	2	2	1									SCFA (propionate)
K02160	363_2	1	1	1									SCFA (propionate)
K02160	364_1	2	3	0.666666666666667									SCFA (propionate)
K02160	366_1	1	1	1									SCFA (propionate)
K02160	367_1	4	5	0.8									SCFA (propionate)
K02160	368_1	5	5	1									SCFA (propionate)
K02160	369_1	1	1	1									SCFA (propionate)
K02160	36_1	1	1	1									SCFA (propionate)
K02160	371_1	1	1	1									SCFA (propionate)
K02160	376_1	46	48	0.958333333333333	-0.334904037712576	0.451279410075805	Bacillota	Clostridia	Peptostreptococcales	Peptostreptococcaceae	Intestinibacter	Intestinibacter bartlettii	SCFA (propionate)
K02160	376_2	2	5	0.4									SCFA (propionate)
K02160	379_1	1	1	1									SCFA (propionate)
K02160	37_1	1	1	1									SCFA (propionate)
K02160	380_1	1	1	1									SCFA (propionate)
K02160	381_1	1	1	1									SCFA (propionate)
K02160	382_1	9	9	1									SCFA (propionate)
K02160	383_1	53	55	0.963636363636364	-0.394249911660716	0.53220454789838	Bacillota	Clostridia	Clostridiales	Clostridiaceae	Clostridium	Clostridium sp900540255	SCFA (propionate)
K02160	384_1	1	1	1									SCFA (propionate)
K02160	385_1	5	10	0.5	-0.332875366496291	0.538176494665755	Bacillota	Clostridia	Clostridiales	Clostridiaceae	Clostridium	Clostridium sp000435835	SCFA (propionate)
K02160	386_1	1	1	1									SCFA (propionate)
K02160	387_1	2	2	1									SCFA (propionate)
K02160	388_1	1	1	1									SCFA (propionate)
K02160	389_1	3	3	1									SCFA (propionate)
K02160	38_1	1	1	1									SCFA (propionate)
K02160	392_1	1	1	1									SCFA (propionate)
K02160	393_1	1	1	1									SCFA (propionate)
K02160	394_1	1	1	1									SCFA (propionate)
K02160	395_1	6	7	0.857142857142857									SCFA (propionate)
K02160	396_1	1	1	1									SCFA (propionate)
K02160	39_1	11	12	0.916666666666667	-1.59593253056797	0.0503680321304428	Pseudomonadota	Gammaproteobacteria	Burkholderiales	Burkholderiaceae	Duodenibacillus	Duodenibacillus sp900544335	SCFA (propionate)
K02160	3_1	1	1	1									SCFA (propionate)
K02160	401_1	13	13	1	-0.0327752358157016	0.974832982541305	Bacillota	Clostridia	Lachnospirales	Lachnospiraceae	Clostridium_AP	Clostridium_AP sp000509125	SCFA (propionate)
K02160	401_2	2	2	1									SCFA (propionate)
K02160	402_1	3	3	1									SCFA (propionate)
K02160	403_1	10	10	1	-0.7183903742274	0.118007736772976	Bacillota	Clostridia	Oscillospirales	Ruminococcaceae	Merdivicinus	Merdivicinus sp900555435	SCFA (propionate)
K02160	404_1	1	2	0.5									SCFA (propionate)
K02160	406_1	7	9	0.777777777777778									SCFA (propionate)
K02160	407_1	4	10	0.4	0.00831044035328689	0.996715315434289	Bacillota	Clostridia	Oscillospirales	Ruminococcaceae	Negativibacillus	Negativibacillus faecipullorum	SCFA (propionate)
K02160	408_1	1	1	1									SCFA (propionate)
K02160	409_1	1	2	0.5									SCFA (propionate)
K02160	40_1	41	42	0.976190476190476	0.203893836581251	0.833102298794183	Pseudomonadota	Gammaproteobacteria	Burkholderiales	Burkholderiaceae	Parasutterella	Parasutterella excrementihominis	SCFA (propionate)
K02160	40_2	31	33	0.939393939393939	-0.188519900743662	0.757559086992637	Pseudomonadota	Gammaproteobacteria	Burkholderiales	Burkholderiaceae	Parasutterella	Parasutterella gallistercoris	SCFA (propionate)
K02160	40_3	2	2	1									SCFA (propionate)
K02160	40_4	1	1	1									SCFA (propionate)
K02160	410_1	10	10	1	0.572714797966868	0.398163017327196	Bacillota	Clostridia	Oscillospirales	Ruminococcaceae	Negativibacillus	Negativibacillus sp000435195	SCFA (propionate)
K02160	412_1	17	21	0.80952380952381	0.0739795986100021	0.918305723974379	Bacillota	Clostridia	Oscillospirales	Ruminococcaceae	Avimicrobium	Avimicrobium caecorum	SCFA (propionate)
K02160	413_1	8	8	1									SCFA (propionate)
K02160	414_1	1	1	1									SCFA (propionate)
K02160	414_2	52	53	0.981132075471698	-0.647078140392149	0.430406239631471	Bacillota	Clostridia	Oscillospirales	Ruminococcaceae	Ruminococcus_C	Ruminococcus_C sp000433635	SCFA (propionate)
K02160	415_1	7	7	1									SCFA (propionate)
K02160	416_1	5	5	1									SCFA (propionate)
K02160	417_1	46	48	0.958333333333333	-0.703064557130396	0.164161139229001	Bacillota	Clostridia	Oscillospirales	Ruminococcaceae	Ruminococcus_C	Ruminococcus_C sp000980705	SCFA (propionate)
K02160	418_1	46	46	1	-0.882135402996782	0.0170444218845398	Bacillota	Clostridia	Oscillospirales	Ruminococcaceae	Ruminococcus_C	Ruminococcus_C callidus	SCFA (propionate)
K02160	41_1	3	3	1									SCFA (propionate)
K02160	420_1	4	14	0.285714285714286	-0.0140835315860196	0.987596417076079	Bacillota	Clostridia	Oscillospirales	Acutalibacteraceae	UMGS1071	UMGS1071 sp900542375	SCFA (propionate)
K02160	423_1	1	3	0.333333333333333									SCFA (propionate)
K02160	424_1	1	4	0.25									SCFA (propionate)
K02160	426_1	6	6	1									SCFA (propionate)
K02160	427_1	1	1	1									SCFA (propionate)
K02160	428_1	2	2	1									SCFA (propionate)
K02160	429_1	1	1	1									SCFA (propionate)
K02160	42_1	3	3	1									SCFA (propionate)
K02160	42_2	6	6	1									SCFA (propionate)
K02160	430_1	5	5	1									SCFA (propionate)
K02160	431_1	1	1	1									SCFA (propionate)
K02160	432_1	5	5	1									SCFA (propionate)
K02160	433_1	97	98	0.989795918367347	0.459923672633173	0.333199402533618	Bacillota	Clostridia	Oscillospirales	Ruminococcaceae	Hominimerdicola	Hominimerdicola aceti	SCFA (propionate)
K02160	434_1	4	4	1									SCFA (propionate)
K02160	435_1	1	1	1									SCFA (propionate)
K02160	436_1	2	7	0.285714285714286									SCFA (propionate)
K02160	437_1	46	64	0.71875	-0.103446247268264	0.906956554086696	Bacillota	Clostridia	Oscillospirales	Acutalibacteraceae	Hominenteromicrobium	Hominenteromicrobium mulieris	SCFA (propionate)
K02160	438_1	1	1	1									SCFA (propionate)
K02160	439_1	1	1	1									SCFA (propionate)
K02160	43_1	1	1	1									SCFA (propionate)
K02160	440_1	1	1	1									SCFA (propionate)
K02160	442_1	9	9	1									SCFA (propionate)
K02160	443_1	7	7	1									SCFA (propionate)
K02160	443_2	1	1	1									SCFA (propionate)
K02160	444_1	62	68	0.911764705882353	0.0267571541175575	0.977036408656166	Bacillota	Bacilli	Lactobacillales	Streptococcaceae	Streptococcus	Streptococcus salivarius	SCFA (propionate)
K02160	444_2	9	10	0.9	0.204101609936718	0.645351074882835	Bacillota	Bacilli	Lactobacillales	Streptococcaceae	Streptococcus	Streptococcus thermophilus	SCFA (propionate)
K02160	445_1	5	5	1									SCFA (propionate)
K02160	445_2	1	1	1									SCFA (propionate)
K02160	445_6	1	1	1									SCFA (propionate)
K02160	446_1	3	4	0.75									SCFA (propionate)
K02160	446_2	16	16	1	0.132508502777099	0.903548698977595	Bacillota	Bacilli	Lactobacillales	Streptococcaceae	Streptococcus	""	SCFA (propionate)
K02160	446_3	4	4	1									SCFA (propionate)
K02160	446_4	1	1	1									SCFA (propionate)
K02160	446_5	1	1	1									SCFA (propionate)
K02160	446_7	1	1	1									SCFA (propionate)
K02160	447_1	2	2	1									SCFA (propionate)
K02160	447_2	6	6	1									SCFA (propionate)
K02160	448_1	1	1	1									SCFA (propionate)
K02160	448_2	1	1	1									SCFA (propionate)
K02160	449_1	1	1	1									SCFA (propionate)
K02160	44_1	18	18	1	-0.456509804402735	0.844475629302577	Pseudomonadota	Gammaproteobacteria	Burkholderiales	Burkholderiaceae	Duodenibacillus	Duodenibacillus massiliensis	SCFA (propionate)
K02160	450_1	10	11	0.909090909090909	0.275667485344944	0.579276240707327	Bacillota	Bacilli	Lactobacillales	Streptococcaceae	Lactococcus	Lactococcus lactis	SCFA (propionate)
K02160	451_1	2	2	1									SCFA (propionate)
K02160	452_1	2	2	1									SCFA (propionate)
K02160	453_1	3	3	1									SCFA (propionate)
K02160	453_2	8	9	0.888888888888889									SCFA (propionate)
K02160	454_1	4	4	1									SCFA (propionate)
K02160	455_1	6	6	1									SCFA (propionate)
K02160	456_1	8	9	0.888888888888889									SCFA (propionate)
K02160	456_2	4	6	0.666666666666667									SCFA (propionate)
K02160	456_3	1	1	1									SCFA (propionate)
K02160	457_1	1	1	1									SCFA (propionate)
K02160	458_1	1	1	1									SCFA (propionate)
K02160	459_1	3	3	1									SCFA (propionate)
K02160	45_1	4	4	1									SCFA (propionate)
K02160	460_1	2	2	1									SCFA (propionate)
K02160	462_1	1	1	1									SCFA (propionate)
K02160	464_1	1	1	1									SCFA (propionate)
K02160	469_1	1	1	1									SCFA (propionate)
K02160	46_1	1	1	1									SCFA (propionate)
K02160	470_1	4	4	1									SCFA (propionate)
K02160	471_1	1	1	1									SCFA (propionate)
K02160	482_1	5	7	0.714285714285714									SCFA (propionate)
K02160	483_1	3	4	0.75									SCFA (propionate)
K02160	490_1	35	46	0.760869565217391	-0.304664411167838	0.668523329329729	Bacillota	Clostridia	Lachnospirales	Lachnospiraceae	Claveliimonas	Claveliimonas ammoniilytica	SCFA (propionate)
K02160	491_1	2	2	1									SCFA (propionate)
K02160	492_1	4	4	1									SCFA (propionate)
K02160	492_2	7	7	1									SCFA (propionate)
K02160	494_2	14	50	0.28	0.167720074272404	0.849404650914935	Bacillota	Clostridia	Lachnospirales	CAG-274	CAG-274	CAG-274 sp000432155	SCFA (propionate)
K02160	498_1	129	147	0.877551020408163	0.498026934939559	0.125193748224458	Bacillota	Clostridia	Oscillospirales	Butyricicoccaceae	Agathobaculum	Agathobaculum butyriciproducens	SCFA (propionate)
K02160	498_2	1	1	1									SCFA (propionate)
K02160	499_1	11	14	0.785714285714286	-0.572134559001391	0.418384230058245	Bacillota	Clostridia	Oscillospirales	Butyricicoccaceae	Agathobaculum	Agathobaculum sp900544475	SCFA (propionate)
K02160	500_1	13	40	0.325	-0.384101537199025	0.464887811990392	Bacillota	Clostridia	Oscillospirales	Butyricicoccaceae	Agathobaculum	Agathobaculum hominis	SCFA (propionate)
K02160	502_1	1	1	1									SCFA (propionate)
K02160	503_1	1	1	1									SCFA (propionate)
K02160	504_1	4	7	0.571428571428571									SCFA (propionate)
K02160	505_1	2	2	1									SCFA (propionate)
K02160	507_1	18	19	0.947368421052632	-0.0889282358241746	0.931486913554913	Bacillota	Clostridia	Oscillospirales	Ruminococcaceae	CAG-115	CAG-115 sp003531585	SCFA (propionate)
K02160	508_1	4	4	1									SCFA (propionate)
K02160	509_1	4	4	1									SCFA (propionate)
K02160	50_1	2	2	1									SCFA (propionate)
K02160	513_1	6	7	0.857142857142857									SCFA (propionate)
K02160	514_1	19	27	0.703703703703704	-0.530933832402954	0.137042122806942	Bacillota	Clostridia	Lachnospirales	Lachnospiraceae	Choladousia	Choladousia sp902363135	SCFA (propionate)
K02160	515_1	8	8	1									SCFA (propionate)
K02160	518_1	33	33	1	-0.415087133766152	0.396238863745157	Bacillota	Clostridia	Oscillospirales	Ruminococcaceae	Ruminiclostridium_E	Ruminiclostridium_E siraeum	SCFA (propionate)
K02160	518_2	2	2	1									SCFA (propionate)
K02160	518_3	2	2	1									SCFA (propionate)
K02160	51_1	8	8	1									SCFA (propionate)
K02160	521_1	7	8	0.875									SCFA (propionate)
K02160	522_1	4	4	1									SCFA (propionate)
K02160	523_1	33	34	0.970588235294118	-0.528143067512205	0.538176494665755	Bacillota	Clostridia	Oscillospirales	Acutalibacteraceae	Ruminococcoides	Ruminococcoides intestinalis	SCFA (propionate)
K02160	524_1	118	128	0.921875	0.978725947890569	0.0238024965733005	Bacillota	Clostridia	Oscillospirales	Acutalibacteraceae	Ruminococcoides	Ruminococcoides intestinale	SCFA (propionate)
K02160	524_2	2	3	0.666666666666667									SCFA (propionate)
K02160	525_1	4	4	1									SCFA (propionate)
K02160	526_1	1	1	1									SCFA (propionate)
K02160	52_1	1	1	1									SCFA (propionate)
K02160	538_1	3	3	1									SCFA (propionate)
K02160	53_1	1	1	1									SCFA (propionate)
K02160	543_1	1	1	1									SCFA (propionate)
K02160	548_1	1	2	0.5									SCFA (propionate)
K02160	549_1	7	11	0.636363636363636	0.236742646516818	0.692843369608951	Bacillota	Negativicutes	Veillonellales	Dialisteraceae	Dialister	Dialister sp002320515	SCFA (propionate)
K02160	54_1	3	3	1									SCFA (propionate)
K02160	551_1	4	4	1									SCFA (propionate)
K02160	552_1	5	5	1									SCFA (propionate)
K02160	553_1	1	1	1									SCFA (propionate)
K02160	557_1	9	9	1									SCFA (propionate)
K02160	558_1	21	21	1	-1.12439768790525	0.0554577892873342	Bacillota	Clostridia	Lachnospirales	Lachnospiraceae	Jutongia	Jutongia huaianensis	SCFA (propionate)
K02160	55_1	2	2	1									SCFA (propionate)
K02160	560_1	18	22	0.818181818181818	-0.930715022216706	0.0359058786151043	Bacillota	Clostridia	Lachnospirales	Lachnospiraceae	Butyribacter	Butyribacter hominis	SCFA (propionate)
K02160	561_1	4	5	0.8									SCFA (propionate)
K02160	562_1	28	35	0.8	-0.674329998413561	0.148160139561155	Bacillota	Clostridia	Lachnospirales	Lachnospiraceae	Eubacterium_U	""	SCFA (propionate)
K02160	563_1	10	10	1	-0.429045273759109	0.313942333611298	Bacillota	Clostridia	Lachnospirales	Lachnospiraceae	Eubacterium_G	Eubacterium_G sp000435815	SCFA (propionate)
K02160	564_1	3	4	0.75									SCFA (propionate)
K02160	565_1	87	93	0.935483870967742	0.278681088721094	0.746899061905011	Bacillota	Clostridia	Lachnospirales	Lachnospiraceae	Eubacterium_G	Eubacterium_G ventriosum	SCFA (propionate)
K02160	566_1	70	75	0.933333333333333	-0.12964571561017	0.839584115395913	Bacillota	Clostridia	Lachnospirales	Anaerotignaceae	Anaerotignum_A	""	SCFA (propionate)
K02160	568_1	3	4	0.75									SCFA (propionate)
K02160	56_1	1	1	1									SCFA (propionate)
K02160	572_1	3	3	1									SCFA (propionate)
K02160	579_1	19	19	1	-0.148661861272639	0.867043648029672	Bacillota	Clostridia	Lachnospirales	Lachnospiraceae	Butyribacter	Butyribacter sp000436755	SCFA (propionate)
K02160	580_1	22	23	0.956521739130435	-0.325521708151126	0.621007671806081	Bacillota	Clostridia	Lachnospirales	Lachnospiraceae	Butyribacter	Butyribacter intestini	SCFA (propionate)
K02160	582_1	148	153	0.967320261437908	0.668035923554365	0.0623596104399875	Bacillota	Clostridia	Lachnospirales	Lachnospiraceae	Anthropogastromicrobium	Anthropogastromicrobium aceti	SCFA (propionate)
K02160	582_2	1	1	1									SCFA (propionate)
K02160	583_1	34	40	0.85	-0.877487206020384	0.0259869101892949	Bacillota	Clostridia	Lachnospirales	Lachnospiraceae	Gallintestinimicrobium	Gallintestinimicrobium propionicum	SCFA (propionate)
K02160	584_1	23	23	1	-0.624125619435195	0.141321222601118	Bacillota	Clostridia	Lachnospirales	Lachnospiraceae	Eubacterium_I	Eubacterium_I ramulus_A	SCFA (propionate)
K02160	585_1	20	22	0.909090909090909	0.340482801480459	0.580755600520319	Bacillota	Clostridia	Lachnospirales	Lachnospiraceae	Eubacterium_I	""	SCFA (propionate)
K02160	58_1	1	1	1									SCFA (propionate)
K02160	590_1	3	3	1									SCFA (propionate)
K02160	595_1	37	40	0.925	-0.462788412645942	0.445358515766853	Bacillota	Clostridia	Lachnospirales	Lachnospiraceae	Limivivens	Limivivens faecihominis	SCFA (propionate)
K02160	596_1	8	8	1									SCFA (propionate)
K02160	599_1	77	83	0.927710843373494	-0.203608742919372	0.757559086992637	Bacillota	Clostridia	Lachnospirales	Lachnospiraceae	Hominisplanchenecus	Hominisplanchenecus faecis	SCFA (propionate)
K02160	59_1	2	3	0.666666666666667									SCFA (propionate)
K02160	600_1	8	10	0.8	-1.43544139490868	0.00981902367853479	Bacillota	Clostridia	Lachnospirales	Lachnospiraceae	Bacteroides_F	Bacteroides_F pectinophilus	SCFA (propionate)
K02160	601_1	112	122	0.918032786885246	0.534414487969866	0.127679421011774	Bacillota	Clostridia	Lachnospirales	Lachnospiraceae	Lachnospira	Lachnospira eligens_A	SCFA (propionate)
K02160	601_2	4	4	1									SCFA (propionate)
K02160	601_3	1	1	1									SCFA (propionate)
K02160	601_4	4	4	1									SCFA (propionate)
K02160	602_1	94	104	0.903846153846154	-0.136158980565996	0.826104310757962	Bacillota	Clostridia	Lachnospirales	Lachnospiraceae	Lachnospira	Lachnospira rogosae	SCFA (propionate)
K02160	603_1	23	28	0.821428571428571	-0.726103150210651	0.0867577302918209	Bacillota	Clostridia	Lachnospirales	Lachnospiraceae	Lachnospira	Lachnospira sp000436535	SCFA (propionate)
K02160	604_1	31	39	0.794871794871795	-0.101728615927904	0.917423232123717	Bacillota	Clostridia	Lachnospirales	Lachnospiraceae	Lachnospira	Lachnospira sp000436475	SCFA (propionate)
K02160	605_1	81	82	0.987804878048781	-0.14357911844854	0.850454342189356	Bacillota	Clostridia	Lachnospirales	Lachnospiraceae	Lachnospira	Lachnospira sp000437735	SCFA (propionate)
K02160	606_1	72	77	0.935064935064935	0.00448851831298221	0.998990799564075	Bacillota	Clostridia	Lachnospirales	Lachnospiraceae	Lachnospira	Lachnospira hominis	SCFA (propionate)
K02160	607_1	24	26	0.923076923076923	-0.171930815266113	0.855856822026673	Bacillota	Clostridia	Lachnospirales	Lachnospiraceae	Lachnospira	Lachnospira sp900545725	SCFA (propionate)
K02160	609_1	6	6	1									SCFA (propionate)
K02160	60_1	3	3	1									SCFA (propionate)
K02160	60_10	1	1	1									SCFA (propionate)
K02160	60_13	1	1	1									SCFA (propionate)
K02160	60_14	1	1	1									SCFA (propionate)
K02160	60_16	1	1	1									SCFA (propionate)
K02160	60_17	1	1	1									SCFA (propionate)
K02160	60_19	1	1	1									SCFA (propionate)
K02160	60_2	19	19	1	-0.704720195035236	0.222688071753967	Pseudomonadota	Gammaproteobacteria	Enterobacterales	Pasteurellaceae	Haemophilus_D	Haemophilus_D sp905205995	SCFA (propionate)
K02160	60_3	3	3	1									SCFA (propionate)
K02160	60_4	2	2	1									SCFA (propionate)
K02160	60_5	3	3	1									SCFA (propionate)
K02160	60_6	3	5	0.6									SCFA (propionate)
K02160	60_7	1	1	1									SCFA (propionate)
K02160	60_8	2	2	1									SCFA (propionate)
K02160	60_9	1	1	1									SCFA (propionate)
K02160	610_1	17	18	0.944444444444444	0.518970711661107	0.170734728992609	Bacillota	Clostridia	Lachnospirales	Lachnospiraceae	Faecalimonas	Faecalimonas umbilicata	SCFA (propionate)
K02160	610_2	1	1	1									SCFA (propionate)
K02160	611_1	24	26	0.923076923076923	0.50336929058876	0.458212475298217	Bacillota	Clostridia	Lachnospirales	Lachnospiraceae	Faecalimonas	Faecalimonas phoceensis	SCFA (propionate)
K02160	611_2	13	13	1	-0.298596331203419	0.671551103605421	Bacillota	Clostridia	Lachnospirales	Lachnospiraceae	Faecalimonas	Faecalimonas sp029983955	SCFA (propionate)
K02160	613_1	10	10	1	-0.616994015464299	0.278627870170504	Bacillota	Clostridia	Lachnospirales	Lachnospiraceae	Schaedlerella	""	SCFA (propionate)
K02160	614_1	55	57	0.964912280701754	-0.529193235376825	0.243656462801689	Bacillota	Clostridia	Lachnospirales	Lachnospiraceae	Mediterraneibacter	Mediterraneibacter lactaris	SCFA (propionate)
K02160	615_1	70	89	0.786516853932584	0.580059154903108	0.0795060788865612	Bacillota	Clostridia	Lachnospirales	Lachnospiraceae	Mediterraneibacter	Mediterraneibacter faecis	SCFA (propionate)
K02160	616_1	22	30	0.733333333333333	-0.373281087895959	0.632623001860102	Bacillota	Clostridia	Lachnospirales	Lachnospiraceae	Bariatricus	Bariatricus comes	SCFA (propionate)
K02160	617_1	3	4	0.75									SCFA (propionate)
K02160	618_1	39	47	0.829787234042553	-0.0335793821109907	0.97869908170741	Bacillota	Clostridia	Lachnospirales	Lachnospiraceae	Dorea_A	Dorea_A sp019421265	SCFA (propionate)
K02160	618_2	38	48	0.791666666666667	-0.439606813084421	0.599296942781166	Bacillota	Clostridia	Lachnospirales	Lachnospiraceae	Dorea_A	Dorea_A longicatena	SCFA (propionate)
K02160	619_1	47	55	0.854545454545455	-0.634037777400313	0.163423091828184	Bacillota	Clostridia	Lachnospirales	Lachnospiraceae	Dorea	Dorea formicigenerans	SCFA (propionate)
K02160	61_1	1	1	1									SCFA (propionate)
K02160	620_1	1	1	1									SCFA (propionate)
K02160	621_1	83	84	0.988095238095238	0.797670832251992	0.0112054972010675	Bacillota	Clostridia	Lachnospirales	Lachnospiraceae	Mediterraneibacter	Mediterraneibacter torques	SCFA (propionate)
K02160	622_1	1	2	0.5									SCFA (propionate)
K02160	623_1	18	19	0.947368421052632	0.782161100459263	0.239302467497399	Bacillota	Clostridia	Lachnospirales	Lachnospiraceae	Schaedlerella	Schaedlerella glycyrrhizinilytica_A	SCFA (propionate)
K02160	624_1	5	6	0.833333333333333									SCFA (propionate)
K02160	625_1	1	1	1									SCFA (propionate)
K02160	626_1	1	1	1									SCFA (propionate)
K02160	627_1	1	1	1									SCFA (propionate)
K02160	628_1	1	1	1									SCFA (propionate)
K02160	629_1	30	32	0.9375	0.173994413621363	0.781911157646849	Bacillota	Clostridia	Lachnospirales	Lachnospiraceae	Sellimonas	Sellimonas intestinalis	SCFA (propionate)
K02160	62_1	2	2	1									SCFA (propionate)
K02160	630_1	3	3	1									SCFA (propionate)
K02160	632_1	1	1	1									SCFA (propionate)
K02160	632_2	1	1	1									SCFA (propionate)
K02160	633_1	67	75	0.893333333333333	-0.108000833496613	0.874535489671309	Bacillota	Clostridia	Lachnospirales	Lachnospiraceae	Ruminococcus_B	Ruminococcus_B gnavus	SCFA (propionate)
K02160	634_1	1	1	1									SCFA (propionate)
K02160	635_1	2	2	1									SCFA (propionate)
K02160	636_1	5	6	0.833333333333333									SCFA (propionate)
K02160	637_1	3	3	1									SCFA (propionate)
K02160	637_2	8	9	0.888888888888889									SCFA (propionate)
K02160	63_1	25	27	0.925925925925926	-0.019121129374136	0.987596417076079	Bacillota	Bacilli	Lactobacillales	Lactobacillaceae	Latilactobacillus	Latilactobacillus sakei	SCFA (propionate)
K02160	643_1	2	2	1									SCFA (propionate)
K02160	644_1	2	2	1									SCFA (propionate)
K02160	645_1	1	1	1									SCFA (propionate)
K02160	649_1	1	1	1									SCFA (propionate)
K02160	64_1	5	5	1									SCFA (propionate)
K02160	650_1	1	1	1									SCFA (propionate)
K02160	661_1	1	1	1									SCFA (propionate)
K02160	662_1	1	1	1									SCFA (propionate)
K02160	666_1	1	1	1									SCFA (propionate)
K02160	668_1	1	1	1									SCFA (propionate)
K02160	669_1	8	11	0.727272727272727	-0.816420843338708	0.120516227904004	Bacillota	Clostridia	Lachnospirales	Lachnospiraceae	Limivivens	Limivivens sp905214955	SCFA (propionate)
K02160	66_1	1	1	1									SCFA (propionate)
K02160	66_2	7	8	0.875									SCFA (propionate)
K02160	670_1	1	1	1									SCFA (propionate)
K02160	671_1	171	172	0.994186046511628	0.549854492991251	0.262433818899557	Bacillota	Clostridia	Lachnospirales	Lachnospiraceae	Anaerostipes	Anaerostipes hadrus	SCFA (propionate)
K02160	671_2	8	12	0.666666666666667	-0.0230868003992087	0.984636756118392	Bacillota	Clostridia	Lachnospirales	Lachnospiraceae	Anaerostipes	Anaerostipes amylophilus	SCFA (propionate)
K02160	671_3	1	3	0.333333333333333									SCFA (propionate)
K02160	672_1	127	136	0.933823529411765	0.370003371179614	0.495263230965692	Bacillota	Clostridia	Lachnospirales	Lachnospiraceae	Anaerobutyricum	Anaerobutyricum hallii	SCFA (propionate)
K02160	673_1	49	51	0.96078431372549	0.212699248990672	0.789180285008668	Bacillota	Clostridia	Lachnospirales	Lachnospiraceae	Anaerobutyricum	Anaerobutyricum soehngenii	SCFA (propionate)
K02160	674_1	1	1	1									SCFA (propionate)
K02160	675_1	183	186	0.983870967741936	0.905179036869504	0.141624400887205	Bacillota	Clostridia	Lachnospirales	Lachnospiraceae	Fusicatenibacter	Fusicatenibacter saccharivorans	SCFA (propionate)
K02160	676_1	4	4	1									SCFA (propionate)
K02160	677_1	2	2	1									SCFA (propionate)
K02160	678_1	35	36	0.972222222222222	1.01113164271323	0.0961411899936891	Bacillota	Clostridia	Lachnospirales	Lachnospiraceae	Blautia_A	Blautia_A caecimuris	SCFA (propionate)
K02160	679_1	1	2	0.5									SCFA (propionate)
K02160	680_1	15	28	0.535714285714286	-0.31822628288637	0.699329897153679	Bacillota	Clostridia	Lachnospirales	Lachnospiraceae	Blautia_A	Blautia_A intestinihominis	SCFA (propionate)
K02160	680_2	1	2	0.5									SCFA (propionate)
K02160	680_3	1	1	1									SCFA (propionate)
K02160	681_1	18	27	0.666666666666667	-0.268815823492539	0.788367045111025	Bacillota	Clostridia	Lachnospirales	Lachnospiraceae	Blautia_A	Blautia_A obeum	SCFA (propionate)
K02160	681_2	1	2	0.5									SCFA (propionate)
K02160	682_1	6	8	0.75									SCFA (propionate)
K02160	683_1	9	9	1									SCFA (propionate)
K02160	683_2	2	2	1									SCFA (propionate)
K02160	684_1	4	6	0.666666666666667									SCFA (propionate)
K02160	684_2	87	105	0.828571428571429	0.40025648902236	0.501567075761143	Bacillota	Clostridia	Lachnospirales	Lachnospiraceae	Blautia_A	Blautia_A fusiformis	SCFA (propionate)
K02160	684_3	3	4	0.75									SCFA (propionate)
K02160	684_4	1	1	1									SCFA (propionate)
K02160	684_5	3	3	1									SCFA (propionate)
K02160	684_6	1	1	1									SCFA (propionate)
K02160	685_1	2	2	1									SCFA (propionate)
K02160	685_2	1	1	1									SCFA (propionate)
K02160	686_1	9	12	0.75	0.104587309187506	0.915655769990715	Bacillota	Clostridia	Lachnospirales	Lachnospiraceae	Blautia_A	Blautia_A difficilis	SCFA (propionate)
K02160	687_1	10	10	1	-0.739216562131549	0.140676023121156	Bacillota	Clostridia	Lachnospirales	Lachnospiraceae	Blautia_A	Blautia_A sp003471165	SCFA (propionate)
K02160	687_4	1	1	1									SCFA (propionate)
K02160	688_1	2	2	1									SCFA (propionate)
K02160	689_1	151	152	0.993421052631579	0.345740421168533	0.613432355895215	Bacillota	Clostridia	Lachnospirales	Lachnospiraceae	Blautia_A	Blautia_A wexlerae	SCFA (propionate)
K02160	689_2	2	2	1									SCFA (propionate)
K02160	689_3	1	1	1									SCFA (propionate)
K02160	689_4	1	1	1									SCFA (propionate)
K02160	690_1	14	17	0.823529411764706	-0.18629011572555	0.716644473768369	Bacillota	Clostridia	Lachnospirales	Lachnospiraceae	Blautia_A	Blautia_A acetigignens	SCFA (propionate)
K02160	690_2	1	1	1									SCFA (propionate)
K02160	691_1	72	102	0.705882352941177	0.255816203361653	0.589314244068348	Bacillota	Clostridia	Lachnospirales	Lachnospiraceae	Blautia_A	Blautia_A faecis	SCFA (propionate)
K02160	691_2	2	3	0.666666666666667									SCFA (propionate)
K02160	693_1	43	44	0.977272727272727	0.13111921488241	0.897099977041137	Bacillota	Clostridia	Lachnospirales	Lachnospiraceae	Blautia	""	SCFA (propionate)
K02160	693_2	32	34	0.941176470588235	-0.862191818977854	0.0959908867751955	Bacillota	Clostridia	Lachnospirales	Lachnospiraceae	Blautia	Blautia stercoris	SCFA (propionate)
K02160	694_1	3	3	1									SCFA (propionate)
K02160	694_2	1	1	1									SCFA (propionate)
K02160	694_3	1	1	1									SCFA (propionate)
K02160	695_1	1	1	1									SCFA (propionate)
K02160	697_1	11	12	0.916666666666667	-0.78941452979126	0.18243459597151	Bacillota	Clostridia	Lachnospirales	Lachnospiraceae	Hominifimenecus	Hominifimenecus microfluidus	SCFA (propionate)
K02160	700_1	1	1	1									SCFA (propionate)
K02160	701_1	12	12	1	-0.213140673170657	0.770318580797188	Bacillota	Clostridia	Lachnospirales	Lachnospiraceae	CAG-882	CAG-882 sp003486385	SCFA (propionate)
K02160	702_1	6	8	0.75									SCFA (propionate)
K02160	703_1	3	3	1									SCFA (propionate)
K02160	704_1	45	65	0.692307692307692	-0.386927042494291	0.428464365247671	Bacillota	Clostridia	Lachnospirales	Lachnospiraceae	Oliverpabstia	Oliverpabstia tarda	SCFA (propionate)
K02160	704_2	20	26	0.769230769230769	-0.420615476281388	0.53121493408492	Bacillota	Clostridia	Lachnospirales	Lachnospiraceae	Oliverpabstia	Oliverpabstia faecicola	SCFA (propionate)
K02160	70_1	5	5	1									SCFA (propionate)
K02160	715_1	26	27	0.962962962962963	0.912994185370163	0.111471662023527	Bacillota	Clostridia	Lachnospirales	Lachnospiraceae	Blautia	Blautia hansenii	SCFA (propionate)
K02160	715_2	2	2	1									SCFA (propionate)
K02160	716_1	8	8	1									SCFA (propionate)
K02160	717_1	1	1	1									SCFA (propionate)
K02160	718_1	2	2	1									SCFA (propionate)
K02160	719_1	25	26	0.961538461538461	0.428721550646138	0.587331583512973	Bacillota	Clostridia	Lachnospirales	Lachnospiraceae	Blautia	Blautia sp900541955	SCFA (propionate)
K02160	71_1	2	2	1									SCFA (propionate)
K02160	721_1	18	19	0.947368421052632	-0.136832962652323	0.874535489671309	Bacillota	Clostridia	Lachnospirales	Lachnospiraceae	CAG-303	CAG-303 sp000437755	SCFA (propionate)
K02160	722_1	1	1	1									SCFA (propionate)
K02160	723_1	1	1	1									SCFA (propionate)
K02160	727_1	1	1	1									SCFA (propionate)
K02160	728_1	1	1	1									SCFA (propionate)
K02160	72_1	6	6	1									SCFA (propionate)
K02160	731_1	11	11	1	-2.04871525105564	0.00496405451323191	Bacillota	Clostridia	Lachnospirales	Lachnospiraceae	CAG-194	CAG-194 sp000432915	SCFA (propionate)
K02160	733_1	7	13	0.538461538461538	-1.89879920477747	0.0442997574675555	Bacillota	Clostridia	Lachnospirales	Lachnospiraceae	Suilimivivens	Suilimivivens sp000438155	SCFA (propionate)
K02160	734_1	1	1	1									SCFA (propionate)
K02160	735_1	3	3	1									SCFA (propionate)
K02160	736_1	78	91	0.857142857142857	0.136674458664275	0.814141225401884	Bacillota	Clostridia	Lachnospirales	Lachnospiraceae	Coprococcus_A	Coprococcus_A intestinihominis	SCFA (propionate)
K02160	736_2	13	14	0.928571428571429	-0.240745877707547	0.763601773509143	Bacillota	Clostridia	Lachnospirales	Lachnospiraceae	Coprococcus_A	Coprococcus_A catus	SCFA (propionate)
K02160	738_1	8	8	1									SCFA (propionate)
K02160	739_1	6	14	0.428571428571429	-0.699920988415974	0.0388195187070003	Bacillota	Clostridia	Lachnospirales	Lachnospiraceae	Suilimivivens	Suilimivivens aceti	SCFA (propionate)
K02160	73_1	1	1	1									SCFA (propionate)
K02160	740_1	47	50	0.94	-0.531652049514189	0.524694664837246	Bacillota	Clostridia	Lachnospirales	Lachnospiraceae	UBA3402	UBA3402 sp003478355	SCFA (propionate)
K02160	740_2	1	1	1									SCFA (propionate)
K02160	741_1	4	4	1									SCFA (propionate)
K02160	742_1	34	35	0.971428571428571	0.261407436398267	0.654951089379597	Bacillota	Clostridia	Lachnospirales	Lachnospiraceae	Otoolea	Otoolea sp000435655	SCFA (propionate)
K02160	743_1	1	1	1									SCFA (propionate)
K02160	743_2	1	1	1									SCFA (propionate)
K02160	744_1	16	17	0.941176470588235	0.409466631563058	0.498146507310334	Bacillota	Clostridia	Lachnospirales	Lachnospiraceae	Brotaphodocola	Brotaphodocola sp900538475	SCFA (propionate)
K02160	744_2	1	1	1									SCFA (propionate)
K02160	745_1	9	9	1									SCFA (propionate)
K02160	746_1	2	2	1									SCFA (propionate)
K02160	747_1	1	1	1									SCFA (propionate)
K02160	747_2	3	3	1									SCFA (propionate)
K02160	747_3	4	4	1									SCFA (propionate)
K02160	748_1	34	39	0.871794871794872	-0.789974310512618	0.132634441365631	Bacillota	Clostridia	Lachnospirales	Lachnospiraceae	Brotaphodocola	Brotaphodocola sp003480315	SCFA (propionate)
K02160	748_2	16	17	0.941176470588235	-0.257033069994511	0.621007671806081	Bacillota	Clostridia	Lachnospirales	Lachnospiraceae	Brotaphodocola	Brotaphodocola sp003478505	SCFA (propionate)
K02160	748_3	1	1	1									SCFA (propionate)
K02160	750_1	22	23	0.956521739130435	0.0750243767748776	0.935556466053977	Bacillota	Clostridia	Lachnospirales	Lachnospiraceae	Alitiscatomonas	Alitiscatomonas aceti	SCFA (propionate)
K02160	751_1	2	2	1									SCFA (propionate)
K02160	752_1	118	124	0.951612903225806	0.503170989056048	0.24030078660895	Bacillota	Clostridia	Lachnospirales	Lachnospiraceae	Pilosibacter	Pilosibacter fragilis	SCFA (propionate)
K02160	752_2	16	19	0.842105263157895	-0.694497039462135	0.269478383177635	Bacillota	Clostridia	Lachnospirales	Lachnospiraceae	Pilosibacter	Pilosibacter sp900066785	SCFA (propionate)
K02160	752_3	4	5	0.8									SCFA (propionate)
K02160	753_1	6	6	1									SCFA (propionate)
K02160	754_1	3	3	1									SCFA (propionate)
K02160	754_2	2	2	1									SCFA (propionate)
K02160	755_1	3	3	1									SCFA (propionate)
K02160	756_1	100	109	0.91743119266055	0.201675598319069	0.72237476333877	Bacillota	Clostridia	Lachnospirales	Lachnospiraceae	Enterocloster	Enterocloster sp000431375	SCFA (propionate)
K02160	756_2	24	27	0.888888888888889	-1.29505069239	0.0209923087006977	Bacillota	Clostridia	Lachnospirales	Lachnospiraceae	Enterocloster	Enterocloster sp900541315	SCFA (propionate)
K02160	756_3	1	1	1									SCFA (propionate)
K02160	757_1	2	2	1									SCFA (propionate)
K02160	758_1	56	60	0.933333333333333	0.793121393333542	0.0436629946280636	Bacillota	Clostridia	Lachnospirales	Lachnospiraceae	Enterocloster	Enterocloster sp001517625	SCFA (propionate)
K02160	759_1	6	6	1									SCFA (propionate)
K02160	760_1	19	22	0.863636363636364	0.0368994370031712	0.982138997559126	Bacillota	Clostridia	Lachnospirales	Lachnospiraceae	Enterocloster	Enterocloster bolteae	SCFA (propionate)
K02160	760_2	2	2	1									SCFA (propionate)
K02160	763_1	3	5	0.6									SCFA (propionate)
K02160	764_1	4	4	1									SCFA (propionate)
K02160	765_1	1	1	1									SCFA (propionate)
K02160	768_1	8	10	0.8	-0.701307921547448	0.447459765061962	Bacillota	Clostridia	Oscillospirales	Oscillospiraceae	Pseudoscillospira	Pseudoscillospira sp018369915	SCFA (propionate)
K02160	772_1	1	2	0.5									SCFA (propionate)
K02160	774_1	1	1	1									SCFA (propionate)
K02160	77_1	1	2	0.5									SCFA (propionate)
K02160	795_1	3	4	0.75									SCFA (propionate)
K02160	796_1	26	30	0.866666666666667	-1.23795906092458	0.0100451692473277	Bacillota	Clostridia	Oscillospirales	Oscillospiraceae	Oscillibacter	Oscillibacter faecalis_A	SCFA (propionate)
K02160	797_1	4	6	0.666666666666667									SCFA (propionate)
K02160	798_1	4	7	0.571428571428571									SCFA (propionate)
K02160	798_2	1	1	1									SCFA (propionate)
K02160	799_1	53	74	0.716216216216216	-0.776853759802547	0.120516227904004	Bacillota	Clostridia	Oscillospirales	Oscillospiraceae	Oscillibacter	Oscillibacter segnis	SCFA (propionate)
K02160	79_1	2	3	0.666666666666667									SCFA (propionate)
K02160	801_1	4	5	0.8									SCFA (propionate)
K02160	803_1	66	72	0.916666666666667	0.411982190890581	0.283570468563814	Bacillota	Clostridia	Oscillospirales	Oscillospiraceae	Oscillibacter	Oscillibacter welbionis	SCFA (propionate)
K02160	804_1	3	3	1									SCFA (propionate)
K02160	804_2	2	2	1									SCFA (propionate)
K02160	807_1	1	1	1									SCFA (propionate)
K02160	810_1	2	2	1									SCFA (propionate)
K02160	811_1	1	1	1									SCFA (propionate)
K02160	812_1	1	1	1									SCFA (propionate)
K02160	813_1	1	1	1									SCFA (propionate)
K02160	815_1	22	24	0.916666666666667	-0.182268885487624	0.82219849779642	Bacillota	Clostridia	Oscillospirales	Oscillospiraceae	Evtepia	Evtepia sp004556345	SCFA (propionate)
K02160	816_1	42	58	0.724137931034483	0.235566730641866	0.699329897153679	Bacillota	Clostridia	Oscillospirales	Oscillospiraceae	Evtepia	Evtepia gabavorous	SCFA (propionate)
K02160	817_1	9	11	0.818181818181818	-0.253496602763489	0.711876656380579	Bacillota	Clostridia	Oscillospirales	Oscillospiraceae	Evtepia	Evtepia excrementipullorum	SCFA (propionate)
K02160	818_1	1	1	1									SCFA (propionate)
K02160	819_1	1	1	1									SCFA (propionate)
K02160	81_1	48	50	0.96	-0.799783575649938	0.140691791141007	Bacillota	Bacilli	Lactobacillales	Lactobacillaceae	Ligilactobacillus	Ligilactobacillus ruminis	SCFA (propionate)
K02160	820_1	1	1	1									SCFA (propionate)
K02160	821_1	1	1	1									SCFA (propionate)
K02160	822_1	2	2	1									SCFA (propionate)
K02160	823_1	3	4	0.75									SCFA (propionate)
K02160	824_1	68	76	0.894736842105263	0.738462596010375	0.0209391090362036	Bacillota	Clostridia	Oscillospirales	Oscillospiraceae	Flavonifractor	Flavonifractor plautii	SCFA (propionate)
K02160	825_1	1	1	1									SCFA (propionate)
K02160	826_1	1	1	1									SCFA (propionate)
K02160	827_1	4	5	0.8									SCFA (propionate)
K02160	828_1	2	4	0.5									SCFA (propionate)
K02160	829_1	2	3	0.666666666666667									SCFA (propionate)
K02160	82_1	4	5	0.8									SCFA (propionate)
K02160	830_1	15	15	1	-0.0375926652935947	0.960890051163765	Bacillota	Clostridia	Oscillospirales	Oscillospiraceae	Lawsonibacter	Lawsonibacter sp900549405	SCFA (propionate)
K02160	830_2	3	3	1									SCFA (propionate)
K02160	831_1	40	44	0.909090909090909	-0.131533534047394	0.856229299656494	Bacillota	Clostridia	Oscillospirales	Oscillospiraceae	Lawsonibacter	Lawsonibacter asaccharolyticus	SCFA (propionate)
K02160	832_1	28	29	0.96551724137931	0.456055836466899	0.494786812266898	Bacillota	Clostridia	Oscillospirales	Oscillospiraceae	Lawsonibacter	Lawsonibacter sp900066825	SCFA (propionate)
K02160	832_2	1	1	1									SCFA (propionate)
K02160	833_1	1	1	1									SCFA (propionate)
K02160	834_1	4	5	0.8									SCFA (propionate)
K02160	837_1	7	7	1									SCFA (propionate)
K02160	838_1	1	1	1									SCFA (propionate)
K02160	83_1	5	5	1									SCFA (propionate)
K02160	84_1	22	22	1	0.263807059614161	0.688715015596133	Bacillota	Bacilli	Lactobacillales	Lactobacillaceae	Weissella	Weissella cibaria	SCFA (propionate)
K02160	850_1	1	1	1									SCFA (propionate)
K02160	854_1	1	2	0.5									SCFA (propionate)
K02160	855_1	15	21	0.714285714285714	-0.324603796938809	0.642074806786418	Bacillota	Clostridia	Oscillospirales	Oscillospiraceae	CAG-170	CAG-170 sp900553545	SCFA (propionate)
K02160	855_2	1	1	1									SCFA (propionate)
K02160	85_1	2	2	1									SCFA (propionate)
K02160	86_1	1	1	1									SCFA (propionate)
K02160	875_1	1	1	1									SCFA (propionate)
K02160	878_1	1	1	1									SCFA (propionate)
K02160	87_1	5	5	1									SCFA (propionate)
K02160	88_1	5	5	1									SCFA (propionate)
K02160	89_1	7	9	0.777777777777778									SCFA (propionate)
K02160	8_1	1	2	0.5									SCFA (propionate)
K02160	904_1	1	1	1									SCFA (propionate)
K02160	905_1	1	1	1									SCFA (propionate)
K02160	906_1	7	9	0.777777777777778									SCFA (propionate)
K02160	909_1	1	1	1									SCFA (propionate)
K02160	909_2	1	1	1									SCFA (propionate)
K02160	90_1	1	2	0.5									SCFA (propionate)
K02160	910_1	82	88	0.931818181818182	0.473047598612671	0.304583391340693	Pseudomonadota	Gammaproteobacteria	Enterobacterales	Enterobacteriaceae	Escherichia	Escherichia coli	SCFA (propionate)
K02160	911_1	1	1	1									SCFA (propionate)
K02160	912_1	3	3	1									SCFA (propionate)
K02160	913_1	4	4	1									SCFA (propionate)
K02160	913_2	1	1	1									SCFA (propionate)
K02160	913_3	1	1	1									SCFA (propionate)
K02160	914_1	4	5	0.8									SCFA (propionate)
K02160	915_1	3	3	1									SCFA (propionate)
K02160	915_2	4	4	1									SCFA (propionate)
K02160	915_3	36	36	1	0.134378032138443	0.917709957555471	Pseudomonadota	Gammaproteobacteria	Enterobacterales	Enterobacteriaceae	Klebsiella	Klebsiella pneumoniae	SCFA (propionate)
K02160	916_1	1	1	1									SCFA (propionate)
K02160	918_1	7	8	0.875									SCFA (propionate)
K02160	919_1	2	3	0.666666666666667									SCFA (propionate)
K02160	91_1	1	1	1									SCFA (propionate)
K02160	924_1	2	3	0.666666666666667									SCFA (propionate)
K02160	928_1	6	16	0.375	-0.412721012501429	0.313508405541162	Bacillota	Clostridia	Peptostreptococcales	Anaerovoracaceae	CAG-238	CAG-238 sp900551415	SCFA (propionate)
K02160	928_2	10	13	0.769230769230769	-1.09938580695589	0.0623596104399875	Bacillota	Clostridia	Peptostreptococcales	Anaerovoracaceae	CAG-238	CAG-238 sp900542245	SCFA (propionate)
K02160	928_3	1	1	1									SCFA (propionate)
K02160	929_1	2	2	1									SCFA (propionate)
K02160	929_2	5	7	0.714285714285714									SCFA (propionate)
K02160	933_1	5	6	0.833333333333333									SCFA (propionate)
K02160	937_1	11	13	0.846153846153846	-0.241923571364727	0.688715015596133	Verrucomicrobiota	Lentisphaeria	Victivallales	UBA1829	UBA11452	UBA11452 sp003526375	SCFA (propionate)
K02160	939_1	13	13	1	-0.582476799143684	0.274924252877668	Pseudomonadota	Gammaproteobacteria	Burkholderiales	Burkholderiaceae	Mesosutterella	Mesosutterella multiformis	SCFA (propionate)
K02160	939_2	1	1	1									SCFA (propionate)
K02160	93_1	8	8	1									SCFA (propionate)
K02160	940_1	1	1	1									SCFA (propionate)
K02160	941_1	1	1	1									SCFA (propionate)
K02160	942_1	4	6	0.666666666666667									SCFA (propionate)
K02160	943_1	1	1	1									SCFA (propionate)
K02160	944_1	1	1	1									SCFA (propionate)
K02160	946_1	4	4	1									SCFA (propionate)
K02160	947_1	1	1	1									SCFA (propionate)
K02160	948_1	11	11	1	-0.0979922819887544	0.92352297586185	Pseudomonadota	Alphaproteobacteria	RF32	CAG-239	Scatocola	Scatocola faecipullorum	SCFA (propionate)
K02160	949_1	2	2	1									SCFA (propionate)
K02160	957_1	3	3	1									SCFA (propionate)
K02160	97_1	6	6	1									SCFA (propionate)
K02160	98_1	1	1	1									SCFA (propionate)
K02160	99_1	6	7	0.857142857142857									SCFA (propionate)
K02160	9_1	4	4	1									SCFA (propionate)
K02535	100_1	1	1	1									LPS / endotoxin
K02535	100_2	9	9	1									LPS / endotoxin
K02535	101_1	1	1	1									LPS / endotoxin
K02535	102_1	1	1	1									LPS / endotoxin
K02535	10_1	1	1	1									LPS / endotoxin
K02535	155_1	1	1	1									LPS / endotoxin
K02535	17_1	2	2	1									LPS / endotoxin
K02535	18_1	1	1	1									LPS / endotoxin
K02535	191_1	2	2	1									LPS / endotoxin
K02535	19_1	1	1	1									LPS / endotoxin
K02535	21_1	2	2	1									LPS / endotoxin
K02535	224_1	7	7	1									LPS / endotoxin
K02535	224_2	2	5	0.4									LPS / endotoxin
K02535	225_1	3	4	0.75									LPS / endotoxin
K02535	226_1	1	1	1									LPS / endotoxin
K02535	26_1	5	5	1									LPS / endotoxin
K02535	27_1	103	106	0.971698113207547	0.813502492465311	0.0163572745565952	Pseudomonadota	Gammaproteobacteria	Burkholderiales	Burkholderiaceae	Sutterella	Sutterella wadsworthensis	LPS / endotoxin
K02535	289_1	4	4	1									LPS / endotoxin
K02535	28_1	21	21	1	-0.0361969092085721	0.97895269557244	Pseudomonadota	Gammaproteobacteria	Burkholderiales	Burkholderiaceae	Sutterella	Sutterella faecalis	LPS / endotoxin
K02535	28_2	4	8	0.5									LPS / endotoxin
K02535	290_1	1	1	1									LPS / endotoxin
K02535	291_1	1	1	1									LPS / endotoxin
K02535	29_1	70	70	1	0.159382912070147	0.86402450234671	Pseudomonadota	Gammaproteobacteria	Burkholderiales	Burkholderiaceae	Sutterella	Sutterella wadsworthensis_A	LPS / endotoxin
K02535	2_1	2	2	1									LPS / endotoxin
K02535	305_1	2	3	0.666666666666667									LPS / endotoxin
K02535	306_1	119	126	0.944444444444444	0.665519920437379	0.139287301659451	Desulfobacterota_I	Desulfovibrionia	Desulfovibrionales	Desulfovibrionaceae	Bilophila	Bilophila wadsworthia	LPS / endotoxin
K02535	306_2	2	2	1									LPS / endotoxin
K02535	307_1	1	1	1									LPS / endotoxin
K02535	308_1	22	22	1	-0.580671708932085	0.202403431596351	Bacillota	Negativicutes	Acidaminococcales	Acidaminococcaceae	Phascolarctobacterium_A	Phascolarctobacterium_A succinatutens_B	LPS / endotoxin
K02535	308_2	20	20	1	0.440436698597377	0.497154177267794	Bacillota	Negativicutes	Acidaminococcales	Acidaminococcaceae	Phascolarctobacterium_A	Phascolarctobacterium_A succinatutens	LPS / endotoxin
K02535	309_1	1	1	1									LPS / endotoxin
K02535	30_1	1	1	1									LPS / endotoxin
K02535	310_1	3	3	1									LPS / endotoxin
K02535	311_1	67	67	1	0.0438679682441734	0.954071520793628	Bacillota	Negativicutes	Acidaminococcales	Acidaminococcaceae	Phascolarctobacterium	Phascolarctobacterium faecium	LPS / endotoxin
K02535	312_1	1	1	1									LPS / endotoxin
K02535	313_1	1	1	1									LPS / endotoxin
K02535	31_1	1	1	1									LPS / endotoxin
K02535	32_1	1	1	1									LPS / endotoxin
K02535	33_1	9	9	1									LPS / endotoxin
K02535	34_1	3	3	1									LPS / endotoxin
K02535	35_1	1	1	1									LPS / endotoxin
K02535	36_1	1	1	1									LPS / endotoxin
K02535	37_1	1	1	1									LPS / endotoxin
K02535	38_1	1	1	1									LPS / endotoxin
K02535	39_1	11	12	0.916666666666667	-1.59593253056797	0.0503680321304428	Pseudomonadota	Gammaproteobacteria	Burkholderiales	Burkholderiaceae	Duodenibacillus	Duodenibacillus sp900544335	LPS / endotoxin
K02535	40_1	41	42	0.976190476190476	0.203893836581251	0.833102298794183	Pseudomonadota	Gammaproteobacteria	Burkholderiales	Burkholderiaceae	Parasutterella	Parasutterella excrementihominis	LPS / endotoxin
K02535	40_2	32	33	0.96969696969697	-0.188519900743662	0.757559086992637	Pseudomonadota	Gammaproteobacteria	Burkholderiales	Burkholderiaceae	Parasutterella	Parasutterella gallistercoris	LPS / endotoxin
K02535	40_3	2	2	1									LPS / endotoxin
K02535	40_4	1	1	1									LPS / endotoxin
K02535	41_1	3	3	1									LPS / endotoxin
K02535	42_1	3	3	1									LPS / endotoxin
K02535	42_2	5	6	0.833333333333333									LPS / endotoxin
K02535	43_1	1	1	1									LPS / endotoxin
K02535	44_1	18	18	1	-0.456509804402735	0.844475629302577	Pseudomonadota	Gammaproteobacteria	Burkholderiales	Burkholderiaceae	Duodenibacillus	Duodenibacillus massiliensis	LPS / endotoxin
K02535	45_1	4	4	1									LPS / endotoxin
K02535	484_1	8	8	1									LPS / endotoxin
K02535	485_1	12	12	1	0.569670196723303	0.379903512754518	Bacillota	Negativicutes	Veillonellales	Veillonellaceae	Veillonella	Veillonella parvula_A	LPS / endotoxin
K02535	485_2	1	1	1									LPS / endotoxin
K02535	486_1	13	14	0.928571428571429	-0.520328170491622	0.212836289515412	Bacillota	Negativicutes	Veillonellales	Veillonellaceae	Veillonella	Veillonella infantium_A	LPS / endotoxin
K02535	486_14	1	1	1									LPS / endotoxin
K02535	486_15	1	1	1									LPS / endotoxin
K02535	486_2	1	1	1									LPS / endotoxin
K02535	486_3	2	2	1									LPS / endotoxin
K02535	486_4	1	1	1									LPS / endotoxin
K02535	486_5	1	1	1									LPS / endotoxin
K02535	486_6	1	1	1									LPS / endotoxin
K02535	486_7	1	1	1									LPS / endotoxin
K02535	486_9	1	1	1									LPS / endotoxin
K02535	50_1	2	2	1									LPS / endotoxin
K02535	510_1	47	48	0.979166666666667	-0.0908642551778141	0.927175507808937	Bacillota	Negativicutes	Selenomonadales	Selenomonadaceae	Mitsuokella	Mitsuokella jalaludinii	LPS / endotoxin
K02535	510_2	5	5	1									LPS / endotoxin
K02535	511_1	1	1	1									LPS / endotoxin
K02535	519_1	59	60	0.983333333333333	0.0375351107002946	0.982138997559126	Bacillota	Negativicutes	Selenomonadales	Selenomonadaceae	Megamonas	Megamonas funiformis	LPS / endotoxin
K02535	51_1	8	8	1									LPS / endotoxin
K02535	52_1	1	1	1									LPS / endotoxin
K02535	537_1	7	7	1									LPS / endotoxin
K02535	538_1	3	3	1									LPS / endotoxin
K02535	539_1	10	11	0.909090909090909	0.131522587006985	0.869091839001416	Bacillota	Negativicutes	Veillonellales	Megasphaeraceae	Caecibacter	Caecibacter massiliensis	LPS / endotoxin
K02535	53_1	1	1	1									LPS / endotoxin
K02535	540_1	1	1	1									LPS / endotoxin
K02535	541_1	7	7	1									LPS / endotoxin
K02535	541_2	29	30	0.966666666666667	-0.136009261813823	0.857598970815532	Bacillota	Negativicutes	Veillonellales	Megasphaeraceae	Megasphaera	Megasphaera elsdenii	LPS / endotoxin
K02535	542_1	6	6	1									LPS / endotoxin
K02535	542_2	1	1	1									LPS / endotoxin
K02535	543_1	1	1	1									LPS / endotoxin
K02535	544_1	35	39	0.897435897435897	-0.0967301142717485	0.906956554086696	Bacillota	Negativicutes	Veillonellales	Dialisteraceae	Dialister	Dialister invisus	LPS / endotoxin
K02535	545_1	7	8	0.875									LPS / endotoxin
K02535	546_1	28	28	1	-0.0201495689243513	0.986364952381606	Bacillota	Negativicutes	Veillonellales	Dialisteraceae	Dialister	Dialister hominis	LPS / endotoxin
K02535	547_1	24	24	1	-0.600102042337062	0.210717481829925	Bacillota	Negativicutes	Veillonellales	Dialisteraceae	Dialister	Dialister sp000434475	LPS / endotoxin
K02535	548_1	2	2	1									LPS / endotoxin
K02535	549_1	11	11	1	0.236742646516818	0.692843369608951	Bacillota	Negativicutes	Veillonellales	Dialisteraceae	Dialister	Dialister sp002320515	LPS / endotoxin
K02535	549_2	27	27	1	-1.10074330334457	0.0867577302918209	Bacillota	Negativicutes	Veillonellales	Dialisteraceae	Dialister	Dialister succinatiphilus	LPS / endotoxin
K02535	54_1	3	3	1									LPS / endotoxin
K02535	55_1	2	2	1									LPS / endotoxin
K02535	56_1	1	1	1									LPS / endotoxin
K02535	58_1	1	1	1									LPS / endotoxin
K02535	59_1	2	3	0.666666666666667									LPS / endotoxin
K02535	60_1	3	3	1									LPS / endotoxin
K02535	60_11	1	1	1									LPS / endotoxin
K02535	60_12	1	2	0.5									LPS / endotoxin
K02535	60_13	1	1	1									LPS / endotoxin
K02535	60_16	1	1	1									LPS / endotoxin
K02535	60_17	1	1	1									LPS / endotoxin
K02535	60_18	1	1	1									LPS / endotoxin
K02535	60_2	17	19	0.894736842105263	-0.704720195035236	0.222688071753967	Pseudomonadota	Gammaproteobacteria	Enterobacterales	Pasteurellaceae	Haemophilus_D	Haemophilus_D sp905205995	LPS / endotoxin
K02535	60_20	1	1	1									LPS / endotoxin
K02535	60_3	3	3	1									LPS / endotoxin
K02535	60_4	2	2	1									LPS / endotoxin
K02535	60_5	3	3	1									LPS / endotoxin
K02535	60_6	5	5	1									LPS / endotoxin
K02535	60_7	1	1	1									LPS / endotoxin
K02535	60_8	2	2	1									LPS / endotoxin
K02535	61_1	1	1	1									LPS / endotoxin
K02535	653_1	4	4	1									LPS / endotoxin
K02535	654_1	2	2	1									LPS / endotoxin
K02535	74_1	1	1	1									LPS / endotoxin
K02535	8_1	2	2	1									LPS / endotoxin
K02535	900_1	3	3	1									LPS / endotoxin
K02535	904_1	1	1	1									LPS / endotoxin
K02535	905_1	1	1	1									LPS / endotoxin
K02535	908_1	1	1	1									LPS / endotoxin
K02535	909_1	1	1	1									LPS / endotoxin
K02535	910_1	84	88	0.954545454545455	0.473047598612671	0.304583391340693	Pseudomonadota	Gammaproteobacteria	Enterobacterales	Enterobacteriaceae	Escherichia	Escherichia coli	LPS / endotoxin
K02535	911_1	1	1	1									LPS / endotoxin
K02535	912_1	2	3	0.666666666666667									LPS / endotoxin
K02535	913_1	4	4	1									LPS / endotoxin
K02535	913_2	1	1	1									LPS / endotoxin
K02535	913_3	1	1	1									LPS / endotoxin
K02535	914_1	4	5	0.8									LPS / endotoxin
K02535	915_1	3	3	1									LPS / endotoxin
K02535	915_2	4	4	1									LPS / endotoxin
K02535	915_3	35	36	0.972222222222222	0.134378032138443	0.917709957555471	Pseudomonadota	Gammaproteobacteria	Enterobacterales	Enterobacteriaceae	Klebsiella	Klebsiella pneumoniae	LPS / endotoxin
K02535	916_1	1	1	1									LPS / endotoxin
K02535	932_1	2	2	1									LPS / endotoxin
K02535	933_1	5	6	0.833333333333333									LPS / endotoxin
K02535	934_1	10	11	0.909090909090909	-0.41931158710435	0.699473689670921	Verrucomicrobiota	Lentisphaeria	Victivallales	Victivallaceae	Victivallis	Victivallis lenta	LPS / endotoxin
K02535	935_1	1	1	1									LPS / endotoxin
K02535	936_1	2	2	1									LPS / endotoxin
K02535	937_1	13	13	1	-0.241923571364727	0.688715015596133	Verrucomicrobiota	Lentisphaeria	Victivallales	UBA1829	UBA11452	UBA11452 sp003526375	LPS / endotoxin
K02535	939_1	13	13	1	-0.582476799143684	0.274924252877668	Pseudomonadota	Gammaproteobacteria	Burkholderiales	Burkholderiaceae	Mesosutterella	Mesosutterella multiformis	LPS / endotoxin
K02535	939_2	1	1	1									LPS / endotoxin
K02535	940_1	1	1	1									LPS / endotoxin
K02535	941_1	1	1	1									LPS / endotoxin
K02535	942_1	4	6	0.666666666666667									LPS / endotoxin
K02535	943_1	1	1	1									LPS / endotoxin
K02535	944_1	1	1	1									LPS / endotoxin
K02535	946_1	4	4	1									LPS / endotoxin
K02535	947_1	1	1	1									LPS / endotoxin
K02535	948_1	10	11	0.909090909090909	-0.0979922819887544	0.92352297586185	Pseudomonadota	Alphaproteobacteria	RF32	CAG-239	Scatocola	Scatocola faecipullorum	LPS / endotoxin
K02535	949_1	2	2	1									LPS / endotoxin
K02535	97_1	5	6	0.833333333333333									LPS / endotoxin
K02535	98_1	1	1	1									LPS / endotoxin
K02535	99_1	7	7	1									LPS / endotoxin
K02535	9_1	4	4	1									LPS / endotoxin
K03074	100_1	1	1	1									Bacterial secretion
K03074	100_2	9	9	1									Bacterial secretion
K03074	101_1	1	1	1									Bacterial secretion
K03074	102_1	1	1	1									Bacterial secretion
K03074	1033_1	1	1	1									Bacterial secretion
K03074	103_1	1	1	1									Bacterial secretion
K03074	1050_1	1	1	1									Bacterial secretion
K03074	1063_1	1	2	0.5									Bacterial secretion
K03074	1063_2	1	1	1									Bacterial secretion
K03074	1063_3	1	1	1									Bacterial secretion
K03074	1064_1	1	1	1									Bacterial secretion
K03074	1065_1	1	1	1									Bacterial secretion
K03074	1067_1	19	20	0.95	0.0692668402219812	0.937837942512275	Actinomycetota	Coriobacteriia	Coriobacteriales	Atopobiaceae	Paratractidigestivibacter	Paratractidigestivibacter faecalis	Bacterial secretion
K03074	1076_1	3	4	0.75									Bacterial secretion
K03074	1077_1	1	1	1									Bacterial secretion
K03074	1096_1	4	6	0.666666666666667									Bacterial secretion
K03074	1096_2	1	1	1									Bacterial secretion
K03074	1096_3	1	1	1									Bacterial secretion
K03074	1096_4	3	4	0.75									Bacterial secretion
K03074	1096_5	1	1	1									Bacterial secretion
K03074	1096_6	1	1	1									Bacterial secretion
K03074	10_1	1	1	1									Bacterial secretion
K03074	133_1	1	1	1									Bacterial secretion
K03074	134_1	1	1	1									Bacterial secretion
K03074	15_1	6	6	1									Bacterial secretion
K03074	163_1	1	2	0.5									Bacterial secretion
K03074	171_1	3	3	1									Bacterial secretion
K03074	17_1	1	2	0.5									Bacterial secretion
K03074	188_1	2	2	1									Bacterial secretion
K03074	189_1	1	2	0.5									Bacterial secretion
K03074	18_1	1	1	1									Bacterial secretion
K03074	191_1	1	2	0.5									Bacterial secretion
K03074	192_1	3	4	0.75									Bacterial secretion
K03074	193_1	1	1	1									Bacterial secretion
K03074	194_1	2	2	1									Bacterial secretion
K03074	194_2	1	1	1									Bacterial secretion
K03074	194_3	1	1	1									Bacterial secretion
K03074	194_4	1	1	1									Bacterial secretion
K03074	196_1	1	1	1									Bacterial secretion
K03074	197_1	1	1	1									Bacterial secretion
K03074	206_1	2	2	1									Bacterial secretion
K03074	20_1	1	1	1									Bacterial secretion
K03074	219_1	1	2	0.5									Bacterial secretion
K03074	21_1	1	2	0.5									Bacterial secretion
K03074	220_1	1	1	1									Bacterial secretion
K03074	224_1	6	7	0.857142857142857									Bacterial secretion
K03074	224_2	5	5	1									Bacterial secretion
K03074	225_1	3	4	0.75									Bacterial secretion
K03074	226_1	1	1	1									Bacterial secretion
K03074	228_1	2	2	1									Bacterial secretion
K03074	229_1	8	12	0.666666666666667	-0.207473561773505	0.716644473768369	Bacillota	Clostridia	Christensenellales	Aristaeellaceae	Limiplasma	Limiplasma sp900548145	Bacterial secretion
K03074	232_1	1	1	1									Bacterial secretion
K03074	235_1	6	6	1									Bacterial secretion
K03074	236_1	4	6	0.666666666666667									Bacterial secretion
K03074	237_1	1	1	1									Bacterial secretion
K03074	238_1	1	1	1									Bacterial secretion
K03074	239_1	3	4	0.75									Bacterial secretion
K03074	240_1	1	1	1									Bacterial secretion
K03074	241_1	1	1	1									Bacterial secretion
K03074	242_1	9	12	0.75	-1.80635054857245	0.0940957035536014	Bacillota	Clostridia	Oscillospirales	Acutalibacteraceae	UMGS856	UMGS856 sp900546265	Bacterial secretion
K03074	244_1	2	2	1									Bacterial secretion
K03074	245_1	1	2	0.5									Bacterial secretion
K03074	247_1	3	3	1									Bacterial secretion
K03074	248_1	1	1	1									Bacterial secretion
K03074	255_1	35	52	0.673076923076923	0.283093937398622	0.690814022366494	Bacillota	Clostridia	Oscillospirales	Ruminococcaceae	Ruthenibacterium	Ruthenibacterium lactatiformans	Bacterial secretion
K03074	259_1	4	4	1									Bacterial secretion
K03074	262_1	14	14	1	-0.795661344060123	0.378001205993654	Bacillota	Clostridia	Oscillospirales	Acutalibacteraceae	Clostridium_A	Clostridium_A leptum	Bacterial secretion
K03074	266_1	8	8	1									Bacterial secretion
K03074	267_1	1	1	1									Bacterial secretion
K03074	26_1	5	5	1									Bacterial secretion
K03074	270_1	3	3	1									Bacterial secretion
K03074	271_1	3	3	1									Bacterial secretion
K03074	272_1	19	25	0.76	-0.464772598582986	0.366970584236817	Bacillota	Clostridia	Oscillospirales	Acutalibacteraceae	UBA737	UBA737 sp900549055	Bacterial secretion
K03074	272_2	7	9	0.777777777777778									Bacterial secretion
K03074	272_3	1	1	1									Bacterial secretion
K03074	273_1	2	3	0.666666666666667									Bacterial secretion
K03074	274_1	1	1	1									Bacterial secretion
K03074	276_1	6	6	1									Bacterial secretion
K03074	27_1	101	106	0.952830188679245	0.813502492465311	0.0163572745565952	Pseudomonadota	Gammaproteobacteria	Burkholderiales	Burkholderiaceae	Sutterella	Sutterella wadsworthensis	Bacterial secretion
K03074	284_1	1	1	1									Bacterial secretion
K03074	289_1	3	4	0.75									Bacterial secretion
K03074	28_1	14	21	0.666666666666667	-0.0361969092085721	0.97895269557244	Pseudomonadota	Gammaproteobacteria	Burkholderiales	Burkholderiaceae	Sutterella	Sutterella faecalis	Bacterial secretion
K03074	28_2	7	8	0.875									Bacterial secretion
K03074	290_1	1	1	1									Bacterial secretion
K03074	291_1	1	1	1									Bacterial secretion
K03074	292_1	2	4	0.5									Bacterial secretion
K03074	293_1	1	1	1									Bacterial secretion
K03074	294_1	8	9	0.888888888888889									Bacterial secretion
K03074	294_2	1	1	1									Bacterial secretion
K03074	295_1	5	5	1									Bacterial secretion
K03074	296_1	1	1	1									Bacterial secretion
K03074	297_1	1	1	1									Bacterial secretion
K03074	298_1	1	1	1									Bacterial secretion
K03074	299_1	2	2	1									Bacterial secretion
K03074	29_1	70	70	1	0.159382912070147	0.86402450234671	Pseudomonadota	Gammaproteobacteria	Burkholderiales	Burkholderiaceae	Sutterella	Sutterella wadsworthensis_A	Bacterial secretion
K03074	2_1	2	2	1									Bacterial secretion
K03074	300_2	1	1	1									Bacterial secretion
K03074	301_1	3	3	1									Bacterial secretion
K03074	302_1	4	8	0.5									Bacterial secretion
K03074	303_1	7	14	0.5	-0.729710925062759	0.163423091828184	Bacillota	Clostridia	Christensenellales	Aristaeellaceae	Ventricola	Ventricola sp900542445	Bacterial secretion
K03074	304_1	20	29	0.689655172413793	-1.05694439057469	0.15003989299863	Bacillota	Clostridia	Christensenellales	Aristaeellaceae	Ventricola	Ventricola sp900542395	Bacterial secretion
K03074	305_1	3	3	1									Bacterial secretion
K03074	306_1	119	126	0.944444444444444	0.665519920437379	0.139287301659451	Desulfobacterota_I	Desulfovibrionia	Desulfovibrionales	Desulfovibrionaceae	Bilophila	Bilophila wadsworthia	Bacterial secretion
K03074	306_2	2	2	1									Bacterial secretion
K03074	307_1	1	1	1									Bacterial secretion
K03074	308_1	17	22	0.772727272727273	-0.580671708932085	0.202403431596351	Bacillota	Negativicutes	Acidaminococcales	Acidaminococcaceae	Phascolarctobacterium_A	Phascolarctobacterium_A succinatutens_B	Bacterial secretion
K03074	308_2	20	20	1	0.440436698597377	0.497154177267794	Bacillota	Negativicutes	Acidaminococcales	Acidaminococcaceae	Phascolarctobacterium_A	Phascolarctobacterium_A succinatutens	Bacterial secretion
K03074	309_1	1	1	1									Bacterial secretion
K03074	30_1	1	1	1									Bacterial secretion
K03074	310_1	3	3	1									Bacterial secretion
K03074	311_1	66	67	0.985074626865672	0.0438679682441734	0.954071520793628	Bacillota	Negativicutes	Acidaminococcales	Acidaminococcaceae	Phascolarctobacterium	Phascolarctobacterium faecium	Bacterial secretion
K03074	312_1	1	1	1									Bacterial secretion
K03074	313_1	1	1	1									Bacterial secretion
K03074	314_1	40	47	0.851063829787234	-0.924306695451911	0.218493065803885	Bacillota	Clostridia	Christensenellales	Aristaeellaceae	UBA11524	UBA11524 sp000437595	Bacterial secretion
K03074	315_1	3	4	0.75									Bacterial secretion
K03074	317_1	2	2	1									Bacterial secretion
K03074	319_1	1	4	0.25									Bacterial secretion
K03074	31_1	1	1	1									Bacterial secretion
K03074	320_1	1	1	1									Bacterial secretion
K03074	321_1	6	6	1									Bacterial secretion
K03074	322_1	3	10	0.3	-0.228311391949408	0.774173025583637	Bacillota	Clostridia	Christensenellales	Borkfalkiaceae	Scatosoma	Scatosoma sp900555925	Bacterial secretion
K03074	326_1	2	2	1									Bacterial secretion
K03074	327_1	5	7	0.714285714285714									Bacterial secretion
K03074	328_1	3	5	0.6									Bacterial secretion
K03074	329_1	4	5	0.8									Bacterial secretion
K03074	32_1	1	1	1									Bacterial secretion
K03074	330_1	1	1	1									Bacterial secretion
K03074	331_1	1	1	1									Bacterial secretion
K03074	333_1	3	4	0.75									Bacterial secretion
K03074	335_1	1	2	0.5									Bacterial secretion
K03074	336_1	3	4	0.75									Bacterial secretion
K03074	337_1	9	11	0.818181818181818	-0.871195235912021	0.112254435243703	Bacillota	Clostridia	Christensenellales	Aristaeellaceae	Fimadaptatus	Fimadaptatus sp948467645	Bacterial secretion
K03074	338_1	2	2	1									Bacterial secretion
K03074	339_1	10	11	0.909090909090909	-0.652406755697348	0.20162856253014	Bacillota	Clostridia	Oscillospirales	Oscillospiraceae	HGM13006	HGM13006 sp900757695	Bacterial secretion
K03074	339_2	1	1	1									Bacterial secretion
K03074	33_1	9	9	1									Bacterial secretion
K03074	340_1	3	3	1									Bacterial secretion
K03074	341_1	11	13	0.846153846153846	-1.10341433884207	0.259475517734737	Bacillota	Clostridia	Oscillospirales	Butyricicoccaceae	Pseudobutyricicoccus	Pseudobutyricicoccus sp003477405	Bacterial secretion
K03074	341_2	1	1	1									Bacterial secretion
K03074	342_1	5	5	1									Bacterial secretion
K03074	344_1	1	1	1									Bacterial secretion
K03074	345_1	1	1	1									Bacterial secretion
K03074	346_1	1	1	1									Bacterial secretion
K03074	347_1	1	1	1									Bacterial secretion
K03074	348_1	4	4	1									Bacterial secretion
K03074	34_1	2	3	0.666666666666667									Bacterial secretion
K03074	354_1	7	7	1									Bacterial secretion
K03074	355_1	1	1	1									Bacterial secretion
K03074	359_1	5	6	0.833333333333333									Bacterial secretion
K03074	35_1	1	1	1									Bacterial secretion
K03074	360_1	1	1	1									Bacterial secretion
K03074	361_1	1	1	1									Bacterial secretion
K03074	364_1	3	3	1									Bacterial secretion
K03074	365_1	1	1	1									Bacterial secretion
K03074	366_1	1	1	1									Bacterial secretion
K03074	367_1	2	5	0.4									Bacterial secretion
K03074	368_1	5	5	1									Bacterial secretion
K03074	369_1	1	1	1									Bacterial secretion
K03074	36_1	1	1	1									Bacterial secretion
K03074	370_1	1	1	1									Bacterial secretion
K03074	373_1	9	10	0.9	0.493134363330776	0.514647199222221	Bacillota	Clostridia	TANB77	CAG-508	CAG-452	CAG-452 sp000434035	Bacterial secretion
K03074	373_2	1	1	1									Bacterial secretion
K03074	379_1	1	1	1									Bacterial secretion
K03074	37_1	1	1	1									Bacterial secretion
K03074	380_1	1	1	1									Bacterial secretion
K03074	382_1	9	9	1									Bacterial secretion
K03074	383_1	50	55	0.909090909090909	-0.394249911660716	0.53220454789838	Bacillota	Clostridia	Clostridiales	Clostridiaceae	Clostridium	Clostridium sp900540255	Bacterial secretion
K03074	384_1	1	1	1									Bacterial secretion
K03074	385_1	5	10	0.5	-0.332875366496291	0.538176494665755	Bacillota	Clostridia	Clostridiales	Clostridiaceae	Clostridium	Clostridium sp000435835	Bacterial secretion
K03074	385_2	11	11	1	-1.41239423455234	0.00125952777556916	Bacillota	Clostridia	Clostridiales	Clostridiaceae	Clostridium	Clostridium lentum	Bacterial secretion
K03074	386_1	1	1	1									Bacterial secretion
K03074	387_1	2	2	1									Bacterial secretion
K03074	388_1	1	1	1									Bacterial secretion
K03074	389_1	1	3	0.333333333333333									Bacterial secretion
K03074	38_1	1	1	1									Bacterial secretion
K03074	397_1	7	11	0.636363636363636	-0.159712583165412	0.855856822026673	Bacillota	Clostridia	Monoglobales	Monoglobaceae	Monoglobus	Monoglobus pectinilyticus	Bacterial secretion
K03074	39_1	9	12	0.75	-1.59593253056797	0.0503680321304428	Pseudomonadota	Gammaproteobacteria	Burkholderiales	Burkholderiaceae	Duodenibacillus	Duodenibacillus sp900544335	Bacterial secretion
K03074	402_1	3	3	1									Bacterial secretion
K03074	403_1	9	10	0.9	-0.7183903742274	0.118007736772976	Bacillota	Clostridia	Oscillospirales	Ruminococcaceae	Merdivicinus	Merdivicinus sp900555435	Bacterial secretion
K03074	404_1	2	2	1									Bacterial secretion
K03074	406_1	8	9	0.888888888888889									Bacterial secretion
K03074	407_1	4	10	0.4	0.00831044035328689	0.996715315434289	Bacillota	Clostridia	Oscillospirales	Ruminococcaceae	Negativibacillus	Negativibacillus faecipullorum	Bacterial secretion
K03074	409_1	2	2	1									Bacterial secretion
K03074	40_1	40	42	0.952380952380952	0.203893836581251	0.833102298794183	Pseudomonadota	Gammaproteobacteria	Burkholderiales	Burkholderiaceae	Parasutterella	Parasutterella excrementihominis	Bacterial secretion
K03074	40_2	32	33	0.96969696969697	-0.188519900743662	0.757559086992637	Pseudomonadota	Gammaproteobacteria	Burkholderiales	Burkholderiaceae	Parasutterella	Parasutterella gallistercoris	Bacterial secretion
K03074	40_3	2	2	1									Bacterial secretion
K03074	40_4	1	1	1									Bacterial secretion
K03074	410_1	10	10	1	0.572714797966868	0.398163017327196	Bacillota	Clostridia	Oscillospirales	Ruminococcaceae	Negativibacillus	Negativibacillus sp000435195	Bacterial secretion
K03074	411_1	5	5	1									Bacterial secretion
K03074	413_1	8	8	1									Bacterial secretion
K03074	414_1	1	1	1									Bacterial secretion
K03074	414_2	51	53	0.962264150943396	-0.647078140392149	0.430406239631471	Bacillota	Clostridia	Oscillospirales	Ruminococcaceae	Ruminococcus_C	Ruminococcus_C sp000433635	Bacterial secretion
K03074	415_1	7	7	1									Bacterial secretion
K03074	416_1	5	5	1									Bacterial secretion
K03074	417_1	48	48	1	-0.703064557130396	0.164161139229001	Bacillota	Clostridia	Oscillospirales	Ruminococcaceae	Ruminococcus_C	Ruminococcus_C sp000980705	Bacterial secretion
K03074	418_1	44	46	0.956521739130435	-0.882135402996782	0.0170444218845398	Bacillota	Clostridia	Oscillospirales	Ruminococcaceae	Ruminococcus_C	Ruminococcus_C callidus	Bacterial secretion
K03074	41_1	3	3	1									Bacterial secretion
K03074	422_1	4	5	0.8									Bacterial secretion
K03074	426_1	5	6	0.833333333333333									Bacterial secretion
K03074	427_1	1	1	1									Bacterial secretion
K03074	427_2	1	1	1									Bacterial secretion
K03074	429_1	1	1	1									Bacterial secretion
K03074	42_1	3	3	1									Bacterial secretion
K03074	42_2	5	6	0.833333333333333									Bacterial secretion
K03074	430_1	3	5	0.6									Bacterial secretion
K03074	431_1	1	1	1									Bacterial secretion
K03074	433_1	95	98	0.969387755102041	0.459923672633173	0.333199402533618	Bacillota	Clostridia	Oscillospirales	Ruminococcaceae	Hominimerdicola	Hominimerdicola aceti	Bacterial secretion
K03074	436_1	6	7	0.857142857142857									Bacterial secretion
K03074	437_1	53	64	0.828125	-0.103446247268264	0.906956554086696	Bacillota	Clostridia	Oscillospirales	Acutalibacteraceae	Hominenteromicrobium	Hominenteromicrobium mulieris	Bacterial secretion
K03074	438_1	1	1	1									Bacterial secretion
K03074	439_1	1	1	1									Bacterial secretion
K03074	43_1	1	1	1									Bacterial secretion
K03074	44_1	18	18	1	-0.456509804402735	0.844475629302577	Pseudomonadota	Gammaproteobacteria	Burkholderiales	Burkholderiaceae	Duodenibacillus	Duodenibacillus massiliensis	Bacterial secretion
K03074	458_1	1	1	1									Bacterial secretion
K03074	45_1	3	4	0.75									Bacterial secretion
K03074	464_1	1	1	1									Bacterial secretion
K03074	469_1	1	1	1									Bacterial secretion
K03074	46_1	1	1	1									Bacterial secretion
K03074	470_1	3	4	0.75									Bacterial secretion
K03074	471_1	1	1	1									Bacterial secretion
K03074	474_1	5	5	1									Bacterial secretion
K03074	475_1	1	1	1									Bacterial secretion
K03074	482_1	4	7	0.571428571428571									Bacterial secretion
K03074	483_1	3	4	0.75									Bacterial secretion
K03074	484_1	8	8	1									Bacterial secretion
K03074	485_1	12	12	1	0.569670196723303	0.379903512754518	Bacillota	Negativicutes	Veillonellales	Veillonellaceae	Veillonella	Veillonella parvula_A	Bacterial secretion
K03074	485_2	1	1	1									Bacterial secretion
K03074	486_1	8	14	0.571428571428571	-0.520328170491622	0.212836289515412	Bacillota	Negativicutes	Veillonellales	Veillonellaceae	Veillonella	Veillonella infantium_A	Bacterial secretion
K03074	486_10	1	1	1									Bacterial secretion
K03074	486_11	1	1	1									Bacterial secretion
K03074	486_12	1	1	1									Bacterial secretion
K03074	486_2	1	1	1									Bacterial secretion
K03074	486_3	2	2	1									Bacterial secretion
K03074	486_4	1	1	1									Bacterial secretion
K03074	486_5	1	1	1									Bacterial secretion
K03074	486_6	1	1	1									Bacterial secretion
K03074	488_1	2	6	0.333333333333333									Bacterial secretion
K03074	494_1	15	28	0.535714285714286	0.12360604124457	0.857598970815532	Bacillota	Clostridia	Lachnospirales	CAG-274	CAG-274	CAG-274 sp900545305	Bacterial secretion
K03074	494_2	31	50	0.62	0.167720074272404	0.849404650914935	Bacillota	Clostridia	Lachnospirales	CAG-274	CAG-274	CAG-274 sp000432155	Bacterial secretion
K03074	495_1	1	1	1									Bacterial secretion
K03074	504_1	6	7	0.857142857142857									Bacterial secretion
K03074	505_1	2	2	1									Bacterial secretion
K03074	506_1	1	1	1									Bacterial secretion
K03074	50_1	2	2	1									Bacterial secretion
K03074	510_1	42	48	0.875	-0.0908642551778141	0.927175507808937	Bacillota	Negativicutes	Selenomonadales	Selenomonadaceae	Mitsuokella	Mitsuokella jalaludinii	Bacterial secretion
K03074	510_2	5	5	1									Bacterial secretion
K03074	511_1	1	1	1									Bacterial secretion
K03074	518_1	10	33	0.303030303030303	-0.415087133766152	0.396238863745157	Bacillota	Clostridia	Oscillospirales	Ruminococcaceae	Ruminiclostridium_E	Ruminiclostridium_E siraeum	Bacterial secretion
K03074	519_1	60	60	1	0.0375351107002946	0.982138997559126	Bacillota	Negativicutes	Selenomonadales	Selenomonadaceae	Megamonas	Megamonas funiformis	Bacterial secretion
K03074	51_1	8	8	1									Bacterial secretion
K03074	520_1	100	125	0.8	0.553078366778072	0.111937157257548	Bacillota	Clostridia	UBA1381	UBA1381	Hominilimicola	Hominilimicola fabiformis	Bacterial secretion
K03074	521_1	8	8	1									Bacterial secretion
K03074	522_1	4	4	1									Bacterial secretion
K03074	523_1	32	34	0.941176470588235	-0.528143067512205	0.538176494665755	Bacillota	Clostridia	Oscillospirales	Acutalibacteraceae	Ruminococcoides	Ruminococcoides intestinalis	Bacterial secretion
K03074	524_1	126	128	0.984375	0.978725947890569	0.0238024965733005	Bacillota	Clostridia	Oscillospirales	Acutalibacteraceae	Ruminococcoides	Ruminococcoides intestinale	Bacterial secretion
K03074	524_2	3	3	1									Bacterial secretion
K03074	525_1	4	4	1									Bacterial secretion
K03074	526_1	1	1	1									Bacterial secretion
K03074	527_1	2	3	0.666666666666667									Bacterial secretion
K03074	528_1	1	1	1									Bacterial secretion
K03074	529_1	2	2	1									Bacterial secretion
K03074	52_1	1	1	1									Bacterial secretion
K03074	530_1	6	7	0.857142857142857									Bacterial secretion
K03074	531_1	1	1	1									Bacterial secretion
K03074	532_1	9	11	0.818181818181818	-0.970889411298254	0.0387814075844986	Bacillota	Clostridia	Monoglobales	Monoglobaceae	UMGS1820	UMGS1820 sp900545865	Bacterial secretion
K03074	533_1	3	3	1									Bacterial secretion
K03074	534_1	1	1	1									Bacterial secretion
K03074	536_1	1	1	1									Bacterial secretion
K03074	537_1	7	7	1									Bacterial secretion
K03074	538_1	3	3	1									Bacterial secretion
K03074	539_1	10	11	0.909090909090909	0.131522587006985	0.869091839001416	Bacillota	Negativicutes	Veillonellales	Megasphaeraceae	Caecibacter	Caecibacter massiliensis	Bacterial secretion
K03074	540_1	1	1	1									Bacterial secretion
K03074	541_1	7	7	1									Bacterial secretion
K03074	541_2	29	30	0.966666666666667	-0.136009261813823	0.857598970815532	Bacillota	Negativicutes	Veillonellales	Megasphaeraceae	Megasphaera	Megasphaera elsdenii	Bacterial secretion
K03074	542_1	6	6	1									Bacterial secretion
K03074	542_2	1	1	1									Bacterial secretion
K03074	543_1	1	1	1									Bacterial secretion
K03074	544_1	33	39	0.846153846153846	-0.0967301142717485	0.906956554086696	Bacillota	Negativicutes	Veillonellales	Dialisteraceae	Dialister	Dialister invisus	Bacterial secretion
K03074	545_1	6	8	0.75									Bacterial secretion
K03074	546_1	28	28	1	-0.0201495689243513	0.986364952381606	Bacillota	Negativicutes	Veillonellales	Dialisteraceae	Dialister	Dialister hominis	Bacterial secretion
K03074	547_1	23	24	0.958333333333333	-0.600102042337062	0.210717481829925	Bacillota	Negativicutes	Veillonellales	Dialisteraceae	Dialister	Dialister sp000434475	Bacterial secretion
K03074	548_1	2	2	1									Bacterial secretion
K03074	549_1	11	11	1	0.236742646516818	0.692843369608951	Bacillota	Negativicutes	Veillonellales	Dialisteraceae	Dialister	Dialister sp002320515	Bacterial secretion
K03074	549_2	27	27	1	-1.10074330334457	0.0867577302918209	Bacillota	Negativicutes	Veillonellales	Dialisteraceae	Dialister	Dialister succinatiphilus	Bacterial secretion
K03074	54_1	3	3	1									Bacterial secretion
K03074	551_1	4	4	1									Bacterial secretion
K03074	552_1	5	5	1									Bacterial secretion
K03074	554_1	1	1	1									Bacterial secretion
K03074	555_1	1	1	1									Bacterial secretion
K03074	55_1	2	2	1									Bacterial secretion
K03074	566_1	64	75	0.853333333333333	-0.12964571561017	0.839584115395913	Bacillota	Clostridia	Lachnospirales	Anaerotignaceae	Anaerotignum_A	""	Bacterial secretion
K03074	566_2	1	2	0.5									Bacterial secretion
K03074	56_1	1	1	1									Bacterial secretion
K03074	588_1	1	1	1									Bacterial secretion
K03074	58_1	1	1	1									Bacterial secretion
K03074	590_1	3	3	1									Bacterial secretion
K03074	591_1	3	3	1									Bacterial secretion
K03074	592_1	1	1	1									Bacterial secretion
K03074	59_1	3	3	1									Bacterial secretion
K03074	5_1	12	13	0.923076923076923	-0.816262599233828	0.166422765610922	Methanobacteriota	Methanobacteria	Methanobacteriales	Methanobacteriaceae	Methanosphaera	Methanosphaera stadtmanae	Bacterial secretion
K03074	60_1	3	3	1									Bacterial secretion
K03074	60_10	1	1	1									Bacterial secretion
K03074	60_11	1	1	1									Bacterial secretion
K03074	60_12	2	2	1									Bacterial secretion
K03074	60_13	1	1	1									Bacterial secretion
K03074	60_14	1	1	1									Bacterial secretion
K03074	60_15	1	1	1									Bacterial secretion
K03074	60_16	1	1	1									Bacterial secretion
K03074	60_17	1	1	1									Bacterial secretion
K03074	60_18	1	1	1									Bacterial secretion
K03074	60_19	1	1	1									Bacterial secretion
K03074	60_2	17	19	0.894736842105263	-0.704720195035236	0.222688071753967	Pseudomonadota	Gammaproteobacteria	Enterobacterales	Pasteurellaceae	Haemophilus_D	Haemophilus_D sp905205995	Bacterial secretion
K03074	60_3	3	3	1									Bacterial secretion
K03074	60_4	2	2	1									Bacterial secretion
K03074	60_5	3	3	1									Bacterial secretion
K03074	60_6	5	5	1									Bacterial secretion
K03074	60_7	1	1	1									Bacterial secretion
K03074	60_8	2	2	1									Bacterial secretion
K03074	60_9	1	1	1									Bacterial secretion
K03074	61_1	1	1	1									Bacterial secretion
K03074	628_1	1	1	1									Bacterial secretion
K03074	637_1	3	3	1									Bacterial secretion
K03074	637_2	8	9	0.888888888888889									Bacterial secretion
K03074	639_1	1	1	1									Bacterial secretion
K03074	640_1	1	1	1									Bacterial secretion
K03074	641_1	1	1	1									Bacterial secretion
K03074	643_1	2	2	1									Bacterial secretion
K03074	644_1	2	2	1									Bacterial secretion
K03074	645_1	1	1	1									Bacterial secretion
K03074	647_1	2	2	1									Bacterial secretion
K03074	653_1	4	4	1									Bacterial secretion
K03074	654_1	2	2	1									Bacterial secretion
K03074	657_1	2	2	1									Bacterial secretion
K03074	662_1	1	1	1									Bacterial secretion
K03074	663_1	3	3	1									Bacterial secretion
K03074	664_1	1	1	1									Bacterial secretion
K03074	665_1	1	1	1									Bacterial secretion
K03074	6_1	2	2	1									Bacterial secretion
K03074	763_1	4	5	0.8									Bacterial secretion
K03074	764_1	3	4	0.75									Bacterial secretion
K03074	768_1	5	10	0.5	-0.701307921547448	0.447459765061962	Bacillota	Clostridia	Oscillospirales	Oscillospiraceae	Pseudoscillospira	Pseudoscillospira sp018369915	Bacterial secretion
K03074	769_1	1	1	1									Bacterial secretion
K03074	774_1	1	1	1									Bacterial secretion
K03074	794_1	1	1	1									Bacterial secretion
K03074	7_1	1	1	1									Bacterial secretion
K03074	813_1	1	1	1									Bacterial secretion
K03074	834_1	5	5	1									Bacterial secretion
K03074	875_1	1	1	1									Bacterial secretion
K03074	8_1	1	2	0.5									Bacterial secretion
K03074	900_1	3	3	1									Bacterial secretion
K03074	905_1	1	1	1									Bacterial secretion
K03074	909_1	1	1	1									Bacterial secretion
K03074	909_2	1	1	1									Bacterial secretion
K03074	910_1	80	88	0.909090909090909	0.473047598612671	0.304583391340693	Pseudomonadota	Gammaproteobacteria	Enterobacterales	Enterobacteriaceae	Escherichia	Escherichia coli	Bacterial secretion
K03074	910_2	1	1	1									Bacterial secretion
K03074	911_1	1	1	1									Bacterial secretion
K03074	912_1	2	3	0.666666666666667									Bacterial secretion
K03074	913_1	4	4	1									Bacterial secretion
K03074	913_2	1	1	1									Bacterial secretion
K03074	913_3	1	1	1									Bacterial secretion
K03074	914_1	4	5	0.8									Bacterial secretion
K03074	915_1	3	3	1									Bacterial secretion
K03074	915_2	4	4	1									Bacterial secretion
K03074	915_3	36	36	1	0.134378032138443	0.917709957555471	Pseudomonadota	Gammaproteobacteria	Enterobacterales	Enterobacteriaceae	Klebsiella	Klebsiella pneumoniae	Bacterial secretion
K03074	916_1	1	1	1									Bacterial secretion
K03074	932_1	1	2	0.5									Bacterial secretion
K03074	933_1	6	6	1									Bacterial secretion
K03074	934_1	10	11	0.909090909090909	-0.41931158710435	0.699473689670921	Verrucomicrobiota	Lentisphaeria	Victivallales	Victivallaceae	Victivallis	Victivallis lenta	Bacterial secretion
K03074	935_1	1	1	1									Bacterial secretion
K03074	937_1	7	13	0.538461538461538	-0.241923571364727	0.688715015596133	Verrucomicrobiota	Lentisphaeria	Victivallales	UBA1829	UBA11452	UBA11452 sp003526375	Bacterial secretion
K03074	939_1	13	13	1	-0.582476799143684	0.274924252877668	Pseudomonadota	Gammaproteobacteria	Burkholderiales	Burkholderiaceae	Mesosutterella	Mesosutterella multiformis	Bacterial secretion
K03074	939_2	1	1	1									Bacterial secretion
K03074	940_1	1	1	1									Bacterial secretion
K03074	941_1	1	1	1									Bacterial secretion
K03074	942_1	6	6	1									Bacterial secretion
K03074	944_1	1	1	1									Bacterial secretion
K03074	946_1	3	4	0.75									Bacterial secretion
K03074	947_1	1	1	1									Bacterial secretion
K03074	948_1	6	11	0.545454545454545	-0.0979922819887544	0.92352297586185	Pseudomonadota	Alphaproteobacteria	RF32	CAG-239	Scatocola	Scatocola faecipullorum	Bacterial secretion
K03074	949_1	2	2	1									Bacterial secretion
K03074	957_1	3	3	1									Bacterial secretion
K03074	95_1	1	1	1									Bacterial secretion
K03074	96_1	1	1	1									Bacterial secretion
K03074	97_1	5	6	0.833333333333333									Bacterial secretion
K03074	98_1	1	1	1									Bacterial secretion
K03074	99_1	6	7	0.857142857142857									Bacterial secretion
K03074	9_1	4	4	1									Bacterial secretion
K03195	10_1	1	1	1									Bacterial secretion
K03195	191_1	2	2	1									Bacterial secretion
K03195	26_1	3	5	0.6									Bacterial secretion
K03195	27_1	45	106	0.424528301886792	0.813502492465311	0.0163572745565952	Pseudomonadota	Gammaproteobacteria	Burkholderiales	Burkholderiaceae	Sutterella	Sutterella wadsworthensis	Bacterial secretion
K03195	40_1	30	42	0.714285714285714	0.203893836581251	0.833102298794183	Pseudomonadota	Gammaproteobacteria	Burkholderiales	Burkholderiaceae	Parasutterella	Parasutterella excrementihominis	Bacterial secretion
K03195	40_2	17	33	0.515151515151515	-0.188519900743662	0.757559086992637	Pseudomonadota	Gammaproteobacteria	Burkholderiales	Burkholderiaceae	Parasutterella	Parasutterella gallistercoris	Bacterial secretion
K03195	40_4	1	1	1									Bacterial secretion
K03195	41_1	1	3	0.333333333333333									Bacterial secretion
K03195	42_1	1	3	0.333333333333333									Bacterial secretion
K03195	50_1	2	2	1									Bacterial secretion
K03195	51_1	8	8	1									Bacterial secretion
K03195	55_1	1	2	0.5									Bacterial secretion
K03195	56_1	1	1	1									Bacterial secretion
K03195	60_16	1	1	1									Bacterial secretion
K03195	8_1	1	2	0.5									Bacterial secretion
K03195	914_1	2	5	0.4									Bacterial secretion
K03195	915_1	2	3	0.666666666666667									Bacterial secretion
K03195	933_1	2	6	0.333333333333333									Bacterial secretion
K03195	940_1	1	1	1									Bacterial secretion
K03195	941_1	1	1	1									Bacterial secretion
K03195	946_1	4	4	1									Bacterial secretion
K03195	947_1	1	1	1									Bacterial secretion
K03195	948_1	11	11	1	-0.0979922819887544	0.92352297586185	Pseudomonadota	Alphaproteobacteria	RF32	CAG-239	Scatocola	Scatocola faecipullorum	Bacterial secretion
K03195	949_1	2	2	1									Bacterial secretion
K03195	9_1	3	4	0.75									Bacterial secretion
K03196	191_1	2	2	1									Bacterial secretion
K03196	26_1	3	5	0.6									Bacterial secretion
K03196	27_1	47	106	0.443396226415094	0.813502492465311	0.0163572745565952	Pseudomonadota	Gammaproteobacteria	Burkholderiales	Burkholderiaceae	Sutterella	Sutterella wadsworthensis	Bacterial secretion
K03196	28_1	6	21	0.285714285714286	-0.0361969092085721	0.97895269557244	Pseudomonadota	Gammaproteobacteria	Burkholderiales	Burkholderiaceae	Sutterella	Sutterella faecalis	Bacterial secretion
K03196	30_1	1	1	1									Bacterial secretion
K03196	40_1	30	42	0.714285714285714	0.203893836581251	0.833102298794183	Pseudomonadota	Gammaproteobacteria	Burkholderiales	Burkholderiaceae	Parasutterella	Parasutterella excrementihominis	Bacterial secretion
K03196	40_2	12	33	0.363636363636364	-0.188519900743662	0.757559086992637	Pseudomonadota	Gammaproteobacteria	Burkholderiales	Burkholderiaceae	Parasutterella	Parasutterella gallistercoris	Bacterial secretion
K03196	40_3	1	2	0.5									Bacterial secretion
K03196	40_4	1	1	1									Bacterial secretion
K03196	41_1	1	3	0.333333333333333									Bacterial secretion
K03196	42_1	1	3	0.333333333333333									Bacterial secretion
K03196	60_16	1	1	1									Bacterial secretion
K03196	8_1	1	2	0.5									Bacterial secretion
K03196	914_1	2	5	0.4									Bacterial secretion
K03196	915_1	2	3	0.666666666666667									Bacterial secretion
K03196	940_1	1	1	1									Bacterial secretion
K03196	941_1	1	1	1									Bacterial secretion
K03196	946_1	4	4	1									Bacterial secretion
K03196	947_1	1	1	1									Bacterial secretion
K03196	948_1	11	11	1	-0.0979922819887544	0.92352297586185	Pseudomonadota	Alphaproteobacteria	RF32	CAG-239	Scatocola	Scatocola faecipullorum	Bacterial secretion
K03196	949_1	2	2	1									Bacterial secretion
K03197	27_1	44	106	0.415094339622642	0.813502492465311	0.0163572745565952	Pseudomonadota	Gammaproteobacteria	Burkholderiales	Burkholderiaceae	Sutterella	Sutterella wadsworthensis	Bacterial secretion
K03197	40_1	25	42	0.595238095238095	0.203893836581251	0.833102298794183	Pseudomonadota	Gammaproteobacteria	Burkholderiales	Burkholderiaceae	Parasutterella	Parasutterella excrementihominis	Bacterial secretion
K03197	42_1	1	3	0.333333333333333									Bacterial secretion
K03197	60_16	1	1	1									Bacterial secretion
K03197	8_1	1	2	0.5									Bacterial secretion
K03197	914_1	2	5	0.4									Bacterial secretion
K03197	915_1	2	3	0.666666666666667									Bacterial secretion
K03197	916_1	1	1	1									Bacterial secretion
K03197	941_1	1	1	1									Bacterial secretion
K03198	27_1	46	106	0.433962264150943	0.813502492465311	0.0163572745565952	Pseudomonadota	Gammaproteobacteria	Burkholderiales	Burkholderiaceae	Sutterella	Sutterella wadsworthensis	Bacterial secretion
K03198	42_1	1	3	0.333333333333333									Bacterial secretion
K03198	940_1	1	1	1									Bacterial secretion
K03198	941_1	1	1	1									Bacterial secretion
K03199	191_1	2	2	1									Bacterial secretion
K03199	27_1	47	106	0.443396226415094	0.813502492465311	0.0163572745565952	Pseudomonadota	Gammaproteobacteria	Burkholderiales	Burkholderiaceae	Sutterella	Sutterella wadsworthensis	Bacterial secretion
K03199	40_1	29	42	0.690476190476191	0.203893836581251	0.833102298794183	Pseudomonadota	Gammaproteobacteria	Burkholderiales	Burkholderiaceae	Parasutterella	Parasutterella excrementihominis	Bacterial secretion
K03199	40_2	12	33	0.363636363636364	-0.188519900743662	0.757559086992637	Pseudomonadota	Gammaproteobacteria	Burkholderiales	Burkholderiaceae	Parasutterella	Parasutterella gallistercoris	Bacterial secretion
K03199	40_4	1	1	1									Bacterial secretion
K03199	42_1	1	3	0.333333333333333									Bacterial secretion
K03199	60_16	1	1	1									Bacterial secretion
K03199	60_19	1	1	1									Bacterial secretion
K03199	8_1	1	2	0.5									Bacterial secretion
K03199	914_1	2	5	0.4									Bacterial secretion
K03199	915_1	2	3	0.666666666666667									Bacterial secretion
K03199	916_1	1	1	1									Bacterial secretion
K03199	940_1	1	1	1									Bacterial secretion
K03199	941_1	1	1	1									Bacterial secretion
K03199	946_1	4	4	1									Bacterial secretion
K03199	947_1	1	1	1									Bacterial secretion
K03199	948_1	11	11	1	-0.0979922819887544	0.92352297586185	Pseudomonadota	Alphaproteobacteria	RF32	CAG-239	Scatocola	Scatocola faecipullorum	Bacterial secretion
K03199	949_1	2	2	1									Bacterial secretion
K03203	191_1	2	2	1									Bacterial secretion
K03203	26_1	4	5	0.8									Bacterial secretion
K03203	27_1	46	106	0.433962264150943	0.813502492465311	0.0163572745565952	Pseudomonadota	Gammaproteobacteria	Burkholderiales	Burkholderiaceae	Sutterella	Sutterella wadsworthensis	Bacterial secretion
K03203	40_1	28	42	0.666666666666667	0.203893836581251	0.833102298794183	Pseudomonadota	Gammaproteobacteria	Burkholderiales	Burkholderiaceae	Parasutterella	Parasutterella excrementihominis	Bacterial secretion
K03203	40_2	17	33	0.515151515151515	-0.188519900743662	0.757559086992637	Pseudomonadota	Gammaproteobacteria	Burkholderiales	Burkholderiaceae	Parasutterella	Parasutterella gallistercoris	Bacterial secretion
K03203	40_3	1	2	0.5									Bacterial secretion
K03203	40_4	1	1	1									Bacterial secretion
K03203	42_1	1	3	0.333333333333333									Bacterial secretion
K03203	60_16	1	1	1									Bacterial secretion
K03203	60_19	1	1	1									Bacterial secretion
K03203	8_1	1	2	0.5									Bacterial secretion
K03203	914_1	2	5	0.4									Bacterial secretion
K03203	915_1	2	3	0.666666666666667									Bacterial secretion
K03203	916_1	1	1	1									Bacterial secretion
K03203	940_1	1	1	1									Bacterial secretion
K03203	941_1	1	1	1									Bacterial secretion
K03203	946_1	4	4	1									Bacterial secretion
K03203	947_1	1	1	1									Bacterial secretion
K03203	948_1	11	11	1	-0.0979922819887544	0.92352297586185	Pseudomonadota	Alphaproteobacteria	RF32	CAG-239	Scatocola	Scatocola faecipullorum	Bacterial secretion
K03203	949_1	2	2	1									Bacterial secretion
K03204	26_1	4	5	0.8									Bacterial secretion
K03204	27_1	44	106	0.415094339622642	0.813502492465311	0.0163572745565952	Pseudomonadota	Gammaproteobacteria	Burkholderiales	Burkholderiaceae	Sutterella	Sutterella wadsworthensis	Bacterial secretion
K03204	40_1	28	42	0.666666666666667	0.203893836581251	0.833102298794183	Pseudomonadota	Gammaproteobacteria	Burkholderiales	Burkholderiaceae	Parasutterella	Parasutterella excrementihominis	Bacterial secretion
K03204	40_2	15	33	0.454545454545455	-0.188519900743662	0.757559086992637	Pseudomonadota	Gammaproteobacteria	Burkholderiales	Burkholderiaceae	Parasutterella	Parasutterella gallistercoris	Bacterial secretion
K03204	40_3	1	2	0.5									Bacterial secretion
K03204	40_4	1	1	1									Bacterial secretion
K03204	41_1	1	3	0.333333333333333									Bacterial secretion
K03204	42_1	1	3	0.333333333333333									Bacterial secretion
K03204	60_16	1	1	1									Bacterial secretion
K03204	8_1	1	2	0.5									Bacterial secretion
K03204	914_1	2	5	0.4									Bacterial secretion
K03204	915_1	2	3	0.666666666666667									Bacterial secretion
K03204	916_1	1	1	1									Bacterial secretion
K03204	940_1	1	1	1									Bacterial secretion
K03204	941_1	1	1	1									Bacterial secretion
K03272	1031_2	1	3	0.333333333333333									LPS / endotoxin
K03272	1033_1	1	1	1									LPS / endotoxin
K03272	1040_1	143	156	0.916666666666667	0.745021470471891	0.12435426833705	Bacteroidota	Bacteroidia	Bacteroidales	Bacteroidaceae	Bacteroides	Bacteroides uniformis	LPS / endotoxin
K03272	1051_1	82	86	0.953488372093023	-0.229759068933236	0.702741495877688	Bacteroidota	Bacteroidia	Bacteroidales	Marinifilaceae	Odoribacter	Odoribacter splanchnicus	LPS / endotoxin
K03272	1052_1	1	1	1									LPS / endotoxin
K03272	1052_2	1	1	1									LPS / endotoxin
K03272	1053_1	10	11	0.909090909090909	-0.605691333403473	0.440381178841193	Bacteroidota	Bacteroidia	Bacteroidales	Marinifilaceae	Butyricimonas	Butyricimonas faecalis	LPS / endotoxin
K03272	1053_2	1	1	1									LPS / endotoxin
K03272	1054_1	14	15	0.933333333333333	0.453957827453901	0.380704007840178	Bacteroidota	Bacteroidia	Bacteroidales	Marinifilaceae	Butyricimonas	""	LPS / endotoxin
K03272	1054_2	14	16	0.875	-0.0830589795416084	0.939012573140302	Bacteroidota	Bacteroidia	Bacteroidales	Marinifilaceae	Butyricimonas	Butyricimonas virosa	LPS / endotoxin
K03272	1054_3	12	12	1	-0.418405760914221	0.415564352658791	Bacteroidota	Bacteroidia	Bacteroidales	Marinifilaceae	Butyricimonas	Butyricimonas faecihominis	LPS / endotoxin
K03272	1054_4	8	8	1									LPS / endotoxin
K03272	1055_1	1	1	1									LPS / endotoxin
K03272	1056_1	1	1	1									LPS / endotoxin
K03272	10_1	1	1	1									LPS / endotoxin
K03272	168_1	2	2	1									LPS / endotoxin
K03272	191_1	2	2	1									LPS / endotoxin
K03272	19_1	1	1	1									LPS / endotoxin
K03272	21_1	1	2	0.5									LPS / endotoxin
K03272	224_1	7	7	1									LPS / endotoxin
K03272	224_2	5	5	1									LPS / endotoxin
K03272	225_1	4	4	1									LPS / endotoxin
K03272	225_2	1	1	1									LPS / endotoxin
K03272	226_1	1	1	1									LPS / endotoxin
K03272	231_1	3	6	0.5									LPS / endotoxin
K03272	233_1	1	1	1									LPS / endotoxin
K03272	233_4	1	1	1									LPS / endotoxin
K03272	234_1	1	1	1									LPS / endotoxin
K03272	239_1	4	4	1									LPS / endotoxin
K03272	247_1	1	3	0.333333333333333									LPS / endotoxin
K03272	256_1	2	2	1									LPS / endotoxin
K03272	257_1	10	10	1	-0.368713755858097	0.442827130495218	Bacillota	Clostridia	Oscillospirales	Ruminococcaceae	Ruthenibacterium	Ruthenibacterium merdipullorum	LPS / endotoxin
K03272	260_1	1	1	1									LPS / endotoxin
K03272	26_1	5	5	1									LPS / endotoxin
K03272	27_1	103	106	0.971698113207547	0.813502492465311	0.0163572745565952	Pseudomonadota	Gammaproteobacteria	Burkholderiales	Burkholderiaceae	Sutterella	Sutterella wadsworthensis	LPS / endotoxin
K03272	287_1	3	11	0.272727272727273	-0.820447462078097	0.132232166708428	Bacillota	Clostridia	Oscillospirales	CAG-272	Flemingiibacterium	Flemingiibacterium sp900546315	LPS / endotoxin
K03272	289_1	4	4	1									LPS / endotoxin
K03272	28_1	21	21	1	-0.0361969092085721	0.97895269557244	Pseudomonadota	Gammaproteobacteria	Burkholderiales	Burkholderiaceae	Sutterella	Sutterella faecalis	LPS / endotoxin
K03272	28_2	8	8	1									LPS / endotoxin
K03272	290_1	1	1	1									LPS / endotoxin
K03272	295_1	5	5	1									LPS / endotoxin
K03272	296_1	1	1	1									LPS / endotoxin
K03272	297_1	1	1	1									LPS / endotoxin
K03272	298_1	1	1	1									LPS / endotoxin
K03272	29_1	70	70	1	0.159382912070147	0.86402450234671	Pseudomonadota	Gammaproteobacteria	Burkholderiales	Burkholderiaceae	Sutterella	Sutterella wadsworthensis_A	LPS / endotoxin
K03272	2_1	2	2	1									LPS / endotoxin
K03272	305_1	3	3	1									LPS / endotoxin
K03272	306_1	118	126	0.936507936507937	0.665519920437379	0.139287301659451	Desulfobacterota_I	Desulfovibrionia	Desulfovibrionales	Desulfovibrionaceae	Bilophila	Bilophila wadsworthia	LPS / endotoxin
K03272	306_2	2	2	1									LPS / endotoxin
K03272	308_1	22	22	1	-0.580671708932085	0.202403431596351	Bacillota	Negativicutes	Acidaminococcales	Acidaminococcaceae	Phascolarctobacterium_A	Phascolarctobacterium_A succinatutens_B	LPS / endotoxin
K03272	308_2	20	20	1	0.440436698597377	0.497154177267794	Bacillota	Negativicutes	Acidaminococcales	Acidaminococcaceae	Phascolarctobacterium_A	Phascolarctobacterium_A succinatutens	LPS / endotoxin
K03272	309_1	1	1	1									LPS / endotoxin
K03272	30_1	1	1	1									LPS / endotoxin
K03272	310_1	3	3	1									LPS / endotoxin
K03272	311_1	63	67	0.940298507462687	0.0438679682441734	0.954071520793628	Bacillota	Negativicutes	Acidaminococcales	Acidaminococcaceae	Phascolarctobacterium	Phascolarctobacterium faecium	LPS / endotoxin
K03272	312_1	1	1	1									LPS / endotoxin
K03272	31_1	1	1	1									LPS / endotoxin
K03272	32_1	1	1	1									LPS / endotoxin
K03272	33_1	9	9	1									LPS / endotoxin
K03272	349_1	9	10	0.9	-1.00370331325854	0.0245950850566471	Bacillota	Clostridia	TANB77	CAG-508	CAG-492	CAG-492 sp000434335	LPS / endotoxin
K03272	34_1	3	3	1									LPS / endotoxin
K03272	357_1	5	6	0.833333333333333									LPS / endotoxin
K03272	35_1	1	1	1									LPS / endotoxin
K03272	363_1	1	2	0.5									LPS / endotoxin
K03272	36_1	1	1	1									LPS / endotoxin
K03272	37_1	1	1	1									LPS / endotoxin
K03272	38_1	1	1	1									LPS / endotoxin
K03272	39_1	8	12	0.666666666666667	-1.59593253056797	0.0503680321304428	Pseudomonadota	Gammaproteobacteria	Burkholderiales	Burkholderiaceae	Duodenibacillus	Duodenibacillus sp900544335	LPS / endotoxin
K03272	40_1	41	42	0.976190476190476	0.203893836581251	0.833102298794183	Pseudomonadota	Gammaproteobacteria	Burkholderiales	Burkholderiaceae	Parasutterella	Parasutterella excrementihominis	LPS / endotoxin
K03272	40_2	29	33	0.878787878787879	-0.188519900743662	0.757559086992637	Pseudomonadota	Gammaproteobacteria	Burkholderiales	Burkholderiaceae	Parasutterella	Parasutterella gallistercoris	LPS / endotoxin
K03272	40_3	1	2	0.5									LPS / endotoxin
K03272	41_1	2	3	0.666666666666667									LPS / endotoxin
K03272	427_1	1	1	1									LPS / endotoxin
K03272	42_1	3	3	1									LPS / endotoxin
K03272	42_2	6	6	1									LPS / endotoxin
K03272	43_1	1	1	1									LPS / endotoxin
K03272	44_1	18	18	1	-0.456509804402735	0.844475629302577	Pseudomonadota	Gammaproteobacteria	Burkholderiales	Burkholderiaceae	Duodenibacillus	Duodenibacillus massiliensis	LPS / endotoxin
K03272	45_1	4	4	1									LPS / endotoxin
K03272	468_1	21	21	1	0.0957629958797071	0.927175507808937	Bacillota	Clostridia	Oscillospirales	Acutalibacteraceae	CAG-177	CAG-177 sp003538135	LPS / endotoxin
K03272	468_2	47	47	1	-0.12260223506872	0.917709957555471	Bacillota	Clostridia	Oscillospirales	Acutalibacteraceae	CAG-177	CAG-177 sp003514385	LPS / endotoxin
K03272	484_1	8	8	1									LPS / endotoxin
K03272	485_1	12	12	1	0.569670196723303	0.379903512754518	Bacillota	Negativicutes	Veillonellales	Veillonellaceae	Veillonella	Veillonella parvula_A	LPS / endotoxin
K03272	486_1	10	14	0.714285714285714	-0.520328170491622	0.212836289515412	Bacillota	Negativicutes	Veillonellales	Veillonellaceae	Veillonella	Veillonella infantium_A	LPS / endotoxin
K03272	486_11	1	1	1									LPS / endotoxin
K03272	486_12	1	1	1									LPS / endotoxin
K03272	486_14	1	1	1									LPS / endotoxin
K03272	486_2	1	1	1									LPS / endotoxin
K03272	486_3	2	2	1									LPS / endotoxin
K03272	486_4	1	1	1									LPS / endotoxin
K03272	486_5	1	1	1									LPS / endotoxin
K03272	486_6	1	1	1									LPS / endotoxin
K03272	486_7	1	1	1									LPS / endotoxin
K03272	510_1	47	48	0.979166666666667	-0.0908642551778141	0.927175507808937	Bacillota	Negativicutes	Selenomonadales	Selenomonadaceae	Mitsuokella	Mitsuokella jalaludinii	LPS / endotoxin
K03272	510_2	5	5	1									LPS / endotoxin
K03272	511_1	1	1	1									LPS / endotoxin
K03272	538_1	3	3	1									LPS / endotoxin
K03272	539_1	9	11	0.818181818181818	0.131522587006985	0.869091839001416	Bacillota	Negativicutes	Veillonellales	Megasphaeraceae	Caecibacter	Caecibacter massiliensis	LPS / endotoxin
K03272	540_1	1	1	1									LPS / endotoxin
K03272	541_1	7	7	1									LPS / endotoxin
K03272	541_2	30	30	1	-0.136009261813823	0.857598970815532	Bacillota	Negativicutes	Veillonellales	Megasphaeraceae	Megasphaera	Megasphaera elsdenii	LPS / endotoxin
K03272	542_1	6	6	1									LPS / endotoxin
K03272	542_2	1	1	1									LPS / endotoxin
K03272	543_1	1	1	1									LPS / endotoxin
K03272	544_1	36	39	0.923076923076923	-0.0967301142717485	0.906956554086696	Bacillota	Negativicutes	Veillonellales	Dialisteraceae	Dialister	Dialister invisus	LPS / endotoxin
K03272	545_1	8	8	1									LPS / endotoxin
K03272	546_1	28	28	1	-0.0201495689243513	0.986364952381606	Bacillota	Negativicutes	Veillonellales	Dialisteraceae	Dialister	Dialister hominis	LPS / endotoxin
K03272	547_1	24	24	1	-0.600102042337062	0.210717481829925	Bacillota	Negativicutes	Veillonellales	Dialisteraceae	Dialister	Dialister sp000434475	LPS / endotoxin
K03272	548_1	2	2	1									LPS / endotoxin
K03272	549_1	11	11	1	0.236742646516818	0.692843369608951	Bacillota	Negativicutes	Veillonellales	Dialisteraceae	Dialister	Dialister sp002320515	LPS / endotoxin
K03272	549_2	27	27	1	-1.10074330334457	0.0867577302918209	Bacillota	Negativicutes	Veillonellales	Dialisteraceae	Dialister	Dialister succinatiphilus	LPS / endotoxin
K03272	573_1	1	2	0.5									LPS / endotoxin
K03272	58_1	1	1	1									LPS / endotoxin
K03272	590_1	3	3	1									LPS / endotoxin
K03272	59_1	3	3	1									LPS / endotoxin
K03272	600_1	9	10	0.9	-1.43544139490868	0.00981902367853479	Bacillota	Clostridia	Lachnospirales	Lachnospiraceae	Bacteroides_F	Bacteroides_F pectinophilus	LPS / endotoxin
K03272	60_1	3	3	1									LPS / endotoxin
K03272	60_10	1	1	1									LPS / endotoxin
K03272	60_12	2	2	1									LPS / endotoxin
K03272	60_19	1	1	1									LPS / endotoxin
K03272	60_2	13	19	0.68421052631579	-0.704720195035236	0.222688071753967	Pseudomonadota	Gammaproteobacteria	Enterobacterales	Pasteurellaceae	Haemophilus_D	Haemophilus_D sp905205995	LPS / endotoxin
K03272	60_3	3	3	1									LPS / endotoxin
K03272	60_4	1	2	0.5									LPS / endotoxin
K03272	60_5	3	3	1									LPS / endotoxin
K03272	60_6	4	5	0.8									LPS / endotoxin
K03272	60_7	1	1	1									LPS / endotoxin
K03272	60_8	2	2	1									LPS / endotoxin
K03272	60_9	1	1	1									LPS / endotoxin
K03272	61_1	1	1	1									LPS / endotoxin
K03272	653_1	4	4	1									LPS / endotoxin
K03272	654_1	2	2	1									LPS / endotoxin
K03272	655_1	1	1	1									LPS / endotoxin
K03272	667_1	1	1	1									LPS / endotoxin
K03272	702_1	8	8	1									LPS / endotoxin
K03272	748_2	6	17	0.352941176470588	-0.257033069994511	0.621007671806081	Bacillota	Clostridia	Lachnospirales	Lachnospiraceae	Brotaphodocola	Brotaphodocola sp003478505	LPS / endotoxin
K03272	759_1	4	6	0.666666666666667									LPS / endotoxin
K03272	762_1	1	1	1									LPS / endotoxin
K03272	8_1	2	2	1									LPS / endotoxin
K03272	900_1	3	3	1									LPS / endotoxin
K03272	902_1	7	7	1									LPS / endotoxin
K03272	903_1	31	31	1	-0.103816619834537	0.917709957555471	Verrucomicrobiota	Verrucomicrobiia	Verrucomicrobiales	Akkermansiaceae	Akkermansia	Akkermansia muciniphila	LPS / endotoxin
K03272	903_2	1	1	1									LPS / endotoxin
K03272	904_1	1	1	1									LPS / endotoxin
K03272	908_1	1	1	1									LPS / endotoxin
K03272	909_1	1	1	1									LPS / endotoxin
K03272	909_2	1	1	1									LPS / endotoxin
K03272	910_1	82	88	0.931818181818182	0.473047598612671	0.304583391340693	Pseudomonadota	Gammaproteobacteria	Enterobacterales	Enterobacteriaceae	Escherichia	Escherichia coli	LPS / endotoxin
K03272	911_1	1	1	1									LPS / endotoxin
K03272	913_1	4	4	1									LPS / endotoxin
K03272	913_2	1	1	1									LPS / endotoxin
K03272	913_3	1	1	1									LPS / endotoxin
K03272	914_1	5	5	1									LPS / endotoxin
K03272	915_1	3	3	1									LPS / endotoxin
K03272	915_2	4	4	1									LPS / endotoxin
K03272	915_3	36	36	1	0.134378032138443	0.917709957555471	Pseudomonadota	Gammaproteobacteria	Enterobacterales	Enterobacteriaceae	Klebsiella	Klebsiella pneumoniae	LPS / endotoxin
K03272	916_1	1	1	1									LPS / endotoxin
K03272	932_1	2	2	1									LPS / endotoxin
K03272	933_1	6	6	1									LPS / endotoxin
K03272	936_1	2	2	1									LPS / endotoxin
K03272	937_1	13	13	1	-0.241923571364727	0.688715015596133	Verrucomicrobiota	Lentisphaeria	Victivallales	UBA1829	UBA11452	UBA11452 sp003526375	LPS / endotoxin
K03272	939_1	13	13	1	-0.582476799143684	0.274924252877668	Pseudomonadota	Gammaproteobacteria	Burkholderiales	Burkholderiaceae	Mesosutterella	Mesosutterella multiformis	LPS / endotoxin
K03272	939_2	1	1	1									LPS / endotoxin
K03272	940_1	1	1	1									LPS / endotoxin
K03272	941_1	1	1	1									LPS / endotoxin
K03272	942_1	5	6	0.833333333333333									LPS / endotoxin
K03272	943_1	1	1	1									LPS / endotoxin
K03272	944_1	1	1	1									LPS / endotoxin
K03272	9_1	4	4	1									LPS / endotoxin
K03273	1003_1	2	2	1									LPS / endotoxin
K03273	1004_1	7	8	0.875									LPS / endotoxin
K03273	100_1	1	1	1									LPS / endotoxin
K03273	100_2	9	9	1									LPS / endotoxin
K03273	101_1	1	1	1									LPS / endotoxin
K03273	1020_1	1	4	0.25									LPS / endotoxin
K03273	1031_2	1	3	0.333333333333333									LPS / endotoxin
K03273	1040_1	141	156	0.903846153846154	0.745021470471891	0.12435426833705	Bacteroidota	Bacteroidia	Bacteroidales	Bacteroidaceae	Bacteroides	Bacteroides uniformis	LPS / endotoxin
K03273	1043_1	15	32	0.46875	0.019094354544421	0.987596417076079	Bacteroidota	Bacteroidia	Bacteroidales	Bacteroidaceae	Bacteroides	Bacteroides thetaiotaomicron	LPS / endotoxin
K03273	1051_1	73	86	0.848837209302326	-0.229759068933236	0.702741495877688	Bacteroidota	Bacteroidia	Bacteroidales	Marinifilaceae	Odoribacter	Odoribacter splanchnicus	LPS / endotoxin
K03273	1052_1	1	1	1									LPS / endotoxin
K03273	1053_1	9	11	0.818181818181818	-0.605691333403473	0.440381178841193	Bacteroidota	Bacteroidia	Bacteroidales	Marinifilaceae	Butyricimonas	Butyricimonas faecalis	LPS / endotoxin
K03273	1053_2	1	1	1									LPS / endotoxin
K03273	1054_1	12	15	0.8	0.453957827453901	0.380704007840178	Bacteroidota	Bacteroidia	Bacteroidales	Marinifilaceae	Butyricimonas	""	LPS / endotoxin
K03273	1054_2	12	16	0.75	-0.0830589795416084	0.939012573140302	Bacteroidota	Bacteroidia	Bacteroidales	Marinifilaceae	Butyricimonas	Butyricimonas virosa	LPS / endotoxin
K03273	1054_3	8	12	0.666666666666667	-0.418405760914221	0.415564352658791	Bacteroidota	Bacteroidia	Bacteroidales	Marinifilaceae	Butyricimonas	Butyricimonas faecihominis	LPS / endotoxin
K03273	1054_4	7	8	0.875									LPS / endotoxin
K03273	1055_1	1	1	1									LPS / endotoxin
K03273	10_1	1	1	1									LPS / endotoxin
K03273	1105_1	1	1	1									LPS / endotoxin
K03273	1123_1	8	8	1									LPS / endotoxin
K03273	1124_1	14	15	0.933333333333333	0.983083342986006	0.0300286467860094	Bacteroidota	Bacteroidia	Bacteroidales	Rikenellaceae	Alistipes_A	Alistipes_A ihumii	LPS / endotoxin
K03273	1126_1	14	22	0.636363636363636	0.212185630767125	0.770318580797188	Bacteroidota	Bacteroidia	Bacteroidales	Rikenellaceae	Alistipes_A	Alistipes_A indistinctus	LPS / endotoxin
K03273	117_1	1	1	1									LPS / endotoxin
K03273	11_1	1	1	1									LPS / endotoxin
K03273	12_1	1	1	1									LPS / endotoxin
K03273	13_1	2	2	1									LPS / endotoxin
K03273	155_1	1	1	1									LPS / endotoxin
K03273	173_1	8	27	0.296296296296296	0.307822953780749	0.509547780060975	Bacillota	Bacilli	Erysipelotrichales	Coprobacillaceae	Thomasclavelia	Thomasclavelia ramosa	LPS / endotoxin
K03273	179_1	105	116	0.905172413793103	0.622474215001055	0.0870945140509126	Bacillota	Bacilli	Erysipelotrichales	Coprobacillaceae	Faecalibacillus	Faecalibacillus intestinalis	LPS / endotoxin
K03273	180_1	1	1	1									LPS / endotoxin
K03273	191_1	2	2	1									LPS / endotoxin
K03273	201_1	1	1	1									LPS / endotoxin
K03273	21_1	2	2	1									LPS / endotoxin
K03273	224_1	7	7	1									LPS / endotoxin
K03273	224_2	5	5	1									LPS / endotoxin
K03273	225_1	3	4	0.75									LPS / endotoxin
K03273	225_2	1	1	1									LPS / endotoxin
K03273	226_1	1	1	1									LPS / endotoxin
K03273	22_1	6	8	0.75									LPS / endotoxin
K03273	231_1	2	6	0.333333333333333									LPS / endotoxin
K03273	23_1	2	5	0.4									LPS / endotoxin
K03273	247_1	2	3	0.666666666666667									LPS / endotoxin
K03273	26_1	5	5	1									LPS / endotoxin
K03273	27_1	104	106	0.981132075471698	0.813502492465311	0.0163572745565952	Pseudomonadota	Gammaproteobacteria	Burkholderiales	Burkholderiaceae	Sutterella	Sutterella wadsworthensis	LPS / endotoxin
K03273	289_1	4	4	1									LPS / endotoxin
K03273	28_1	20	21	0.952380952380952	-0.0361969092085721	0.97895269557244	Pseudomonadota	Gammaproteobacteria	Burkholderiales	Burkholderiaceae	Sutterella	Sutterella faecalis	LPS / endotoxin
K03273	28_2	8	8	1									LPS / endotoxin
K03273	290_1	1	1	1									LPS / endotoxin
K03273	295_1	5	5	1									LPS / endotoxin
K03273	296_1	1	1	1									LPS / endotoxin
K03273	297_1	1	1	1									LPS / endotoxin
K03273	298_1	1	1	1									LPS / endotoxin
K03273	29_1	70	70	1	0.159382912070147	0.86402450234671	Pseudomonadota	Gammaproteobacteria	Burkholderiales	Burkholderiaceae	Sutterella	Sutterella wadsworthensis_A	LPS / endotoxin
K03273	2_1	2	2	1									LPS / endotoxin
K03273	305_1	2	3	0.666666666666667									LPS / endotoxin
K03273	306_1	99	126	0.785714285714286	0.665519920437379	0.139287301659451	Desulfobacterota_I	Desulfovibrionia	Desulfovibrionales	Desulfovibrionaceae	Bilophila	Bilophila wadsworthia	LPS / endotoxin
K03273	306_2	2	2	1									LPS / endotoxin
K03273	307_1	1	1	1									LPS / endotoxin
K03273	308_1	22	22	1	-0.580671708932085	0.202403431596351	Bacillota	Negativicutes	Acidaminococcales	Acidaminococcaceae	Phascolarctobacterium_A	Phascolarctobacterium_A succinatutens_B	LPS / endotoxin
K03273	308_2	20	20	1	0.440436698597377	0.497154177267794	Bacillota	Negativicutes	Acidaminococcales	Acidaminococcaceae	Phascolarctobacterium_A	Phascolarctobacterium_A succinatutens	LPS / endotoxin
K03273	309_1	1	1	1									LPS / endotoxin
K03273	30_1	1	1	1									LPS / endotoxin
K03273	310_1	3	3	1									LPS / endotoxin
K03273	311_1	64	67	0.955223880597015	0.0438679682441734	0.954071520793628	Bacillota	Negativicutes	Acidaminococcales	Acidaminococcaceae	Phascolarctobacterium	Phascolarctobacterium faecium	LPS / endotoxin
K03273	312_1	1	1	1									LPS / endotoxin
K03273	31_1	1	1	1									LPS / endotoxin
K03273	32_1	1	1	1									LPS / endotoxin
K03273	34_1	2	3	0.666666666666667									LPS / endotoxin
K03273	35_1	1	1	1									LPS / endotoxin
K03273	363_1	1	2	0.5									LPS / endotoxin
K03273	364_1	1	3	0.333333333333333									LPS / endotoxin
K03273	36_1	1	1	1									LPS / endotoxin
K03273	37_1	1	1	1									LPS / endotoxin
K03273	38_1	1	1	1									LPS / endotoxin
K03273	392_1	1	1	1									LPS / endotoxin
K03273	395_1	6	7	0.857142857142857									LPS / endotoxin
K03273	396_1	1	1	1									LPS / endotoxin
K03273	39_1	10	12	0.833333333333333	-1.59593253056797	0.0503680321304428	Pseudomonadota	Gammaproteobacteria	Burkholderiales	Burkholderiaceae	Duodenibacillus	Duodenibacillus sp900544335	LPS / endotoxin
K03273	40_1	39	42	0.928571428571429	0.203893836581251	0.833102298794183	Pseudomonadota	Gammaproteobacteria	Burkholderiales	Burkholderiaceae	Parasutterella	Parasutterella excrementihominis	LPS / endotoxin
K03273	40_2	32	33	0.96969696969697	-0.188519900743662	0.757559086992637	Pseudomonadota	Gammaproteobacteria	Burkholderiales	Burkholderiaceae	Parasutterella	Parasutterella gallistercoris	LPS / endotoxin
K03273	40_3	2	2	1									LPS / endotoxin
K03273	41_1	2	3	0.666666666666667									LPS / endotoxin
K03273	42_1	3	3	1									LPS / endotoxin
K03273	42_2	6	6	1									LPS / endotoxin
K03273	43_1	1	1	1									LPS / endotoxin
K03273	44_1	18	18	1	-0.456509804402735	0.844475629302577	Pseudomonadota	Gammaproteobacteria	Burkholderiales	Burkholderiaceae	Duodenibacillus	Duodenibacillus massiliensis	LPS / endotoxin
K03273	451_1	1	2	0.5									LPS / endotoxin
K03273	45_1	4	4	1									LPS / endotoxin
K03273	465_1	1	3	0.333333333333333									LPS / endotoxin
K03273	472_1	3	4	0.75									LPS / endotoxin
K03273	47_1	1	1	1									LPS / endotoxin
K03273	484_1	8	8	1									LPS / endotoxin
K03273	485_1	12	12	1	0.569670196723303	0.379903512754518	Bacillota	Negativicutes	Veillonellales	Veillonellaceae	Veillonella	Veillonella parvula_A	LPS / endotoxin
K03273	486_1	11	14	0.785714285714286	-0.520328170491622	0.212836289515412	Bacillota	Negativicutes	Veillonellales	Veillonellaceae	Veillonella	Veillonella infantium_A	LPS / endotoxin
K03273	486_2	1	1	1									LPS / endotoxin
K03273	486_3	2	2	1									LPS / endotoxin
K03273	486_4	1	1	1									LPS / endotoxin
K03273	486_5	1	1	1									LPS / endotoxin
K03273	486_6	1	1	1									LPS / endotoxin
K03273	486_7	1	1	1									LPS / endotoxin
K03273	510_1	44	48	0.916666666666667	-0.0908642551778141	0.927175507808937	Bacillota	Negativicutes	Selenomonadales	Selenomonadaceae	Mitsuokella	Mitsuokella jalaludinii	LPS / endotoxin
K03273	510_2	5	5	1									LPS / endotoxin
K03273	511_1	1	1	1									LPS / endotoxin
K03273	518_3	2	2	1									LPS / endotoxin
K03273	537_1	7	7	1									LPS / endotoxin
K03273	538_1	3	3	1									LPS / endotoxin
K03273	539_1	10	11	0.909090909090909	0.131522587006985	0.869091839001416	Bacillota	Negativicutes	Veillonellales	Megasphaeraceae	Caecibacter	Caecibacter massiliensis	LPS / endotoxin
K03273	540_1	1	1	1									LPS / endotoxin
K03273	541_1	7	7	1									LPS / endotoxin
K03273	541_2	30	30	1	-0.136009261813823	0.857598970815532	Bacillota	Negativicutes	Veillonellales	Megasphaeraceae	Megasphaera	Megasphaera elsdenii	LPS / endotoxin
K03273	542_1	6	6	1									LPS / endotoxin
K03273	542_2	1	1	1									LPS / endotoxin
K03273	543_1	1	1	1									LPS / endotoxin
K03273	544_1	32	39	0.82051282051282	-0.0967301142717485	0.906956554086696	Bacillota	Negativicutes	Veillonellales	Dialisteraceae	Dialister	Dialister invisus	LPS / endotoxin
K03273	545_1	4	8	0.5									LPS / endotoxin
K03273	546_1	27	28	0.964285714285714	-0.0201495689243513	0.986364952381606	Bacillota	Negativicutes	Veillonellales	Dialisteraceae	Dialister	Dialister hominis	LPS / endotoxin
K03273	547_1	23	24	0.958333333333333	-0.600102042337062	0.210717481829925	Bacillota	Negativicutes	Veillonellales	Dialisteraceae	Dialister	Dialister sp000434475	LPS / endotoxin
K03273	548_1	2	2	1									LPS / endotoxin
K03273	549_1	11	11	1	0.236742646516818	0.692843369608951	Bacillota	Negativicutes	Veillonellales	Dialisteraceae	Dialister	Dialister sp002320515	LPS / endotoxin
K03273	549_2	27	27	1	-1.10074330334457	0.0867577302918209	Bacillota	Negativicutes	Veillonellales	Dialisteraceae	Dialister	Dialister succinatiphilus	LPS / endotoxin
K03273	550_3	1	3	0.333333333333333									LPS / endotoxin
K03273	559_1	1	3	0.333333333333333									LPS / endotoxin
K03273	573_1	1	2	0.5									LPS / endotoxin
K03273	574_1	10	36	0.277777777777778	-0.55705949944132	0.506479074800242	Bacillota	Clostridia	Lachnospirales	Lachnospiraceae	Coprococcus	Coprococcus ammoniilyticus	LPS / endotoxin
K03273	59_1	3	3	1									LPS / endotoxin
K03273	60_1	3	3	1									LPS / endotoxin
K03273	60_11	1	1	1									LPS / endotoxin
K03273	60_16	1	1	1									LPS / endotoxin
K03273	60_2	14	19	0.736842105263158	-0.704720195035236	0.222688071753967	Pseudomonadota	Gammaproteobacteria	Enterobacterales	Pasteurellaceae	Haemophilus_D	Haemophilus_D sp905205995	LPS / endotoxin
K03273	60_20	1	1	1									LPS / endotoxin
K03273	60_3	3	3	1									LPS / endotoxin
K03273	60_4	2	2	1									LPS / endotoxin
K03273	60_5	3	3	1									LPS / endotoxin
K03273	60_6	4	5	0.8									LPS / endotoxin
K03273	60_7	1	1	1									LPS / endotoxin
K03273	60_8	1	2	0.5									LPS / endotoxin
K03273	634_1	1	1	1									LPS / endotoxin
K03273	640_1	1	1	1									LPS / endotoxin
K03273	653_1	4	4	1									LPS / endotoxin
K03273	654_1	2	2	1									LPS / endotoxin
K03273	657_1	1	2	0.5									LPS / endotoxin
K03273	661_1	1	1	1									LPS / endotoxin
K03273	670_1	1	1	1									LPS / endotoxin
K03273	695_1	1	1	1									LPS / endotoxin
K03273	701_1	6	12	0.5	-0.213140673170657	0.770318580797188	Bacillota	Clostridia	Lachnospirales	Lachnospiraceae	CAG-882	CAG-882 sp003486385	LPS / endotoxin
K03273	702_1	8	8	1									LPS / endotoxin
K03273	731_1	8	11	0.727272727272727	-2.04871525105564	0.00496405451323191	Bacillota	Clostridia	Lachnospirales	Lachnospiraceae	CAG-194	CAG-194 sp000432915	LPS / endotoxin
K03273	740_1	44	50	0.88	-0.531652049514189	0.524694664837246	Bacillota	Clostridia	Lachnospirales	Lachnospiraceae	UBA3402	UBA3402 sp003478355	LPS / endotoxin
K03273	741_1	4	4	1									LPS / endotoxin
K03273	742_1	32	35	0.914285714285714	0.261407436398267	0.654951089379597	Bacillota	Clostridia	Lachnospirales	Lachnospiraceae	Otoolea	Otoolea sp000435655	LPS / endotoxin
K03273	743_1	1	1	1									LPS / endotoxin
K03273	743_2	1	1	1									LPS / endotoxin
K03273	745_1	9	9	1									LPS / endotoxin
K03273	746_1	2	2	1									LPS / endotoxin
K03273	747_1	1	1	1									LPS / endotoxin
K03273	747_2	2	3	0.666666666666667									LPS / endotoxin
K03273	747_3	4	4	1									LPS / endotoxin
K03273	747_4	1	1	1									LPS / endotoxin
K03273	748_1	35	39	0.897435897435897	-0.789974310512618	0.132634441365631	Bacillota	Clostridia	Lachnospirales	Lachnospiraceae	Brotaphodocola	Brotaphodocola sp003480315	LPS / endotoxin
K03273	748_2	14	17	0.823529411764706	-0.257033069994511	0.621007671806081	Bacillota	Clostridia	Lachnospirales	Lachnospiraceae	Brotaphodocola	Brotaphodocola sp003478505	LPS / endotoxin
K03273	749_1	147	159	0.924528301886792	-0.138641879962926	0.870212501843107	Bacillota	Clostridia	Lachnospirales	Lachnospiraceae	Otoolea	Otoolea fessa	LPS / endotoxin
K03273	74_1	1	1	1									LPS / endotoxin
K03273	750_1	6	23	0.260869565217391	0.0750243767748776	0.935556466053977	Bacillota	Clostridia	Lachnospirales	Lachnospiraceae	Alitiscatomonas	Alitiscatomonas aceti	LPS / endotoxin
K03273	753_1	5	6	0.833333333333333									LPS / endotoxin
K03273	754_1	3	3	1									LPS / endotoxin
K03273	754_2	1	2	0.5									LPS / endotoxin
K03273	755_1	3	3	1									LPS / endotoxin
K03273	756_1	104	109	0.954128440366972	0.201675598319069	0.72237476333877	Bacillota	Clostridia	Lachnospirales	Lachnospiraceae	Enterocloster	Enterocloster sp000431375	LPS / endotoxin
K03273	756_2	23	27	0.851851851851852	-1.29505069239	0.0209923087006977	Bacillota	Clostridia	Lachnospirales	Lachnospiraceae	Enterocloster	Enterocloster sp900541315	LPS / endotoxin
K03273	756_3	1	1	1									LPS / endotoxin
K03273	756_4	1	1	1									LPS / endotoxin
K03273	757_1	2	2	1									LPS / endotoxin
K03273	758_1	57	60	0.95	0.793121393333542	0.0436629946280636	Bacillota	Clostridia	Lachnospirales	Lachnospiraceae	Enterocloster	Enterocloster sp001517625	LPS / endotoxin
K03273	760_1	21	22	0.954545454545455	0.0368994370031712	0.982138997559126	Bacillota	Clostridia	Lachnospirales	Lachnospiraceae	Enterocloster	Enterocloster bolteae	LPS / endotoxin
K03273	760_2	2	2	1									LPS / endotoxin
K03273	761_1	3	4	0.75									LPS / endotoxin
K03273	762_1	1	1	1									LPS / endotoxin
K03273	881_2	1	1	1									LPS / endotoxin
K03273	888_1	1	1	1									LPS / endotoxin
K03273	8_1	2	2	1									LPS / endotoxin
K03273	900_1	3	3	1									LPS / endotoxin
K03273	902_1	7	7	1									LPS / endotoxin
K03273	903_1	28	31	0.903225806451613	-0.103816619834537	0.917709957555471	Verrucomicrobiota	Verrucomicrobiia	Verrucomicrobiales	Akkermansiaceae	Akkermansia	Akkermansia muciniphila	LPS / endotoxin
K03273	903_2	1	1	1									LPS / endotoxin
K03273	905_1	1	1	1									LPS / endotoxin
K03273	908_1	1	1	1									LPS / endotoxin
K03273	909_1	1	1	1									LPS / endotoxin
K03273	910_1	77	88	0.875	0.473047598612671	0.304583391340693	Pseudomonadota	Gammaproteobacteria	Enterobacterales	Enterobacteriaceae	Escherichia	Escherichia coli	LPS / endotoxin
K03273	910_2	1	1	1									LPS / endotoxin
K03273	912_1	2	3	0.666666666666667									LPS / endotoxin
K03273	913_1	4	4	1									LPS / endotoxin
K03273	913_2	1	1	1									LPS / endotoxin
K03273	913_3	1	1	1									LPS / endotoxin
K03273	914_1	5	5	1									LPS / endotoxin
K03273	915_1	3	3	1									LPS / endotoxin
K03273	915_2	3	4	0.75									LPS / endotoxin
K03273	915_3	36	36	1	0.134378032138443	0.917709957555471	Pseudomonadota	Gammaproteobacteria	Enterobacterales	Enterobacteriaceae	Klebsiella	Klebsiella pneumoniae	LPS / endotoxin
K03273	916_1	1	1	1									LPS / endotoxin
K03273	932_1	1	2	0.5									LPS / endotoxin
K03273	933_1	6	6	1									LPS / endotoxin
K03273	934_1	10	11	0.909090909090909	-0.41931158710435	0.699473689670921	Verrucomicrobiota	Lentisphaeria	Victivallales	Victivallaceae	Victivallis	Victivallis lenta	LPS / endotoxin
K03273	935_1	1	1	1									LPS / endotoxin
K03273	936_1	1	2	0.5									LPS / endotoxin
K03273	938_1	1	1	1									LPS / endotoxin
K03273	939_1	13	13	1	-0.582476799143684	0.274924252877668	Pseudomonadota	Gammaproteobacteria	Burkholderiales	Burkholderiaceae	Mesosutterella	Mesosutterella multiformis	LPS / endotoxin
K03273	939_2	1	1	1									LPS / endotoxin
K03273	940_1	1	1	1									LPS / endotoxin
K03273	941_1	1	1	1									LPS / endotoxin
K03273	942_1	6	6	1									LPS / endotoxin
K03273	943_1	1	1	1									LPS / endotoxin
K03273	944_1	1	1	1									LPS / endotoxin
K03273	948_1	11	11	1	-0.0979922819887544	0.92352297586185	Pseudomonadota	Alphaproteobacteria	RF32	CAG-239	Scatocola	Scatocola faecipullorum	LPS / endotoxin
K03273	949_1	2	2	1									LPS / endotoxin
K03273	97_1	6	6	1									LPS / endotoxin
K03273	980_3	1	2	0.5									LPS / endotoxin
K03273	98_1	1	1	1									LPS / endotoxin
K03273	99_1	7	7	1									LPS / endotoxin
K03273	9_1	4	4	1									LPS / endotoxin
K04042	100_1	1	1	1									LPS / endotoxin
K04042	100_2	9	9	1									LPS / endotoxin
K04042	101_1	1	1	1									LPS / endotoxin
K04042	102_1	1	1	1									LPS / endotoxin
K04042	1036_1	1	1	1									LPS / endotoxin
K04042	103_1	1	1	1									LPS / endotoxin
K04042	1045_1	2	8	0.25									LPS / endotoxin
K04042	1049_1	1	1	1									LPS / endotoxin
K04042	1057_1	2	2	1									LPS / endotoxin
K04042	1058_1	24	25	0.96	-0.837358316157133	0.101530848406785	Actinomycetota	Coriobacteriia	Coriobacteriales	Eggerthellaceae	Anaerotardibacter	Anaerotardibacter sp000436075	LPS / endotoxin
K04042	1058_2	18	18	1	-1.18144441517648	0.00871718429781164	Actinomycetota	Coriobacteriia	Coriobacteriales	Eggerthellaceae	Anaerotardibacter	Anaerotardibacter sp900544455	LPS / endotoxin
K04042	1059_1	2	2	1									LPS / endotoxin
K04042	1060_1	8	8	1									LPS / endotoxin
K04042	1061_1	2	2	1									LPS / endotoxin
K04042	1063_1	2	2	1									LPS / endotoxin
K04042	1063_2	1	1	1									LPS / endotoxin
K04042	1063_3	1	1	1									LPS / endotoxin
K04042	1064_1	1	1	1									LPS / endotoxin
K04042	1065_1	1	1	1									LPS / endotoxin
K04042	1066_1	3	3	1									LPS / endotoxin
K04042	1067_1	20	20	1	0.0692668402219812	0.937837942512275	Actinomycetota	Coriobacteriia	Coriobacteriales	Atopobiaceae	Paratractidigestivibacter	Paratractidigestivibacter faecalis	LPS / endotoxin
K04042	1068_1	1	1	1									LPS / endotoxin
K04042	1069_1	2	2	1									LPS / endotoxin
K04042	106_1	3	7	0.428571428571429									LPS / endotoxin
K04042	1070_1	7	10	0.7	0.0291851094542721	0.974140336086172	Actinomycetota	Coriobacteriia	Coriobacteriales	Coriobacteriaceae	Collinsella	Collinsella intestinalis	LPS / endotoxin
K04042	1071_1	2	2	1									LPS / endotoxin
K04042	1072_1	2	2	1									LPS / endotoxin
K04042	1073_1	5	7	0.714285714285714									LPS / endotoxin
K04042	1073_2	2	2	1									LPS / endotoxin
K04042	1074_1	22	22	1	-0.513807714770883	0.483468909616883	Actinomycetota	Coriobacteriia	Coriobacteriales	Coriobacteriaceae	Collinsella	""	LPS / endotoxin
K04042	1074_10	1	1	1									LPS / endotoxin
K04042	1074_11	4	4	1									LPS / endotoxin
K04042	1074_12	3	5	0.6									LPS / endotoxin
K04042	1074_13	2	2	1									LPS / endotoxin
K04042	1074_14	1	1	1									LPS / endotoxin
K04042	1074_15	1	2	0.5									LPS / endotoxin
K04042	1074_16	1	2	0.5									LPS / endotoxin
K04042	1074_17	2	2	1									LPS / endotoxin
K04042	1074_18	1	1	1									LPS / endotoxin
K04042	1074_19	1	1	1									LPS / endotoxin
K04042	1074_2	9	9	1									LPS / endotoxin
K04042	1074_20	1	1	1									LPS / endotoxin
K04042	1074_21	6	8	0.75									LPS / endotoxin
K04042	1074_22	1	1	1									LPS / endotoxin
K04042	1074_23	3	3	1									LPS / endotoxin
K04042	1074_24	1	1	1									LPS / endotoxin
K04042	1074_26	3	6	0.5									LPS / endotoxin
K04042	1074_27	1	1	1									LPS / endotoxin
K04042	1074_3	17	19	0.894736842105263	0.318133869164916	0.615729532216391	Actinomycetota	Coriobacteriia	Coriobacteriales	Coriobacteriaceae	Collinsella	Collinsella sp003459245	LPS / endotoxin
K04042	1074_31	1	1	1									LPS / endotoxin
K04042	1074_32	1	1	1									LPS / endotoxin
K04042	1074_34	1	1	1									LPS / endotoxin
K04042	1074_35	1	1	1									LPS / endotoxin
K04042	1074_4	1	1	1									LPS / endotoxin
K04042	1074_5	8	8	1									LPS / endotoxin
K04042	1074_6	4	4	1									LPS / endotoxin
K04042	1074_7	3	3	1									LPS / endotoxin
K04042	1074_8	15	16	0.9375	-0.602232921384223	0.320138272702497	Actinomycetota	Coriobacteriia	Coriobacteriales	Coriobacteriaceae	Collinsella	""	LPS / endotoxin
K04042	1074_9	3	3	1									LPS / endotoxin
K04042	1075_1	1	1	1									LPS / endotoxin
K04042	1076_1	4	4	1									LPS / endotoxin
K04042	1077_1	1	1	1									LPS / endotoxin
K04042	1078_1	3	3	1									LPS / endotoxin
K04042	1079_1	12	13	0.923076923076923	-0.556759533219657	0.277978335907629	Actinomycetota	Coriobacteriia	Coriobacteriales	Eggerthellaceae	Anaerotardibacter	Anaerotardibacter sp000435675	LPS / endotoxin
K04042	1079_2	1	1	1									LPS / endotoxin
K04042	1080_1	1	2	0.5									LPS / endotoxin
K04042	1080_2	1	1	1									LPS / endotoxin
K04042	1081_1	13	13	1	-0.422572242501209	0.260033038187731	Actinomycetota	Coriobacteriia	Coriobacteriales	Eggerthellaceae	Ellagibacter	Ellagibacter isourolithinifaciens	LPS / endotoxin
K04042	1082_1	14	15	0.933333333333333	-0.514771269033049	0.347784276447953	Actinomycetota	Coriobacteriia	Coriobacteriales	Eggerthellaceae	Slackia	Slackia isoflavoniconvertens	LPS / endotoxin
K04042	1083_1	1	1	1									LPS / endotoxin
K04042	1083_2	3	3	1									LPS / endotoxin
K04042	1084_1	1	1	1									LPS / endotoxin
K04042	1085_1	9	11	0.818181818181818	-0.321372000198904	0.384265230319888	Actinomycetota	Coriobacteriia	Coriobacteriales	Eggerthellaceae	Senegalimassilia	Senegalimassilia faecalis	LPS / endotoxin
K04042	1086_1	33	35	0.942857142857143	-0.172634921823342	0.855856822026673	Actinomycetota	Coriobacteriia	Coriobacteriales	Eggerthellaceae	Senegalimassilia	Senegalimassilia sp003474385	LPS / endotoxin
K04042	1086_2	1	1	1									LPS / endotoxin
K04042	1087_1	25	29	0.862068965517241	-1.18601844555949	0.00240146105029924	Actinomycetota	Coriobacteriia	Coriobacteriales	Eggerthellaceae	Adlercreutzia	Adlercreutzia rubneri	LPS / endotoxin
K04042	1087_2	37	40	0.925	-0.141801278339665	0.855856822026673	Actinomycetota	Coriobacteriia	Coriobacteriales	Eggerthellaceae	Adlercreutzia	Adlercreutzia equolifaciens	LPS / endotoxin
K04042	1088_1	1	1	1									LPS / endotoxin
K04042	1089_1	1	1	1									LPS / endotoxin
K04042	1090_1	7	8	0.875									LPS / endotoxin
K04042	1090_2	2	2	1									LPS / endotoxin
K04042	1091_1	2	2	1									LPS / endotoxin
K04042	1092_1	66	73	0.904109589041096	-0.00159963330957656	0.999407958867046	Actinomycetota	Coriobacteriia	Coriobacteriales	Eggerthellaceae	Eggerthella	Eggerthella lenta	LPS / endotoxin
K04042	1093_1	4	4	1									LPS / endotoxin
K04042	1094_1	8	8	1									LPS / endotoxin
K04042	1095_1	1	1	1									LPS / endotoxin
K04042	1096_1	6	6	1									LPS / endotoxin
K04042	1096_2	1	1	1									LPS / endotoxin
K04042	1096_4	3	4	0.75									LPS / endotoxin
K04042	1096_5	1	1	1									LPS / endotoxin
K04042	1096_6	1	1	1									LPS / endotoxin
K04042	1097_1	12	12	1	0.0269774703599389	0.986223214161706	Actinomycetota	Actinomycetes	Actinomycetales	Bifidobacteriaceae	Bifidobacterium	Bifidobacterium animalis_B	LPS / endotoxin
K04042	1098_1	2	3	0.666666666666667									LPS / endotoxin
K04042	1099_1	96	115	0.834782608695652	0.701404799674147	0.157622252780984	Actinomycetota	Actinomycetes	Actinomycetales	Bifidobacteriaceae	Bifidobacterium	Bifidobacterium adolescentis	LPS / endotoxin
K04042	10_1	1	1	1									LPS / endotoxin
K04042	1100_1	94	112	0.839285714285714	0.171199520407769	0.857598970815532	Actinomycetota	Actinomycetes	Actinomycetales	Bifidobacteriaceae	Bifidobacterium	Bifidobacterium pseudocatenulatum	LPS / endotoxin
K04042	1100_2	7	9	0.777777777777778									LPS / endotoxin
K04042	1100_3	1	1	1									LPS / endotoxin
K04042	1100_4	3	3	1									LPS / endotoxin
K04042	1100_5	1	1	1									LPS / endotoxin
K04042	1101_1	52	55	0.945454545454546	-0.319890280157619	0.53121493408492	Actinomycetota	Actinomycetes	Actinomycetales	Bifidobacteriaceae	Bifidobacterium	Bifidobacterium bifidum	LPS / endotoxin
K04042	1102_1	139	149	0.932885906040269	0.560776878578486	0.133292324070373	Actinomycetota	Actinomycetes	Actinomycetales	Bifidobacteriaceae	Bifidobacterium	Bifidobacterium longum	LPS / endotoxin
K04042	1102_2	1	2	0.5									LPS / endotoxin
K04042	112_1	1	1	1									LPS / endotoxin
K04042	131_1	3	12	0.25	-0.239498666748025	0.642319073089765	Bacillota	Bacilli	RF39	UBA660	CAG-611	CAG-611 sp000434175	LPS / endotoxin
K04042	133_1	1	1	1									LPS / endotoxin
K04042	134_1	1	1	1									LPS / endotoxin
K04042	13_1	2	2	1									LPS / endotoxin
K04042	148_1	22	23	0.956521739130435	-0.467799057470357	0.564607822933228	Bacillota	Bacilli	RF39	UBA660	CAG-302	CAG-302 sp000431795	LPS / endotoxin
K04042	153_1	3	3	1									LPS / endotoxin
K04042	154_1	8	10	0.8	-0.373989605063359	0.428544642195116	Bacillota	Bacilli	MOL361	Turicibacteraceae	Turicibacter	Turicibacter bilis	LPS / endotoxin
K04042	155_1	1	1	1									LPS / endotoxin
K04042	156_1	2	2	1									LPS / endotoxin
K04042	158_2	15	16	0.9375	-0.546770164412668	0.238418856837908	Bacillota	Bacilli	ML615J-28	CAG-313	CAG-313	CAG-313 sp003539625	LPS / endotoxin
K04042	159_1	4	4	1									LPS / endotoxin
K04042	15_1	6	6	1									LPS / endotoxin
K04042	160_1	3	4	0.75									LPS / endotoxin
K04042	160_2	1	3	0.333333333333333									LPS / endotoxin
K04042	161_1	1	2	0.5									LPS / endotoxin
K04042	161_2	1	1	1									LPS / endotoxin
K04042	162_1	1	1	1									LPS / endotoxin
K04042	163_1	2	2	1									LPS / endotoxin
K04042	164_1	21	22	0.954545454545455	0.326964690209221	0.313942333611298	Bacillota	Bacilli	Erysipelotrichales	Erysipelotrichaceae	Clostridium_AQ	Clostridium_AQ innocuum	LPS / endotoxin
K04042	165_1	1	1	1									LPS / endotoxin
K04042	166_1	16	18	0.888888888888889	1.32850482576754	0.0099970529836233	Bacillota	Bacilli	Erysipelotrichales	Erysipelotrichaceae	Amedibacterium	Amedibacterium intestinale	LPS / endotoxin
K04042	167_1	1	1	1									LPS / endotoxin
K04042	168_1	2	2	1									LPS / endotoxin
K04042	170_1	2	2	1									LPS / endotoxin
K04042	171_1	2	3	0.666666666666667									LPS / endotoxin
K04042	172_1	7	7	1									LPS / endotoxin
K04042	172_2	1	1	1									LPS / endotoxin
K04042	173_1	26	27	0.962962962962963	0.307822953780749	0.509547780060975	Bacillota	Bacilli	Erysipelotrichales	Coprobacillaceae	Thomasclavelia	Thomasclavelia ramosa	LPS / endotoxin
K04042	174_1	1	1	1									LPS / endotoxin
K04042	175_1	4	5	0.8									LPS / endotoxin
K04042	176_1	3	3	1									LPS / endotoxin
K04042	177_1	1	1	1									LPS / endotoxin
K04042	178_1	63	65	0.969230769230769	-1.20867705912629	0.0442997574675555	Bacillota	Bacilli	Erysipelotrichales	Coprobacillaceae	Catenibacterium	Catenibacterium mitsuokai	LPS / endotoxin
K04042	178_2	3	3	1									LPS / endotoxin
K04042	179_1	113	116	0.974137931034483	0.622474215001055	0.0870945140509126	Bacillota	Bacilli	Erysipelotrichales	Coprobacillaceae	Faecalibacillus	Faecalibacillus intestinalis	LPS / endotoxin
K04042	179_2	13	14	0.928571428571429	-0.708743101186255	0.139260622340075	Bacillota	Bacilli	Erysipelotrichales	Coprobacillaceae	Faecalibacillus	Faecalibacillus faecis	LPS / endotoxin
K04042	17_1	2	2	1									LPS / endotoxin
K04042	180_1	1	1	1									LPS / endotoxin
K04042	181_1	1	1	1									LPS / endotoxin
K04042	182_1	2	2	1									LPS / endotoxin
K04042	183_1	10	11	0.909090909090909	-1.00954114009101	0.0444760431520508	Bacillota	Bacilli	Erysipelotrichales	Erysipelotrichaceae	Bulleidia	Bulleidia sp900539965	LPS / endotoxin
K04042	184_1	1	1	1									LPS / endotoxin
K04042	185_1	49	52	0.942307692307692	-0.597980927787929	0.291451235526897	Bacillota	Bacilli	Erysipelotrichales	Erysipelotrichaceae	Holdemanella	Holdemanella sp900556915	LPS / endotoxin
K04042	185_2	37	37	1	0.204382310023734	0.829680563447189	Bacillota	Bacilli	Erysipelotrichales	Erysipelotrichaceae	Holdemanella	Holdemanella biformis	LPS / endotoxin
K04042	185_3	1	1	1									LPS / endotoxin
K04042	185_4	2	2	1									LPS / endotoxin
K04042	185_6	2	2	1									LPS / endotoxin
K04042	185_7	1	1	1									LPS / endotoxin
K04042	186_1	1	1	1									LPS / endotoxin
K04042	188_1	1	2	0.5									LPS / endotoxin
K04042	189_1	1	2	0.5									LPS / endotoxin
K04042	18_1	1	1	1									LPS / endotoxin
K04042	191_1	2	2	1									LPS / endotoxin
K04042	192_1	1	4	0.25									LPS / endotoxin
K04042	193_1	1	1	1									LPS / endotoxin
K04042	194_1	2	2	1									LPS / endotoxin
K04042	194_2	1	1	1									LPS / endotoxin
K04042	194_3	1	1	1									LPS / endotoxin
K04042	194_4	1	1	1									LPS / endotoxin
K04042	194_5	1	1	1									LPS / endotoxin
K04042	194_6	1	1	1									LPS / endotoxin
K04042	195_1	1	1	1									LPS / endotoxin
K04042	196_1	1	1	1									LPS / endotoxin
K04042	197_1	1	1	1									LPS / endotoxin
K04042	19_1	1	1	1									LPS / endotoxin
K04042	203_1	1	1	1									LPS / endotoxin
K04042	205_1	2	2	1									LPS / endotoxin
K04042	206_1	1	2	0.5									LPS / endotoxin
K04042	209_1	8	8	1									LPS / endotoxin
K04042	20_1	1	1	1									LPS / endotoxin
K04042	210_1	1	1	1									LPS / endotoxin
K04042	211_1	2	2	1									LPS / endotoxin
K04042	212_1	25	26	0.961538461538461	-0.164752452134152	0.794463298842308	Bacillota	Clostridia	Oscillospirales	Acutalibacteraceae	Eubacterium_R	Eubacterium_R sp000434995	LPS / endotoxin
K04042	213_1	51	53	0.962264150943396	-0.577220020863697	0.522069341884661	Bacillota	Clostridia	Oscillospirales	Acutalibacteraceae	Eubacterium_R	Eubacterium_R sp000436835	LPS / endotoxin
K04042	214_1	4	4	1									LPS / endotoxin
K04042	215_1	2	2	1									LPS / endotoxin
K04042	217_1	72	72	1	-0.108585260323466	0.906956554086696	Bacillota	Clostridia	Oscillospirales	Acutalibacteraceae	Fimenecus	Fimenecus sp000432435	LPS / endotoxin
K04042	218_1	3	3	1									LPS / endotoxin
K04042	219_1	2	2	1									LPS / endotoxin
K04042	21_1	2	2	1									LPS / endotoxin
K04042	220_1	1	1	1									LPS / endotoxin
K04042	221_1	7	8	0.875									LPS / endotoxin
K04042	222_1	1	1	1									LPS / endotoxin
K04042	223_1	1	1	1									LPS / endotoxin
K04042	224_1	7	7	1									LPS / endotoxin
K04042	224_2	5	5	1									LPS / endotoxin
K04042	225_1	3	4	0.75									LPS / endotoxin
K04042	226_1	1	1	1									LPS / endotoxin
K04042	228_1	1	2	0.5									LPS / endotoxin
K04042	229_1	12	12	1	-0.207473561773505	0.716644473768369	Bacillota	Clostridia	Christensenellales	Aristaeellaceae	Limiplasma	Limiplasma sp900548145	LPS / endotoxin
K04042	229_2	1	1	1									LPS / endotoxin
K04042	22_1	7	8	0.875									LPS / endotoxin
K04042	232_1	1	1	1									LPS / endotoxin
K04042	235_1	6	6	1									LPS / endotoxin
K04042	236_1	6	6	1									LPS / endotoxin
K04042	237_1	1	1	1									LPS / endotoxin
K04042	238_1	1	1	1									LPS / endotoxin
K04042	239_1	1	4	0.25									LPS / endotoxin
K04042	23_1	5	5	1									LPS / endotoxin
K04042	23_2	1	1	1									LPS / endotoxin
K04042	240_1	1	1	1									LPS / endotoxin
K04042	242_1	8	12	0.666666666666667	-1.80635054857245	0.0940957035536014	Bacillota	Clostridia	Oscillospirales	Acutalibacteraceae	UMGS856	UMGS856 sp900546265	LPS / endotoxin
K04042	244_1	2	2	1									LPS / endotoxin
K04042	245_1	2	2	1									LPS / endotoxin
K04042	246_1	1	1	1									LPS / endotoxin
K04042	247_1	2	3	0.666666666666667									LPS / endotoxin
K04042	248_1	1	1	1									LPS / endotoxin
K04042	249_1	3	3	1									LPS / endotoxin
K04042	250_1	5	5	1									LPS / endotoxin
K04042	251_1	4	4	1									LPS / endotoxin
K04042	251_2	1	1	1									LPS / endotoxin
K04042	253_1	1	1	1									LPS / endotoxin
K04042	254_1	1	1	1									LPS / endotoxin
K04042	255_1	45	52	0.865384615384615	0.283093937398622	0.690814022366494	Bacillota	Clostridia	Oscillospirales	Ruminococcaceae	Ruthenibacterium	Ruthenibacterium lactatiformans	LPS / endotoxin
K04042	261_1	2	2	1									LPS / endotoxin
K04042	262_1	12	14	0.857142857142857	-0.795661344060123	0.378001205993654	Bacillota	Clostridia	Oscillospirales	Acutalibacteraceae	Clostridium_A	Clostridium_A leptum	LPS / endotoxin
K04042	263_1	1	4	0.25									LPS / endotoxin
K04042	268_1	2	3	0.666666666666667									LPS / endotoxin
K04042	26_1	5	5	1									LPS / endotoxin
K04042	270_1	2	3	0.666666666666667									LPS / endotoxin
K04042	271_1	3	3	1									LPS / endotoxin
K04042	272_1	21	25	0.84	-0.464772598582986	0.366970584236817	Bacillota	Clostridia	Oscillospirales	Acutalibacteraceae	UBA737	UBA737 sp900549055	LPS / endotoxin
K04042	272_2	7	9	0.777777777777778									LPS / endotoxin
K04042	272_3	1	1	1									LPS / endotoxin
K04042	273_1	2	3	0.666666666666667									LPS / endotoxin
K04042	275_1	2	2	1									LPS / endotoxin
K04042	276_1	6	6	1									LPS / endotoxin
K04042	279_1	5	6	0.833333333333333									LPS / endotoxin
K04042	27_1	99	106	0.933962264150943	0.813502492465311	0.0163572745565952	Pseudomonadota	Gammaproteobacteria	Burkholderiales	Burkholderiaceae	Sutterella	Sutterella wadsworthensis	LPS / endotoxin
K04042	283_1	23	24	0.958333333333333	-1.36433251741329	0.0725839287548737	Bacillota	Clostridia	Oscillospirales	Butyricicoccaceae	Butyricicoccus_A	Butyricicoccus_A intestinisimiae	LPS / endotoxin
K04042	286_1	3	7	0.428571428571429									LPS / endotoxin
K04042	289_1	4	4	1									LPS / endotoxin
K04042	28_1	13	21	0.619047619047619	-0.0361969092085721	0.97895269557244	Pseudomonadota	Gammaproteobacteria	Burkholderiales	Burkholderiaceae	Sutterella	Sutterella faecalis	LPS / endotoxin
K04042	28_2	4	8	0.5									LPS / endotoxin
K04042	290_1	1	1	1									LPS / endotoxin
K04042	292_1	4	4	1									LPS / endotoxin
K04042	294_1	7	9	0.777777777777778									LPS / endotoxin
K04042	294_2	1	1	1									LPS / endotoxin
K04042	295_1	5	5	1									LPS / endotoxin
K04042	296_1	1	1	1									LPS / endotoxin
K04042	298_1	1	1	1									LPS / endotoxin
K04042	299_1	2	2	1									LPS / endotoxin
K04042	29_1	70	70	1	0.159382912070147	0.86402450234671	Pseudomonadota	Gammaproteobacteria	Burkholderiales	Burkholderiaceae	Sutterella	Sutterella wadsworthensis_A	LPS / endotoxin
K04042	2_1	2	2	1									LPS / endotoxin
K04042	300_1	1	1	1									LPS / endotoxin
K04042	300_2	1	1	1									LPS / endotoxin
K04042	302_1	4	8	0.5									LPS / endotoxin
K04042	305_1	3	3	1									LPS / endotoxin
K04042	306_1	121	126	0.96031746031746	0.665519920437379	0.139287301659451	Desulfobacterota_I	Desulfovibrionia	Desulfovibrionales	Desulfovibrionaceae	Bilophila	Bilophila wadsworthia	LPS / endotoxin
K04042	306_2	2	2	1									LPS / endotoxin
K04042	307_1	1	1	1									LPS / endotoxin
K04042	308_1	22	22	1	-0.580671708932085	0.202403431596351	Bacillota	Negativicutes	Acidaminococcales	Acidaminococcaceae	Phascolarctobacterium_A	Phascolarctobacterium_A succinatutens_B	LPS / endotoxin
K04042	308_2	20	20	1	0.440436698597377	0.497154177267794	Bacillota	Negativicutes	Acidaminococcales	Acidaminococcaceae	Phascolarctobacterium_A	Phascolarctobacterium_A succinatutens	LPS / endotoxin
K04042	309_1	1	1	1									LPS / endotoxin
K04042	30_1	1	1	1									LPS / endotoxin
K04042	310_1	3	3	1									LPS / endotoxin
K04042	311_1	67	67	1	0.0438679682441734	0.954071520793628	Bacillota	Negativicutes	Acidaminococcales	Acidaminococcaceae	Phascolarctobacterium	Phascolarctobacterium faecium	LPS / endotoxin
K04042	313_1	1	1	1									LPS / endotoxin
K04042	315_1	4	4	1									LPS / endotoxin
K04042	315_2	1	1	1									LPS / endotoxin
K04042	316_1	1	1	1									LPS / endotoxin
K04042	317_1	2	2	1									LPS / endotoxin
K04042	319_1	3	4	0.75									LPS / endotoxin
K04042	31_1	1	1	1									LPS / endotoxin
K04042	321_1	3	6	0.5									LPS / endotoxin
K04042	322_1	8	10	0.8	-0.228311391949408	0.774173025583637	Bacillota	Clostridia	Christensenellales	Borkfalkiaceae	Scatosoma	Scatosoma sp900555925	LPS / endotoxin
K04042	324_1	14	23	0.608695652173913	-0.746328723295103	0.141321222601118	Bacillota	Clostridia	Christensenellales	Borkfalkiaceae	Scatosoma	Scatosoma sp900542935	LPS / endotoxin
K04042	32_1	1	1	1									LPS / endotoxin
K04042	331_1	1	1	1									LPS / endotoxin
K04042	332_1	9	9	1									LPS / endotoxin
K04042	333_1	3	4	0.75									LPS / endotoxin
K04042	335_1	2	2	1									LPS / endotoxin
K04042	336_1	4	4	1									LPS / endotoxin
K04042	337_1	3	11	0.272727272727273	-0.871195235912021	0.112254435243703	Bacillota	Clostridia	Christensenellales	Aristaeellaceae	Fimadaptatus	Fimadaptatus sp948467645	LPS / endotoxin
K04042	339_1	11	11	1	-0.652406755697348	0.20162856253014	Bacillota	Clostridia	Oscillospirales	Oscillospiraceae	HGM13006	HGM13006 sp900757695	LPS / endotoxin
K04042	339_2	1	1	1									LPS / endotoxin
K04042	33_1	9	9	1									LPS / endotoxin
K04042	340_1	3	3	1									LPS / endotoxin
K04042	341_1	12	13	0.923076923076923	-1.10341433884207	0.259475517734737	Bacillota	Clostridia	Oscillospirales	Butyricicoccaceae	Pseudobutyricicoccus	Pseudobutyricicoccus sp003477405	LPS / endotoxin
K04042	341_2	1	1	1									LPS / endotoxin
K04042	342_1	4	5	0.8									LPS / endotoxin
K04042	343_1	23	32	0.71875	-0.072340626982239	0.936823274479639	Bacillota	Clostridia	TANB77	CAG-508	CAG-245	CAG-245 sp000435175	LPS / endotoxin
K04042	344_1	1	1	1									LPS / endotoxin
K04042	345_1	1	1	1									LPS / endotoxin
K04042	346_1	1	1	1									LPS / endotoxin
K04042	348_1	4	4	1									LPS / endotoxin
K04042	349_1	9	10	0.9	-1.00370331325854	0.0245950850566471	Bacillota	Clostridia	TANB77	CAG-508	CAG-492	CAG-492 sp000434335	LPS / endotoxin
K04042	349_2	3	3	1									LPS / endotoxin
K04042	34_1	2	3	0.666666666666667									LPS / endotoxin
K04042	350_1	4	4	1									LPS / endotoxin
K04042	351_1	3	3	1									LPS / endotoxin
K04042	352_1	1	1	1									LPS / endotoxin
K04042	354_1	4	7	0.571428571428571									LPS / endotoxin
K04042	359_1	6	6	1									LPS / endotoxin
K04042	35_1	1	1	1									LPS / endotoxin
K04042	360_1	1	1	1									LPS / endotoxin
K04042	361_1	1	1	1									LPS / endotoxin
K04042	362_1	10	20	0.5	0.217704201961076	0.793457052172703	Bacillota	Clostridia	TANB77	CAG-508	CAG-269	CAG-269 sp003525075	LPS / endotoxin
K04042	363_1	2	2	1									LPS / endotoxin
K04042	363_2	1	1	1									LPS / endotoxin
K04042	364_1	2	3	0.666666666666667									LPS / endotoxin
K04042	365_1	1	1	1									LPS / endotoxin
K04042	367_1	5	5	1									LPS / endotoxin
K04042	368_1	5	5	1									LPS / endotoxin
K04042	369_1	1	1	1									LPS / endotoxin
K04042	36_1	1	1	1									LPS / endotoxin
K04042	370_1	1	1	1									LPS / endotoxin
K04042	371_1	1	1	1									LPS / endotoxin
K04042	372_1	1	1	1									LPS / endotoxin
K04042	376_1	43	48	0.895833333333333	-0.334904037712576	0.451279410075805	Bacillota	Clostridia	Peptostreptococcales	Peptostreptococcaceae	Intestinibacter	Intestinibacter bartlettii	LPS / endotoxin
K04042	376_2	5	5	1									LPS / endotoxin
K04042	377_1	5	5	1									LPS / endotoxin
K04042	378_1	83	98	0.846938775510204	-0.130375867064473	0.834948011033038	Bacillota	Clostridia	Peptostreptococcales	Peptostreptococcaceae	Romboutsia	Romboutsia timonensis	LPS / endotoxin
K04042	379_1	1	1	1									LPS / endotoxin
K04042	37_1	1	1	1									LPS / endotoxin
K04042	380_1	1	1	1									LPS / endotoxin
K04042	381_1	1	1	1									LPS / endotoxin
K04042	382_1	6	9	0.666666666666667									LPS / endotoxin
K04042	383_1	51	55	0.927272727272727	-0.394249911660716	0.53220454789838	Bacillota	Clostridia	Clostridiales	Clostridiaceae	Clostridium	Clostridium sp900540255	LPS / endotoxin
K04042	384_1	1	1	1									LPS / endotoxin
K04042	385_1	7	10	0.7	-0.332875366496291	0.538176494665755	Bacillota	Clostridia	Clostridiales	Clostridiaceae	Clostridium	Clostridium sp000435835	LPS / endotoxin
K04042	385_2	11	11	1	-1.41239423455234	0.00125952777556916	Bacillota	Clostridia	Clostridiales	Clostridiaceae	Clostridium	Clostridium lentum	LPS / endotoxin
K04042	386_1	1	1	1									LPS / endotoxin
K04042	387_1	1	2	0.5									LPS / endotoxin
K04042	388_1	1	1	1									LPS / endotoxin
K04042	389_1	2	3	0.666666666666667									LPS / endotoxin
K04042	38_1	1	1	1									LPS / endotoxin
K04042	397_1	11	11	1	-0.159712583165412	0.855856822026673	Bacillota	Clostridia	Monoglobales	Monoglobaceae	Monoglobus	Monoglobus pectinilyticus	LPS / endotoxin
K04042	398_1	4	4	1									LPS / endotoxin
K04042	399_1	22	23	0.956521739130435	-0.811322888568328	0.164161139229001	Bacillota	Clostridia	Christensenellales	CAG-138	Phil1	Phil1 sp001940855	LPS / endotoxin
K04042	39_1	10	12	0.833333333333333	-1.59593253056797	0.0503680321304428	Pseudomonadota	Gammaproteobacteria	Burkholderiales	Burkholderiaceae	Duodenibacillus	Duodenibacillus sp900544335	LPS / endotoxin
K04042	3_1	1	1	1									LPS / endotoxin
K04042	400_1	19	22	0.863636363636364	-0.324549704221622	0.489723223158862	Bacillota	Clostridia	Christensenellales	CAG-138	SFEL01	SFEL01 sp004557245	LPS / endotoxin
K04042	402_1	1	3	0.333333333333333									LPS / endotoxin
K04042	403_1	9	10	0.9	-0.7183903742274	0.118007736772976	Bacillota	Clostridia	Oscillospirales	Ruminococcaceae	Merdivicinus	Merdivicinus sp900555435	LPS / endotoxin
K04042	404_1	2	2	1									LPS / endotoxin
K04042	406_1	8	9	0.888888888888889									LPS / endotoxin
K04042	407_1	10	10	1	0.00831044035328689	0.996715315434289	Bacillota	Clostridia	Oscillospirales	Ruminococcaceae	Negativibacillus	Negativibacillus faecipullorum	LPS / endotoxin
K04042	408_1	1	1	1									LPS / endotoxin
K04042	409_1	2	2	1									LPS / endotoxin
K04042	40_1	42	42	1	0.203893836581251	0.833102298794183	Pseudomonadota	Gammaproteobacteria	Burkholderiales	Burkholderiaceae	Parasutterella	Parasutterella excrementihominis	LPS / endotoxin
K04042	40_2	32	33	0.96969696969697	-0.188519900743662	0.757559086992637	Pseudomonadota	Gammaproteobacteria	Burkholderiales	Burkholderiaceae	Parasutterella	Parasutterella gallistercoris	LPS / endotoxin
K04042	40_3	1	2	0.5									LPS / endotoxin
K04042	410_1	10	10	1	0.572714797966868	0.398163017327196	Bacillota	Clostridia	Oscillospirales	Ruminococcaceae	Negativibacillus	Negativibacillus sp000435195	LPS / endotoxin
K04042	411_1	5	5	1									LPS / endotoxin
K04042	412_1	19	21	0.904761904761905	0.0739795986100021	0.918305723974379	Bacillota	Clostridia	Oscillospirales	Ruminococcaceae	Avimicrobium	Avimicrobium caecorum	LPS / endotoxin
K04042	413_1	8	8	1									LPS / endotoxin
K04042	414_1	1	1	1									LPS / endotoxin
K04042	414_2	48	53	0.905660377358491	-0.647078140392149	0.430406239631471	Bacillota	Clostridia	Oscillospirales	Ruminococcaceae	Ruminococcus_C	Ruminococcus_C sp000433635	LPS / endotoxin
K04042	415_1	7	7	1									LPS / endotoxin
K04042	416_1	5	5	1									LPS / endotoxin
K04042	417_1	46	48	0.958333333333333	-0.703064557130396	0.164161139229001	Bacillota	Clostridia	Oscillospirales	Ruminococcaceae	Ruminococcus_C	Ruminococcus_C sp000980705	LPS / endotoxin
K04042	418_1	44	46	0.956521739130435	-0.882135402996782	0.0170444218845398	Bacillota	Clostridia	Oscillospirales	Ruminococcaceae	Ruminococcus_C	Ruminococcus_C callidus	LPS / endotoxin
K04042	419_1	7	7	1									LPS / endotoxin
K04042	41_1	3	3	1									LPS / endotoxin
K04042	420_1	13	14	0.928571428571429	-0.0140835315860196	0.987596417076079	Bacillota	Clostridia	Oscillospirales	Acutalibacteraceae	UMGS1071	UMGS1071 sp900542375	LPS / endotoxin
K04042	420_2	10	11	0.909090909090909	0.504812658526316	0.278627870170504	Bacillota	Clostridia	Oscillospirales	Acutalibacteraceae	UMGS1071	UMGS1071 sp900541905	LPS / endotoxin
K04042	420_3	1	1	1									LPS / endotoxin
K04042	421_1	67	68	0.985294117647059	0.0257428747449579	0.984121165641251	Bacillota	Clostridia	Oscillospirales	Acutalibacteraceae	CAG-217	CAG-217 sp000436335	LPS / endotoxin
K04042	426_1	4	6	0.666666666666667									LPS / endotoxin
K04042	428_1	2	2	1									LPS / endotoxin
K04042	429_1	1	1	1									LPS / endotoxin
K04042	42_1	3	3	1									LPS / endotoxin
K04042	42_2	6	6	1									LPS / endotoxin
K04042	430_1	5	5	1									LPS / endotoxin
K04042	431_1	1	1	1									LPS / endotoxin
K04042	432_1	4	5	0.8									LPS / endotoxin
K04042	433_1	93	98	0.948979591836735	0.459923672633173	0.333199402533618	Bacillota	Clostridia	Oscillospirales	Ruminococcaceae	Hominimerdicola	Hominimerdicola aceti	LPS / endotoxin
K04042	434_1	4	4	1									LPS / endotoxin
K04042	435_1	1	1	1									LPS / endotoxin
K04042	437_1	43	64	0.671875	-0.103446247268264	0.906956554086696	Bacillota	Clostridia	Oscillospirales	Acutalibacteraceae	Hominenteromicrobium	Hominenteromicrobium mulieris	LPS / endotoxin
K04042	43_1	1	1	1									LPS / endotoxin
K04042	440_1	1	1	1									LPS / endotoxin
K04042	441_1	1	1	1									LPS / endotoxin
K04042	442_1	9	9	1									LPS / endotoxin
K04042	443_1	7	7	1									LPS / endotoxin
K04042	443_2	1	1	1									LPS / endotoxin
K04042	444_1	60	68	0.882352941176471	0.0267571541175575	0.977036408656166	Bacillota	Bacilli	Lactobacillales	Streptococcaceae	Streptococcus	Streptococcus salivarius	LPS / endotoxin
K04042	444_2	8	10	0.8	0.204101609936718	0.645351074882835	Bacillota	Bacilli	Lactobacillales	Streptococcaceae	Streptococcus	Streptococcus thermophilus	LPS / endotoxin
K04042	445_1	3	5	0.6									LPS / endotoxin
K04042	445_3	1	1	1									LPS / endotoxin
K04042	445_4	1	1	1									LPS / endotoxin
K04042	446_1	4	4	1									LPS / endotoxin
K04042	446_2	12	16	0.75	0.132508502777099	0.903548698977595	Bacillota	Bacilli	Lactobacillales	Streptococcaceae	Streptococcus	""	LPS / endotoxin
K04042	446_3	2	4	0.5									LPS / endotoxin
K04042	446_4	1	1	1									LPS / endotoxin
K04042	446_6	1	1	1									LPS / endotoxin
K04042	446_7	1	1	1									LPS / endotoxin
K04042	446_8	1	1	1									LPS / endotoxin
K04042	447_1	2	2	1									LPS / endotoxin
K04042	447_2	5	6	0.833333333333333									LPS / endotoxin
K04042	448_1	1	1	1									LPS / endotoxin
K04042	448_2	1	1	1									LPS / endotoxin
K04042	449_1	1	1	1									LPS / endotoxin
K04042	44_1	18	18	1	-0.456509804402735	0.844475629302577	Pseudomonadota	Gammaproteobacteria	Burkholderiales	Burkholderiaceae	Duodenibacillus	Duodenibacillus massiliensis	LPS / endotoxin
K04042	450_1	11	11	1	0.275667485344944	0.579276240707327	Bacillota	Bacilli	Lactobacillales	Streptococcaceae	Lactococcus	Lactococcus lactis	LPS / endotoxin
K04042	451_1	2	2	1									LPS / endotoxin
K04042	452_1	2	2	1									LPS / endotoxin
K04042	453_1	3	3	1									LPS / endotoxin
K04042	453_2	9	9	1									LPS / endotoxin
K04042	454_1	4	4	1									LPS / endotoxin
K04042	455_1	6	6	1									LPS / endotoxin
K04042	456_1	9	9	1									LPS / endotoxin
K04042	456_2	5	6	0.833333333333333									LPS / endotoxin
K04042	456_3	1	1	1									LPS / endotoxin
K04042	457_1	1	1	1									LPS / endotoxin
K04042	458_1	1	1	1									LPS / endotoxin
K04042	459_1	2	3	0.666666666666667									LPS / endotoxin
K04042	45_1	4	4	1									LPS / endotoxin
K04042	460_1	1	2	0.5									LPS / endotoxin
K04042	463_1	1	1	1									LPS / endotoxin
K04042	464_1	1	1	1									LPS / endotoxin
K04042	468_1	21	21	1	0.0957629958797071	0.927175507808937	Bacillota	Clostridia	Oscillospirales	Acutalibacteraceae	CAG-177	CAG-177 sp003538135	LPS / endotoxin
K04042	468_2	42	47	0.893617021276596	-0.12260223506872	0.917709957555471	Bacillota	Clostridia	Oscillospirales	Acutalibacteraceae	CAG-177	CAG-177 sp003514385	LPS / endotoxin
K04042	470_1	4	4	1									LPS / endotoxin
K04042	472_1	4	4	1									LPS / endotoxin
K04042	473_1	5	5	1									LPS / endotoxin
K04042	473_2	13	14	0.928571428571429	-0.912928454314327	0.190198928456519	Bacillota	Clostridia	Oscillospirales	Acutalibacteraceae	CAG-488	CAG-488 sp000434055	LPS / endotoxin
K04042	473_3	1	1	1									LPS / endotoxin
K04042	474_1	4	5	0.8									LPS / endotoxin
K04042	47_1	1	1	1									LPS / endotoxin
K04042	482_1	7	7	1									LPS / endotoxin
K04042	483_1	3	4	0.75									LPS / endotoxin
K04042	484_1	8	8	1									LPS / endotoxin
K04042	485_1	12	12	1	0.569670196723303	0.379903512754518	Bacillota	Negativicutes	Veillonellales	Veillonellaceae	Veillonella	Veillonella parvula_A	LPS / endotoxin
K04042	486_1	13	14	0.928571428571429	-0.520328170491622	0.212836289515412	Bacillota	Negativicutes	Veillonellales	Veillonellaceae	Veillonella	Veillonella infantium_A	LPS / endotoxin
K04042	486_11	1	1	1									LPS / endotoxin
K04042	486_12	1	1	1									LPS / endotoxin
K04042	486_13	1	1	1									LPS / endotoxin
K04042	486_2	1	1	1									LPS / endotoxin
K04042	486_3	2	2	1									LPS / endotoxin
K04042	486_4	1	1	1									LPS / endotoxin
K04042	486_5	1	1	1									LPS / endotoxin
K04042	486_6	1	1	1									LPS / endotoxin
K04042	486_8	1	1	1									LPS / endotoxin
K04042	486_9	1	1	1									LPS / endotoxin
K04042	488_1	4	6	0.666666666666667									LPS / endotoxin
K04042	489_1	9	10	0.9	-0.953320572736515	0.120516227904004	Bacillota	Clostridia	Peptostreptococcales	Anaerovoracaceae	Hominibacterium	Hominibacterium hominis	LPS / endotoxin
K04042	492_1	4	4	1									LPS / endotoxin
K04042	492_2	7	7	1									LPS / endotoxin
K04042	494_1	28	28	1	0.12360604124457	0.857598970815532	Bacillota	Clostridia	Lachnospirales	CAG-274	CAG-274	CAG-274 sp900545305	LPS / endotoxin
K04042	494_2	48	50	0.96	0.167720074272404	0.849404650914935	Bacillota	Clostridia	Lachnospirales	CAG-274	CAG-274	CAG-274 sp000432155	LPS / endotoxin
K04042	495_1	1	1	1									LPS / endotoxin
K04042	496_1	1	1	1									LPS / endotoxin
K04042	498_1	137	147	0.931972789115646	0.498026934939559	0.125193748224458	Bacillota	Clostridia	Oscillospirales	Butyricicoccaceae	Agathobaculum	Agathobaculum butyriciproducens	LPS / endotoxin
K04042	498_2	1	1	1									LPS / endotoxin
K04042	499_1	14	14	1	-0.572134559001391	0.418384230058245	Bacillota	Clostridia	Oscillospirales	Butyricicoccaceae	Agathobaculum	Agathobaculum sp900544475	LPS / endotoxin
K04042	49_1	1	1	1									LPS / endotoxin
K04042	4_1	20	20	1	-0.84380619277371	0.148414564832512	Methanobacteriota	Methanobacteria	Methanobacteriales	Methanobacteriaceae	Methanocatella	Methanocatella smithii	LPS / endotoxin
K04042	500_1	37	40	0.925	-0.384101537199025	0.464887811990392	Bacillota	Clostridia	Oscillospirales	Butyricicoccaceae	Agathobaculum	Agathobaculum hominis	LPS / endotoxin
K04042	501_1	1	1	1									LPS / endotoxin
K04042	503_1	1	1	1									LPS / endotoxin
K04042	504_1	6	7	0.857142857142857									LPS / endotoxin
K04042	505_1	2	2	1									LPS / endotoxin
K04042	506_1	1	1	1									LPS / endotoxin
K04042	507_1	18	19	0.947368421052632	-0.0889282358241746	0.931486913554913	Bacillota	Clostridia	Oscillospirales	Ruminococcaceae	CAG-115	CAG-115 sp003531585	LPS / endotoxin
K04042	508_1	4	4	1									LPS / endotoxin
K04042	509_1	4	4	1									LPS / endotoxin
K04042	50_1	2	2	1									LPS / endotoxin
K04042	510_1	43	48	0.895833333333333	-0.0908642551778141	0.927175507808937	Bacillota	Negativicutes	Selenomonadales	Selenomonadaceae	Mitsuokella	Mitsuokella jalaludinii	LPS / endotoxin
K04042	510_2	5	5	1									LPS / endotoxin
K04042	511_1	1	1	1									LPS / endotoxin
K04042	512_1	1	1	1									LPS / endotoxin
K04042	513_1	2	7	0.285714285714286									LPS / endotoxin
K04042	514_1	14	27	0.518518518518519	-0.530933832402954	0.137042122806942	Bacillota	Clostridia	Lachnospirales	Lachnospiraceae	Choladousia	Choladousia sp902363135	LPS / endotoxin
K04042	518_1	32	33	0.96969696969697	-0.415087133766152	0.396238863745157	Bacillota	Clostridia	Oscillospirales	Ruminococcaceae	Ruminiclostridium_E	Ruminiclostridium_E siraeum	LPS / endotoxin
K04042	518_2	2	2	1									LPS / endotoxin
K04042	518_3	2	2	1									LPS / endotoxin
K04042	519_1	60	60	1	0.0375351107002946	0.982138997559126	Bacillota	Negativicutes	Selenomonadales	Selenomonadaceae	Megamonas	Megamonas funiformis	LPS / endotoxin
K04042	51_1	8	8	1									LPS / endotoxin
K04042	520_1	117	125	0.936	0.553078366778072	0.111937157257548	Bacillota	Clostridia	UBA1381	UBA1381	Hominilimicola	Hominilimicola fabiformis	LPS / endotoxin
K04042	521_1	8	8	1									LPS / endotoxin
K04042	522_1	4	4	1									LPS / endotoxin
K04042	523_1	34	34	1	-0.528143067512205	0.538176494665755	Bacillota	Clostridia	Oscillospirales	Acutalibacteraceae	Ruminococcoides	Ruminococcoides intestinalis	LPS / endotoxin
K04042	524_1	124	128	0.96875	0.978725947890569	0.0238024965733005	Bacillota	Clostridia	Oscillospirales	Acutalibacteraceae	Ruminococcoides	Ruminococcoides intestinale	LPS / endotoxin
K04042	524_2	3	3	1									LPS / endotoxin
K04042	525_1	3	4	0.75									LPS / endotoxin
K04042	526_1	1	1	1									LPS / endotoxin
K04042	527_1	2	3	0.666666666666667									LPS / endotoxin
K04042	528_1	1	1	1									LPS / endotoxin
K04042	529_1	2	2	1									LPS / endotoxin
K04042	52_1	1	1	1									LPS / endotoxin
K04042	530_1	7	7	1									LPS / endotoxin
K04042	531_1	1	1	1									LPS / endotoxin
K04042	532_1	11	11	1	-0.970889411298254	0.0387814075844986	Bacillota	Clostridia	Monoglobales	Monoglobaceae	UMGS1820	UMGS1820 sp900545865	LPS / endotoxin
K04042	533_1	3	3	1									LPS / endotoxin
K04042	534_1	1	1	1									LPS / endotoxin
K04042	535_1	1	1	1									LPS / endotoxin
K04042	536_1	1	1	1									LPS / endotoxin
K04042	537_1	7	7	1									LPS / endotoxin
K04042	538_1	3	3	1									LPS / endotoxin
K04042	539_1	11	11	1	0.131522587006985	0.869091839001416	Bacillota	Negativicutes	Veillonellales	Megasphaeraceae	Caecibacter	Caecibacter massiliensis	LPS / endotoxin
K04042	53_1	1	1	1									LPS / endotoxin
K04042	540_1	1	1	1									LPS / endotoxin
K04042	541_1	7	7	1									LPS / endotoxin
K04042	541_2	30	30	1	-0.136009261813823	0.857598970815532	Bacillota	Negativicutes	Veillonellales	Megasphaeraceae	Megasphaera	Megasphaera elsdenii	LPS / endotoxin
K04042	542_1	6	6	1									LPS / endotoxin
K04042	542_2	1	1	1									LPS / endotoxin
K04042	543_1	1	1	1									LPS / endotoxin
K04042	544_1	37	39	0.948717948717949	-0.0967301142717485	0.906956554086696	Bacillota	Negativicutes	Veillonellales	Dialisteraceae	Dialister	Dialister invisus	LPS / endotoxin
K04042	545_1	7	8	0.875									LPS / endotoxin
K04042	546_1	28	28	1	-0.0201495689243513	0.986364952381606	Bacillota	Negativicutes	Veillonellales	Dialisteraceae	Dialister	Dialister hominis	LPS / endotoxin
K04042	547_1	23	24	0.958333333333333	-0.600102042337062	0.210717481829925	Bacillota	Negativicutes	Veillonellales	Dialisteraceae	Dialister	Dialister sp000434475	LPS / endotoxin
K04042	548_1	2	2	1									LPS / endotoxin
K04042	549_1	11	11	1	0.236742646516818	0.692843369608951	Bacillota	Negativicutes	Veillonellales	Dialisteraceae	Dialister	Dialister sp002320515	LPS / endotoxin
K04042	549_2	27	27	1	-1.10074330334457	0.0867577302918209	Bacillota	Negativicutes	Veillonellales	Dialisteraceae	Dialister	Dialister succinatiphilus	LPS / endotoxin
K04042	54_1	3	3	1									LPS / endotoxin
K04042	556_1	1	1	1									LPS / endotoxin
K04042	55_1	2	2	1									LPS / endotoxin
K04042	566_1	72	75	0.96	-0.12964571561017	0.839584115395913	Bacillota	Clostridia	Lachnospirales	Anaerotignaceae	Anaerotignum_A	""	LPS / endotoxin
K04042	566_2	2	2	1									LPS / endotoxin
K04042	567_1	15	58	0.258620689655172	-0.534569736269385	0.381094120851295	Bacillota	Clostridia	Lachnospirales	Lachnospiraceae	Butyribacter	Butyribacter sp003529475	LPS / endotoxin
K04042	569_1	2	2	1									LPS / endotoxin
K04042	56_1	1	1	1									LPS / endotoxin
K04042	571_1	4	4	1									LPS / endotoxin
K04042	572_1	3	3	1									LPS / endotoxin
K04042	574_1	31	36	0.861111111111111	-0.55705949944132	0.506479074800242	Bacillota	Clostridia	Lachnospirales	Lachnospiraceae	Coprococcus	Coprococcus ammoniilyticus	LPS / endotoxin
K04042	574_2	11	14	0.785714285714286	-1.01839660522183	0.009235483070221	Bacillota	Clostridia	Lachnospirales	Lachnospiraceae	Coprococcus	Coprococcus sp000154245	LPS / endotoxin
K04042	575_1	46	49	0.938775510204082	-1.12202313750731	0.0037506704159551	Bacillota	Clostridia	Lachnospirales	Lachnospiraceae	Coprococcus	Coprococcus aceti	LPS / endotoxin
K04042	575_2	7	7	1									LPS / endotoxin
K04042	575_3	2	2	1									LPS / endotoxin
K04042	576_1	7	7	1									LPS / endotoxin
K04042	577_1	15	15	1	-0.766818907070048	0.0747770021006218	Bacillota	Clostridia	Lachnospirales	Lachnospiraceae	Coprococcus	Coprococcus sp000433075	LPS / endotoxin
K04042	578_1	64	66	0.96969696969697	-0.235472875228636	0.810234067666634	Bacillota	Clostridia	Lachnospirales	Lachnospiraceae	Wujia	Wujia hominis	LPS / endotoxin
K04042	578_2	1	1	1									LPS / endotoxin
K04042	57_1	1	1	1									LPS / endotoxin
K04042	580_1	17	23	0.739130434782609	-0.325521708151126	0.621007671806081	Bacillota	Clostridia	Lachnospirales	Lachnospiraceae	Butyribacter	Butyribacter intestini	LPS / endotoxin
K04042	582_1	89	153	0.581699346405229	0.668035923554365	0.0623596104399875	Bacillota	Clostridia	Lachnospirales	Lachnospiraceae	Anthropogastromicrobium	Anthropogastromicrobium aceti	LPS / endotoxin
K04042	582_2	1	1	1									LPS / endotoxin
K04042	58_1	1	1	1									LPS / endotoxin
K04042	590_1	3	3	1									LPS / endotoxin
K04042	591_1	1	3	0.333333333333333									LPS / endotoxin
K04042	592_1	1	1	1									LPS / endotoxin
K04042	593_1	3	3	1									LPS / endotoxin
K04042	594_1	44	51	0.862745098039216	-0.66003620980095	0.158903203223663	Bacillota	Clostridia	Lachnospirales	Lachnospiraceae	Pararoseburia	Pararoseburia lenta	LPS / endotoxin
K04042	595_1	32	40	0.8	-0.462788412645942	0.445358515766853	Bacillota	Clostridia	Lachnospirales	Lachnospiraceae	Limivivens	Limivivens faecihominis	LPS / endotoxin
K04042	596_1	6	8	0.75									LPS / endotoxin
K04042	597_1	1	2	0.5									LPS / endotoxin
K04042	598_1	23	23	1	-0.986699018067629	0.0337894963134003	Bacillota	Clostridia	Lachnospirales	Lachnospiraceae	Maccoya	Maccoya intestinihominis	LPS / endotoxin
K04042	599_1	78	83	0.939759036144578	-0.203608742919372	0.757559086992637	Bacillota	Clostridia	Lachnospirales	Lachnospiraceae	Hominisplanchenecus	Hominisplanchenecus faecis	LPS / endotoxin
K04042	59_1	2	3	0.666666666666667									LPS / endotoxin
K04042	5_1	12	13	0.923076923076923	-0.816262599233828	0.166422765610922	Methanobacteriota	Methanobacteria	Methanobacteriales	Methanobacteriaceae	Methanosphaera	Methanosphaera stadtmanae	LPS / endotoxin
K04042	600_1	9	10	0.9	-1.43544139490868	0.00981902367853479	Bacillota	Clostridia	Lachnospirales	Lachnospiraceae	Bacteroides_F	Bacteroides_F pectinophilus	LPS / endotoxin
K04042	602_1	99	104	0.951923076923077	-0.136158980565996	0.826104310757962	Bacillota	Clostridia	Lachnospirales	Lachnospiraceae	Lachnospira	Lachnospira rogosae	LPS / endotoxin
K04042	603_1	7	28	0.25	-0.726103150210651	0.0867577302918209	Bacillota	Clostridia	Lachnospirales	Lachnospiraceae	Lachnospira	Lachnospira sp000436535	LPS / endotoxin
K04042	60_1	3	3	1									LPS / endotoxin
K04042	60_11	1	1	1									LPS / endotoxin
K04042	60_13	1	1	1									LPS / endotoxin
K04042	60_15	1	1	1									LPS / endotoxin
K04042	60_18	1	1	1									LPS / endotoxin
K04042	60_19	1	1	1									LPS / endotoxin
K04042	60_2	17	19	0.894736842105263	-0.704720195035236	0.222688071753967	Pseudomonadota	Gammaproteobacteria	Enterobacterales	Pasteurellaceae	Haemophilus_D	Haemophilus_D sp905205995	LPS / endotoxin
K04042	60_20	1	1	1									LPS / endotoxin
K04042	60_3	3	3	1									LPS / endotoxin
K04042	60_4	2	2	1									LPS / endotoxin
K04042	60_5	3	3	1									LPS / endotoxin
K04042	60_6	5	5	1									LPS / endotoxin
K04042	60_7	1	1	1									LPS / endotoxin
K04042	60_8	1	2	0.5									LPS / endotoxin
K04042	60_9	1	1	1									LPS / endotoxin
K04042	611_1	21	26	0.807692307692308	0.50336929058876	0.458212475298217	Bacillota	Clostridia	Lachnospirales	Lachnospiraceae	Faecalimonas	Faecalimonas phoceensis	LPS / endotoxin
K04042	611_2	12	13	0.923076923076923	-0.298596331203419	0.671551103605421	Bacillota	Clostridia	Lachnospirales	Lachnospiraceae	Faecalimonas	Faecalimonas sp029983955	LPS / endotoxin
K04042	628_1	1	1	1									LPS / endotoxin
K04042	62_1	2	2	1									LPS / endotoxin
K04042	635_1	2	2	1									LPS / endotoxin
K04042	636_1	5	6	0.833333333333333									LPS / endotoxin
K04042	637_1	2	3	0.666666666666667									LPS / endotoxin
K04042	637_2	6	9	0.666666666666667									LPS / endotoxin
K04042	638_1	1	1	1									LPS / endotoxin
K04042	639_1	1	1	1									LPS / endotoxin
K04042	63_1	26	27	0.962962962962963	-0.019121129374136	0.987596417076079	Bacillota	Bacilli	Lactobacillales	Lactobacillaceae	Latilactobacillus	Latilactobacillus sakei	LPS / endotoxin
K04042	640_1	1	1	1									LPS / endotoxin
K04042	641_1	1	1	1									LPS / endotoxin
K04042	642_1	1	1	1									LPS / endotoxin
K04042	643_1	2	2	1									LPS / endotoxin
K04042	644_1	2	2	1									LPS / endotoxin
K04042	645_1	1	1	1									LPS / endotoxin
K04042	646_1	1	3	0.333333333333333									LPS / endotoxin
K04042	647_1	2	2	1									LPS / endotoxin
K04042	648_1	1	1	1									LPS / endotoxin
K04042	649_1	1	1	1									LPS / endotoxin
K04042	64_1	5	5	1									LPS / endotoxin
K04042	650_1	1	1	1									LPS / endotoxin
K04042	651_1	1	1	1									LPS / endotoxin
K04042	653_1	4	4	1									LPS / endotoxin
K04042	654_1	2	2	1									LPS / endotoxin
K04042	655_1	1	1	1									LPS / endotoxin
K04042	657_1	2	2	1									LPS / endotoxin
K04042	658_1	1	1	1									LPS / endotoxin
K04042	659_1	1	1	1									LPS / endotoxin
K04042	65_1	1	1	1									LPS / endotoxin
K04042	660_1	1	1	1									LPS / endotoxin
K04042	661_1	1	1	1									LPS / endotoxin
K04042	662_1	1	1	1									LPS / endotoxin
K04042	663_1	3	3	1									LPS / endotoxin
K04042	664_1	1	1	1									LPS / endotoxin
K04042	665_1	1	1	1									LPS / endotoxin
K04042	666_1	1	1	1									LPS / endotoxin
K04042	668_1	1	1	1									LPS / endotoxin
K04042	669_1	7	11	0.636363636363636	-0.816420843338708	0.120516227904004	Bacillota	Clostridia	Lachnospirales	Lachnospiraceae	Limivivens	Limivivens sp905214955	LPS / endotoxin
K04042	66_1	1	1	1									LPS / endotoxin
K04042	66_2	7	8	0.875									LPS / endotoxin
K04042	670_1	1	1	1									LPS / endotoxin
K04042	671_1	158	172	0.918604651162791	0.549854492991251	0.262433818899557	Bacillota	Clostridia	Lachnospirales	Lachnospiraceae	Anaerostipes	Anaerostipes hadrus	LPS / endotoxin
K04042	671_2	11	12	0.916666666666667	-0.0230868003992087	0.984636756118392	Bacillota	Clostridia	Lachnospirales	Lachnospiraceae	Anaerostipes	Anaerostipes amylophilus	LPS / endotoxin
K04042	671_3	3	3	1									LPS / endotoxin
K04042	68_1	1	1	1									LPS / endotoxin
K04042	699_1	2	3	0.666666666666667									LPS / endotoxin
K04042	69_1	2	2	1									LPS / endotoxin
K04042	6_1	2	2	1									LPS / endotoxin
K04042	702_1	3	8	0.375									LPS / endotoxin
K04042	703_1	2	3	0.666666666666667									LPS / endotoxin
K04042	705_1	25	25	1	-0.594206795190536	0.2575135271958	Bacillota	Clostridia	Lachnospirales	Lachnospiraceae	Roseburia_C	Roseburia_C amylophila	LPS / endotoxin
K04042	706_1	3	4	0.75									LPS / endotoxin
K04042	707_1	147	158	0.930379746835443	0.0523203455247144	0.943770492010822	Bacillota	Clostridia	Lachnospirales	Lachnospiraceae	Agathobacter	Agathobacter rectalis	LPS / endotoxin
K04042	708_1	10	11	0.909090909090909	-0.309612447603738	0.738784161890317	Bacillota	Clostridia	Lachnospirales	Lachnospiraceae	Agathobacter	Agathobacter sp900543445	LPS / endotoxin
K04042	709_1	2	2	1									LPS / endotoxin
K04042	70_1	5	5	1									LPS / endotoxin
K04042	710_1	140	150	0.933333333333333	0.85480296272283	0.0514282804776056	Bacillota	Clostridia	Lachnospirales	Lachnospiraceae	Agathobacter	Agathobacter faecis	LPS / endotoxin
K04042	711_1	5	5	1									LPS / endotoxin
K04042	712_1	39	40	0.975	-0.0267325133658708	0.984636756118392	Bacillota	Clostridia	Lachnospirales	Lachnospiraceae	Roseburia	Roseburia intestinalis	LPS / endotoxin
K04042	712_2	6	6	1									LPS / endotoxin
K04042	713_1	5	5	1									LPS / endotoxin
K04042	714_1	61	64	0.953125	0.205455841668231	0.705786770019968	Bacillota	Clostridia	Lachnospirales	Lachnospiraceae	Roseburia	Roseburia inulinivorans	LPS / endotoxin
K04042	714_2	1	1	1									LPS / endotoxin
K04042	71_1	2	2	1									LPS / endotoxin
K04042	725_1	1	1	1									LPS / endotoxin
K04042	72_1	6	6	1									LPS / endotoxin
K04042	731_1	9	11	0.818181818181818	-2.04871525105564	0.00496405451323191	Bacillota	Clostridia	Lachnospirales	Lachnospiraceae	CAG-194	CAG-194 sp000432915	LPS / endotoxin
K04042	734_1	1	1	1									LPS / endotoxin
K04042	735_1	1	3	0.333333333333333									LPS / endotoxin
K04042	737_1	69	71	0.971830985915493	-0.493288302160901	0.304583391340693	Bacillota	Clostridia	Lachnospirales	Lachnospiraceae	Roseburia	Roseburia hominis	LPS / endotoxin
K04042	73_1	1	1	1									LPS / endotoxin
K04042	740_1	38	50	0.76	-0.531652049514189	0.524694664837246	Bacillota	Clostridia	Lachnospirales	Lachnospiraceae	UBA3402	UBA3402 sp003478355	LPS / endotoxin
K04042	740_2	1	1	1									LPS / endotoxin
K04042	746_1	1	2	0.5									LPS / endotoxin
K04042	747_2	1	3	0.333333333333333									LPS / endotoxin
K04042	747_3	2	4	0.5									LPS / endotoxin
K04042	759_1	6	6	1									LPS / endotoxin
K04042	75_1	4	4	1									LPS / endotoxin
K04042	764_1	4	4	1									LPS / endotoxin
K04042	765_1	1	1	1									LPS / endotoxin
K04042	768_1	10	10	1	-0.701307921547448	0.447459765061962	Bacillota	Clostridia	Oscillospirales	Oscillospiraceae	Pseudoscillospira	Pseudoscillospira sp018369915	LPS / endotoxin
K04042	769_1	1	1	1									LPS / endotoxin
K04042	76_1	1	2	0.5									LPS / endotoxin
K04042	772_1	1	2	0.5									LPS / endotoxin
K04042	774_1	1	1	1									LPS / endotoxin
K04042	776_1	8	11	0.727272727272727	-0.297040876082508	0.498146507310334	Bacillota	Clostridia	Oscillospirales	Oscillospiraceae	Vescimonas	Vescimonas sp900548615	LPS / endotoxin
K04042	777_1	2	4	0.5									LPS / endotoxin
K04042	779_1	1	2	0.5									LPS / endotoxin
K04042	77_1	2	2	1									LPS / endotoxin
K04042	780_1	1	3	0.333333333333333									LPS / endotoxin
K04042	781_1	12	15	0.8	-0.105351995840205	0.886767456239775	Bacillota	Clostridia	Oscillospirales	Oscillospiraceae	Vescimonas	Vescimonas sp900545585	LPS / endotoxin
K04042	786_1	26	30	0.866666666666667	0.173884287607827	0.82219849779642	Bacillota	Clostridia	Oscillospirales	Oscillospiraceae	Vescimonas	Vescimonas coprocola	LPS / endotoxin
K04042	787_1	29	32	0.90625	-1.12997799962371	0.0207808270231268	Bacillota	Clostridia	Oscillospirales	Oscillospiraceae	Vescimonas	Vescimonas cirricatena	LPS / endotoxin
K04042	787_2	7	7	1									LPS / endotoxin
K04042	789_1	3	3	1									LPS / endotoxin
K04042	78_1	6	7	0.857142857142857									LPS / endotoxin
K04042	792_1	1	1	1									LPS / endotoxin
K04042	793_1	18	20	0.9	0.0182992085256098	0.988824579111552	Bacillota	Clostridia	Oscillospirales	Oscillospiraceae	Vescimonas	Vescimonas sp900552475	LPS / endotoxin
K04042	794_1	1	1	1									LPS / endotoxin
K04042	795_1	2	4	0.5									LPS / endotoxin
K04042	796_1	25	30	0.833333333333333	-1.23795906092458	0.0100451692473277	Bacillota	Clostridia	Oscillospirales	Oscillospiraceae	Oscillibacter	Oscillibacter faecalis_A	LPS / endotoxin
K04042	797_1	6	6	1									LPS / endotoxin
K04042	798_1	7	7	1									LPS / endotoxin
K04042	798_2	1	1	1									LPS / endotoxin
K04042	799_1	69	74	0.932432432432432	-0.776853759802547	0.120516227904004	Bacillota	Clostridia	Oscillospirales	Oscillospiraceae	Oscillibacter	Oscillibacter segnis	LPS / endotoxin
K04042	79_1	2	3	0.666666666666667									LPS / endotoxin
K04042	7_1	1	1	1									LPS / endotoxin
K04042	800_1	8	10	0.8	0.110442036972473	0.92421851635924	Bacillota	Clostridia	Oscillospirales	Oscillospiraceae	Oscillibacter	Oscillibacter sp004553545	LPS / endotoxin
K04042	800_2	1	2	0.5									LPS / endotoxin
K04042	801_1	5	5	1									LPS / endotoxin
K04042	802_1	4	4	1									LPS / endotoxin
K04042	803_1	62	72	0.861111111111111	0.411982190890581	0.283570468563814	Bacillota	Clostridia	Oscillospirales	Oscillospiraceae	Oscillibacter	Oscillibacter welbionis	LPS / endotoxin
K04042	804_1	3	3	1									LPS / endotoxin
K04042	804_2	1	2	0.5									LPS / endotoxin
K04042	806_1	1	1	1									LPS / endotoxin
K04042	807_1	1	1	1									LPS / endotoxin
K04042	808_1	3	3	1									LPS / endotoxin
K04042	809_1	1	1	1									LPS / endotoxin
K04042	80_1	1	1	1									LPS / endotoxin
K04042	810_1	2	2	1									LPS / endotoxin
K04042	813_1	1	1	1									LPS / endotoxin
K04042	81_1	46	50	0.92	-0.799783575649938	0.140691791141007	Bacillota	Bacilli	Lactobacillales	Lactobacillaceae	Ligilactobacillus	Ligilactobacillus ruminis	LPS / endotoxin
K04042	821_1	1	1	1									LPS / endotoxin
K04042	823_1	4	4	1									LPS / endotoxin
K04042	824_1	69	76	0.907894736842105	0.738462596010375	0.0209391090362036	Bacillota	Clostridia	Oscillospirales	Oscillospiraceae	Flavonifractor	Flavonifractor plautii	LPS / endotoxin
K04042	825_1	1	1	1									LPS / endotoxin
K04042	826_1	1	1	1									LPS / endotoxin
K04042	827_1	2	5	0.4									LPS / endotoxin
K04042	829_1	3	3	1									LPS / endotoxin
K04042	82_1	4	5	0.8									LPS / endotoxin
K04042	830_2	1	3	0.333333333333333									LPS / endotoxin
K04042	832_1	25	29	0.862068965517241	0.456055836466899	0.494786812266898	Bacillota	Clostridia	Oscillospirales	Oscillospiraceae	Lawsonibacter	Lawsonibacter sp900066825	LPS / endotoxin
K04042	832_2	1	1	1									LPS / endotoxin
K04042	834_1	5	5	1									LPS / endotoxin
K04042	835_1	2	3	0.666666666666667									LPS / endotoxin
K04042	836_1	5	6	0.833333333333333									LPS / endotoxin
K04042	836_2	9	10	0.9	-0.187204081364751	0.874535489671309	Bacillota	Clostridia	Oscillospirales	Oscillospiraceae	Onthomonas	Onthomonas sp900545815	LPS / endotoxin
K04042	836_3	1	1	1									LPS / endotoxin
K04042	837_1	7	7	1									LPS / endotoxin
K04042	838_1	1	1	1									LPS / endotoxin
K04042	83_1	5	5	1									LPS / endotoxin
K04042	842_1	10	14	0.714285714285714	-0.925657373513501	0.123424302358515	Bacillota	Clostridia	Oscillospirales	Oscillospiraceae	Faecousia	Faecousia sp900544945	LPS / endotoxin
K04042	84_1	21	22	0.954545454545455	0.263807059614161	0.688715015596133	Bacillota	Bacilli	Lactobacillales	Lactobacillaceae	Weissella	Weissella cibaria	LPS / endotoxin
K04042	851_1	1	1	1									LPS / endotoxin
K04042	852_1	14	19	0.736842105263158	-1.09724232955907	0.0593613966864929	Bacillota	Clostridia	Oscillospirales	Oscillospiraceae	CAG-170	CAG-170 sp003516765	LPS / endotoxin
K04042	853_1	16	21	0.761904761904762	-0.414780070631746	0.301010476805866	Bacillota	Clostridia	Oscillospirales	Oscillospiraceae	CAG-170	""	LPS / endotoxin
K04042	854_1	2	2	1									LPS / endotoxin
K04042	855_1	20	21	0.952380952380952	-0.324603796938809	0.642074806786418	Bacillota	Clostridia	Oscillospirales	Oscillospiraceae	CAG-170	CAG-170 sp900553545	LPS / endotoxin
K04042	855_2	1	1	1									LPS / endotoxin
K04042	855_3	1	1	1									LPS / endotoxin
K04042	856_1	4	9	0.444444444444444									LPS / endotoxin
K04042	857_1	15	19	0.789473684210526	-0.701020869417381	0.157622252780984	Bacillota	Clostridia	Oscillospirales	Oscillospiraceae	CAG-170	CAG-170 sp002404795	LPS / endotoxin
K04042	857_2	1	1	1									LPS / endotoxin
K04042	858_1	13	15	0.866666666666667	-1.06809789574286	0.126524243007168	Bacillota	Clostridia	Oscillospirales	Oscillospiraceae	CAG-170	CAG-170 sp900545925	LPS / endotoxin
K04042	858_2	32	32	1	-1.13214997178511	0.0791276931984622	Bacillota	Clostridia	Oscillospirales	Oscillospiraceae	CAG-170	CAG-170 sp000432135	LPS / endotoxin
K04042	858_3	1	1	1									LPS / endotoxin
K04042	859_1	49	62	0.790322580645161	-1.8320455739007	0.00283815123867424	Bacillota	Clostridia	Oscillospirales	Oscillospiraceae	Hominicoprocola	Hominicoprocola sp900317525	LPS / endotoxin
K04042	85_1	2	2	1									LPS / endotoxin
K04042	860_1	2	2	1									LPS / endotoxin
K04042	861_1	111	115	0.965217391304348	-0.0898050840389248	0.894416768358531	Bacillota	Clostridia	Oscillospirales	Oscillospiraceae	Hominicoprocola	Hominicoprocola fusiformis	LPS / endotoxin
K04042	861_2	2	3	0.666666666666667									LPS / endotoxin
K04042	864_1	42	49	0.857142857142857	-0.412637272055794	0.501567075761143	Bacillota	Clostridia	Oscillospirales	Oscillospiraceae	Faecousia	Faecousia intestinalis	LPS / endotoxin
K04042	865_1	3	5	0.6									LPS / endotoxin
K04042	86_1	1	1	1									LPS / endotoxin
K04042	875_1	1	1	1									LPS / endotoxin
K04042	876_1	1	1	1									LPS / endotoxin
K04042	877_1	4	4	1									LPS / endotoxin
K04042	879_1	100	130	0.769230769230769	0.427294764906586	0.437227229988097	Bacillota	Clostridia	Oscillospirales	Ruminococcaceae	Faecalibacterium	Faecalibacterium longum	LPS / endotoxin
K04042	879_2	4	4	1									LPS / endotoxin
K04042	879_3	1	2	0.5									LPS / endotoxin
K04042	87_1	5	5	1									LPS / endotoxin
K04042	880_1	40	60	0.666666666666667	-0.492274218581123	0.483468909616883	Bacillota	Clostridia	Oscillospirales	Ruminococcaceae	Faecalibacterium	Faecalibacterium prausnitzii_E	LPS / endotoxin
K04042	881_1	8	10	0.8	-1.56863516181883	0.00946480686413603	Bacillota	Clostridia	Oscillospirales	Ruminococcaceae	Faecalibacterium	Faecalibacterium hattorii	LPS / endotoxin
K04042	881_2	1	1	1									LPS / endotoxin
K04042	882_1	72	92	0.782608695652174	0.253167645672424	0.615729532216391	Bacillota	Clostridia	Oscillospirales	Ruminococcaceae	Faecalibacterium	Faecalibacterium prausnitzii	LPS / endotoxin
K04042	882_11	1	1	1									LPS / endotoxin
K04042	882_2	2	2	1									LPS / endotoxin
K04042	882_3	1	1	1									LPS / endotoxin
K04042	882_4	2	3	0.666666666666667									LPS / endotoxin
K04042	882_6	1	1	1									LPS / endotoxin
K04042	882_7	1	1	1									LPS / endotoxin
K04042	882_8	1	1	1									LPS / endotoxin
K04042	882_9	1	2	0.5									LPS / endotoxin
K04042	883_1	69	92	0.75	-0.00503794240808762	0.998990799564075	Bacillota	Clostridia	Oscillospirales	Ruminococcaceae	Faecalibacterium	Faecalibacterium taiwanense	LPS / endotoxin
K04042	883_2	1	1	1									LPS / endotoxin
K04042	883_3	3	4	0.75									LPS / endotoxin
K04042	884_1	56	72	0.777777777777778	0.0815000547282205	0.917709957555471	Bacillota	Clostridia	Oscillospirales	Ruminococcaceae	Faecalibacterium	Faecalibacterium sp900539945	LPS / endotoxin
K04042	884_2	1	2	0.5									LPS / endotoxin
K04042	884_3	1	1	1									LPS / endotoxin
K04042	884_4	1	1	1									LPS / endotoxin
K04042	885_1	2	2	1									LPS / endotoxin
K04042	885_2	1	1	1									LPS / endotoxin
K04042	885_3	2	2	1									LPS / endotoxin
K04042	886_1	18	26	0.692307692307692	-1.01226855596882	0.0178397243368271	Bacillota	Clostridia	Oscillospirales	Ruminococcaceae	Faecalibacterium	Faecalibacterium prausnitzii_I	LPS / endotoxin
K04042	887_1	48	80	0.6	0.215348386702986	0.682851505582824	Bacillota	Clostridia	Oscillospirales	Ruminococcaceae	Faecalibacterium	Faecalibacterium duncaniae	LPS / endotoxin
K04042	887_2	1	1	1									LPS / endotoxin
K04042	888_1	1	1	1									LPS / endotoxin
K04042	889_1	112	120	0.933333333333333	0.0538566884983013	0.943770492010822	Bacillota	Clostridia	Oscillospirales	Ruminococcaceae	Gemmiger	Gemmiger qucibialis	LPS / endotoxin
K04042	88_1	5	5	1									LPS / endotoxin
K04042	890_1	48	49	0.979591836734694	-0.25582819652178	0.635739753893684	Bacillota	Clostridia	Oscillospirales	Ruminococcaceae	Gemmiger	Gemmiger sp900539695	LPS / endotoxin
K04042	890_2	1	1	1									LPS / endotoxin
K04042	892_1	8	12	0.666666666666667	-1.27323347729359	0.00240933426296081	Bacillota	Clostridia	Oscillospirales	Ruminococcaceae	Gemmiger	Gemmiger sp900554145	LPS / endotoxin
K04042	893_1	127	140	0.907142857142857	0.19495488044412	0.778322092567065	Bacillota	Clostridia	Oscillospirales	Ruminococcaceae	Gemmiger	Gemmiger formicilis	LPS / endotoxin
K04042	894_1	5	5	1									LPS / endotoxin
K04042	895_1	17	21	0.80952380952381	-0.933504967344803	0.0831275357601202	Bacillota	Clostridia	Oscillospirales	Ruminococcaceae	Gemmiger	Gemmiger sp900540595	LPS / endotoxin
K04042	896_1	1	1	1									LPS / endotoxin
K04042	897_1	5	5	1									LPS / endotoxin
K04042	898_1	45	46	0.978260869565217	-0.601451393245612	0.33473962943974	Bacillota	Clostridia	Oscillospirales	Ruminococcaceae	Angelakisella	Angelakisella sp900547385	LPS / endotoxin
K04042	899_1	1	1	1									LPS / endotoxin
K04042	89_1	3	9	0.333333333333333									LPS / endotoxin
K04042	8_1	2	2	1									LPS / endotoxin
K04042	900_1	3	3	1									LPS / endotoxin
K04042	906_1	7	9	0.777777777777778									LPS / endotoxin
K04042	908_1	1	1	1									LPS / endotoxin
K04042	909_1	1	1	1									LPS / endotoxin
K04042	909_2	1	1	1									LPS / endotoxin
K04042	90_1	1	2	0.5									LPS / endotoxin
K04042	910_1	84	88	0.954545454545455	0.473047598612671	0.304583391340693	Pseudomonadota	Gammaproteobacteria	Enterobacterales	Enterobacteriaceae	Escherichia	Escherichia coli	LPS / endotoxin
K04042	910_2	1	1	1									LPS / endotoxin
K04042	911_1	1	1	1									LPS / endotoxin
K04042	912_1	3	3	1									LPS / endotoxin
K04042	913_1	4	4	1									LPS / endotoxin
K04042	913_2	1	1	1									LPS / endotoxin
K04042	913_3	1	1	1									LPS / endotoxin
K04042	914_1	5	5	1									LPS / endotoxin
K04042	915_1	3	3	1									LPS / endotoxin
K04042	915_2	4	4	1									LPS / endotoxin
K04042	915_3	36	36	1	0.134378032138443	0.917709957555471	Pseudomonadota	Gammaproteobacteria	Enterobacterales	Enterobacteriaceae	Klebsiella	Klebsiella pneumoniae	LPS / endotoxin
K04042	916_1	1	1	1									LPS / endotoxin
K04042	917_1	8	11	0.727272727272727	-0.70379614547569	0.386263411791169	Bacillota	Clostridia	Peptostreptococcales	Anaerovoracaceae	UMGS973	UMGS973 sp900547295	LPS / endotoxin
K04042	918_1	7	8	0.875									LPS / endotoxin
K04042	919_1	3	3	1									LPS / endotoxin
K04042	920_1	2	2	1									LPS / endotoxin
K04042	921_1	7	7	1									LPS / endotoxin
K04042	922_1	1	1	1									LPS / endotoxin
K04042	924_1	3	3	1									LPS / endotoxin
K04042	925_1	16	19	0.842105263157895	0.295612115197816	0.487289334851808	Bacillota	Clostridia	Peptostreptococcales	Anaerovoracaceae	Lentihominibacter	Lentihominibacter faecis	LPS / endotoxin
K04042	926_1	9	9	1									LPS / endotoxin
K04042	927_1	1	3	0.333333333333333									LPS / endotoxin
K04042	928_1	14	16	0.875	-0.412721012501429	0.313508405541162	Bacillota	Clostridia	Peptostreptococcales	Anaerovoracaceae	CAG-238	CAG-238 sp900551415	LPS / endotoxin
K04042	928_2	12	13	0.923076923076923	-1.09938580695589	0.0623596104399875	Bacillota	Clostridia	Peptostreptococcales	Anaerovoracaceae	CAG-238	CAG-238 sp900542245	LPS / endotoxin
K04042	928_3	1	1	1									LPS / endotoxin
K04042	929_1	1	2	0.5									LPS / endotoxin
K04042	929_2	6	7	0.857142857142857									LPS / endotoxin
K04042	92_1	11	11	1	0.427671325621426	0.501567075761143	Bacillota	Bacilli	Lactobacillales	Lactobacillaceae	Weissella	Weissella koreensis	LPS / endotoxin
K04042	930_1	1	1	1									LPS / endotoxin
K04042	932_1	2	2	1									LPS / endotoxin
K04042	933_1	5	6	0.833333333333333									LPS / endotoxin
K04042	934_1	10	11	0.909090909090909	-0.41931158710435	0.699473689670921	Verrucomicrobiota	Lentisphaeria	Victivallales	Victivallaceae	Victivallis	Victivallis lenta	LPS / endotoxin
K04042	939_1	12	13	0.923076923076923	-0.582476799143684	0.274924252877668	Pseudomonadota	Gammaproteobacteria	Burkholderiales	Burkholderiaceae	Mesosutterella	Mesosutterella multiformis	LPS / endotoxin
K04042	939_2	1	1	1									LPS / endotoxin
K04042	93_1	8	8	1									LPS / endotoxin
K04042	940_1	1	1	1									LPS / endotoxin
K04042	941_1	1	1	1									LPS / endotoxin
K04042	942_1	4	6	0.666666666666667									LPS / endotoxin
K04042	943_1	1	1	1									LPS / endotoxin
K04042	944_1	1	1	1									LPS / endotoxin
K04042	945_1	3	4	0.75									LPS / endotoxin
K04042	946_1	4	4	1									LPS / endotoxin
K04042	947_1	1	1	1									LPS / endotoxin
K04042	948_1	11	11	1	-0.0979922819887544	0.92352297586185	Pseudomonadota	Alphaproteobacteria	RF32	CAG-239	Scatocola	Scatocola faecipullorum	LPS / endotoxin
K04042	949_1	2	2	1									LPS / endotoxin
K04042	957_1	2	3	0.666666666666667									LPS / endotoxin
K04042	958_1	7	9	0.777777777777778									LPS / endotoxin
K04042	95_1	1	1	1									LPS / endotoxin
K04042	96_1	1	1	1									LPS / endotoxin
K04042	97_1	6	6	1									LPS / endotoxin
K04042	98_1	1	1	1									LPS / endotoxin
K04042	99_1	7	7	1									LPS / endotoxin
K04042	9_1	3	4	0.75									LPS / endotoxin
K07130	1018_1	1	1	1									Tryptophan metabolism
K07130	1023_1	2	4	0.5									Tryptophan metabolism
K07130	1024_1	4	6	0.666666666666667									Tryptophan metabolism
K07130	1024_2	1	1	1									Tryptophan metabolism
K07130	1025_1	3	11	0.272727272727273	0.196106397696826	0.701738090779955	Bacteroidota	Bacteroidia	Bacteroidales	Bacteroidaceae	Phocaeicola	""	Tryptophan metabolism
K07130	1050_1	1	1	1									Tryptophan metabolism
K07130	1074_32	1	1	1									Tryptophan metabolism
K07130	183_1	9	11	0.818181818181818	-1.00954114009101	0.0444760431520508	Bacillota	Bacilli	Erysipelotrichales	Erysipelotrichaceae	Bulleidia	Bulleidia sp900539965	Tryptophan metabolism
K07130	210_1	1	1	1									Tryptophan metabolism
K07130	217_1	44	72	0.611111111111111	-0.108585260323466	0.906956554086696	Bacillota	Clostridia	Oscillospirales	Acutalibacteraceae	Fimenecus	Fimenecus sp000432435	Tryptophan metabolism
K07130	218_1	3	3	1									Tryptophan metabolism
K07130	239_1	3	4	0.75									Tryptophan metabolism
K07130	240_1	1	1	1									Tryptophan metabolism
K07130	241_1	1	1	1									Tryptophan metabolism
K07130	242_1	8	12	0.666666666666667	-1.80635054857245	0.0940957035536014	Bacillota	Clostridia	Oscillospirales	Acutalibacteraceae	UMGS856	UMGS856 sp900546265	Tryptophan metabolism
K07130	243_1	1	1	1									Tryptophan metabolism
K07130	245_1	2	2	1									Tryptophan metabolism
K07130	246_1	1	1	1									Tryptophan metabolism
K07130	247_1	2	3	0.666666666666667									Tryptophan metabolism
K07130	251_1	3	4	0.75									Tryptophan metabolism
K07130	252_1	1	1	1									Tryptophan metabolism
K07130	260_1	1	1	1									Tryptophan metabolism
K07130	262_1	14	14	1	-0.795661344060123	0.378001205993654	Bacillota	Clostridia	Oscillospirales	Acutalibacteraceae	Clostridium_A	Clostridium_A leptum	Tryptophan metabolism
K07130	27_1	105	106	0.990566037735849	0.813502492465311	0.0163572745565952	Pseudomonadota	Gammaproteobacteria	Burkholderiales	Burkholderiaceae	Sutterella	Sutterella wadsworthensis	Tryptophan metabolism
K07130	282_1	2	3	0.666666666666667									Tryptophan metabolism
K07130	286_1	4	7	0.571428571428571									Tryptophan metabolism
K07130	28_1	20	21	0.952380952380952	-0.0361969092085721	0.97895269557244	Pseudomonadota	Gammaproteobacteria	Burkholderiales	Burkholderiaceae	Sutterella	Sutterella faecalis	Tryptophan metabolism
K07130	28_2	8	8	1									Tryptophan metabolism
K07130	296_1	1	1	1									Tryptophan metabolism
K07130	298_1	1	1	1									Tryptophan metabolism
K07130	29_1	70	70	1	0.159382912070147	0.86402450234671	Pseudomonadota	Gammaproteobacteria	Burkholderiales	Burkholderiaceae	Sutterella	Sutterella wadsworthensis_A	Tryptophan metabolism
K07130	2_1	2	2	1									Tryptophan metabolism
K07130	302_1	4	8	0.5									Tryptophan metabolism
K07130	303_1	6	14	0.428571428571429	-0.729710925062759	0.163423091828184	Bacillota	Clostridia	Christensenellales	Aristaeellaceae	Ventricola	Ventricola sp900542445	Tryptophan metabolism
K07130	304_1	16	29	0.551724137931035	-1.05694439057469	0.15003989299863	Bacillota	Clostridia	Christensenellales	Aristaeellaceae	Ventricola	Ventricola sp900542395	Tryptophan metabolism
K07130	30_1	1	1	1									Tryptophan metabolism
K07130	316_1	1	1	1									Tryptophan metabolism
K07130	32_1	1	1	1									Tryptophan metabolism
K07130	34_1	3	3	1									Tryptophan metabolism
K07130	35_1	1	1	1									Tryptophan metabolism
K07130	36_1	1	1	1									Tryptophan metabolism
K07130	378_1	65	98	0.663265306122449	-0.130375867064473	0.834948011033038	Bacillota	Clostridia	Peptostreptococcales	Peptostreptococcaceae	Romboutsia	Romboutsia timonensis	Tryptophan metabolism
K07130	37_1	1	1	1									Tryptophan metabolism
K07130	40_1	12	42	0.285714285714286	0.203893836581251	0.833102298794183	Pseudomonadota	Gammaproteobacteria	Burkholderiales	Burkholderiaceae	Parasutterella	Parasutterella excrementihominis	Tryptophan metabolism
K07130	432_1	2	5	0.4									Tryptophan metabolism
K07130	433_1	50	98	0.510204081632653	0.459923672633173	0.333199402533618	Bacillota	Clostridia	Oscillospirales	Ruminococcaceae	Hominimerdicola	Hominimerdicola aceti	Tryptophan metabolism
K07130	436_1	7	7	1									Tryptophan metabolism
K07130	439_1	1	1	1									Tryptophan metabolism
K07130	43_1	1	1	1									Tryptophan metabolism
K07130	442_1	9	9	1									Tryptophan metabolism
K07130	444_1	62	68	0.911764705882353	0.0267571541175575	0.977036408656166	Bacillota	Bacilli	Lactobacillales	Streptococcaceae	Streptococcus	Streptococcus salivarius	Tryptophan metabolism
K07130	444_2	8	10	0.8	0.204101609936718	0.645351074882835	Bacillota	Bacilli	Lactobacillales	Streptococcaceae	Streptococcus	Streptococcus thermophilus	Tryptophan metabolism
K07130	445_1	5	5	1									Tryptophan metabolism
K07130	445_3	1	1	1									Tryptophan metabolism
K07130	445_4	1	1	1									Tryptophan metabolism
K07130	446_1	4	4	1									Tryptophan metabolism
K07130	446_2	12	16	0.75	0.132508502777099	0.903548698977595	Bacillota	Bacilli	Lactobacillales	Streptococcaceae	Streptococcus	""	Tryptophan metabolism
K07130	446_3	3	4	0.75									Tryptophan metabolism
K07130	446_4	1	1	1									Tryptophan metabolism
K07130	446_5	1	1	1									Tryptophan metabolism
K07130	446_6	1	1	1									Tryptophan metabolism
K07130	446_8	1	1	1									Tryptophan metabolism
K07130	448_1	1	1	1									Tryptophan metabolism
K07130	448_2	1	1	1									Tryptophan metabolism
K07130	45_1	1	4	0.25									Tryptophan metabolism
K07130	460_1	2	2	1									Tryptophan metabolism
K07130	466_1	10	10	1	-3.06343954821758	0.0228985834013386	Bacillota	Clostridia	Oscillospirales	Acutalibacteraceae	CAG-177	CAG-177 sp000431775	Tryptophan metabolism
K07130	468_1	21	21	1	0.0957629958797071	0.927175507808937	Bacillota	Clostridia	Oscillospirales	Acutalibacteraceae	CAG-177	CAG-177 sp003538135	Tryptophan metabolism
K07130	468_2	46	47	0.978723404255319	-0.12260223506872	0.917709957555471	Bacillota	Clostridia	Oscillospirales	Acutalibacteraceae	CAG-177	CAG-177 sp003514385	Tryptophan metabolism
K07130	469_1	1	1	1									Tryptophan metabolism
K07130	46_1	1	1	1									Tryptophan metabolism
K07130	473_1	5	5	1									Tryptophan metabolism
K07130	473_2	14	14	1	-0.912928454314327	0.190198928456519	Bacillota	Clostridia	Oscillospirales	Acutalibacteraceae	CAG-488	CAG-488 sp000434055	Tryptophan metabolism
K07130	473_3	1	1	1									Tryptophan metabolism
K07130	482_1	5	7	0.714285714285714									Tryptophan metabolism
K07130	483_1	2	4	0.5									Tryptophan metabolism
K07130	494_1	13	28	0.464285714285714	0.12360604124457	0.857598970815532	Bacillota	Clostridia	Lachnospirales	CAG-274	CAG-274	CAG-274 sp900545305	Tryptophan metabolism
K07130	494_2	17	50	0.34	0.167720074272404	0.849404650914935	Bacillota	Clostridia	Lachnospirales	CAG-274	CAG-274	CAG-274 sp000432155	Tryptophan metabolism
K07130	4_1	18	20	0.9	-0.84380619277371	0.148414564832512	Methanobacteriota	Methanobacteria	Methanobacteriales	Methanobacteriaceae	Methanocatella	Methanocatella smithii	Tryptophan metabolism
K07130	523_1	33	34	0.970588235294118	-0.528143067512205	0.538176494665755	Bacillota	Clostridia	Oscillospirales	Acutalibacteraceae	Ruminococcoides	Ruminococcoides intestinalis	Tryptophan metabolism
K07130	524_1	123	128	0.9609375	0.978725947890569	0.0238024965733005	Bacillota	Clostridia	Oscillospirales	Acutalibacteraceae	Ruminococcoides	Ruminococcoides intestinale	Tryptophan metabolism
K07130	524_2	3	3	1									Tryptophan metabolism
K07130	526_1	1	1	1									Tryptophan metabolism
K07130	538_1	1	3	0.333333333333333									Tryptophan metabolism
K07130	551_1	4	4	1									Tryptophan metabolism
K07130	552_1	5	5	1									Tryptophan metabolism
K07130	554_1	1	1	1									Tryptophan metabolism
K07130	622_1	2	2	1									Tryptophan metabolism
K07130	623_1	19	19	1	0.782161100459263	0.239302467497399	Bacillota	Clostridia	Lachnospirales	Lachnospiraceae	Schaedlerella	Schaedlerella glycyrrhizinilytica_A	Tryptophan metabolism
K07130	634_1	1	1	1									Tryptophan metabolism
K07130	635_1	2	2	1									Tryptophan metabolism
K07130	636_1	6	6	1									Tryptophan metabolism
K07130	637_1	3	3	1									Tryptophan metabolism
K07130	637_2	9	9	1									Tryptophan metabolism
K07130	643_1	2	2	1									Tryptophan metabolism
K07130	648_1	1	1	1									Tryptophan metabolism
K07130	653_1	1	4	0.25									Tryptophan metabolism
K07130	662_1	1	1	1									Tryptophan metabolism
K07130	663_1	3	3	1									Tryptophan metabolism
K07130	668_1	1	1	1									Tryptophan metabolism
K07130	669_1	11	11	1	-0.816420843338708	0.120516227904004	Bacillota	Clostridia	Lachnospirales	Lachnospiraceae	Limivivens	Limivivens sp905214955	Tryptophan metabolism
K07130	675_1	177	186	0.951612903225806	0.905179036869504	0.141624400887205	Bacillota	Clostridia	Lachnospirales	Lachnospiraceae	Fusicatenibacter	Fusicatenibacter saccharivorans	Tryptophan metabolism
K07130	693_1	42	44	0.954545454545455	0.13111921488241	0.897099977041137	Bacillota	Clostridia	Lachnospirales	Lachnospiraceae	Blautia	""	Tryptophan metabolism
K07130	693_2	32	34	0.941176470588235	-0.862191818977854	0.0959908867751955	Bacillota	Clostridia	Lachnospirales	Lachnospiraceae	Blautia	Blautia stercoris	Tryptophan metabolism
K07130	694_1	2	3	0.666666666666667									Tryptophan metabolism
K07130	694_2	1	1	1									Tryptophan metabolism
K07130	695_1	1	1	1									Tryptophan metabolism
K07130	699_1	1	3	0.333333333333333									Tryptophan metabolism
K07130	717_1	1	1	1									Tryptophan metabolism
K07130	719_1	22	26	0.846153846153846	0.428721550646138	0.587331583512973	Bacillota	Clostridia	Lachnospirales	Lachnospiraceae	Blautia	Blautia sp900541955	Tryptophan metabolism
K07130	723_1	1	1	1									Tryptophan metabolism
K07130	724_1	1	1	1									Tryptophan metabolism
K07130	728_1	1	1	1									Tryptophan metabolism
K07130	772_1	2	2	1									Tryptophan metabolism
K07130	850_1	1	1	1									Tryptophan metabolism
K07130	854_1	2	2	1									Tryptophan metabolism
K07130	85_1	2	2	1									Tryptophan metabolism
K07130	939_1	7	13	0.538461538461538	-0.582476799143684	0.274924252877668	Pseudomonadota	Gammaproteobacteria	Burkholderiales	Burkholderiaceae	Mesosutterella	Mesosutterella multiformis	Tryptophan metabolism
K07130	93_1	8	8	1									Tryptophan metabolism
K07130	957_1	2	3	0.666666666666667									Tryptophan metabolism
K07130	968_1	2	4	0.5									Tryptophan metabolism
K07130	996_1	2	4	0.5									Tryptophan metabolism
K07130	996_2	3	3	1									Tryptophan metabolism
K11004	114_1	3	7	0.428571428571429									Bacterial secretion
K11004	115_1	1	1	1									Bacterial secretion
K11004	116_1	2	6	0.333333333333333									Bacterial secretion
K11004	119_1	2	3	0.666666666666667									Bacterial secretion
K11004	122_1	8	19	0.421052631578947	-0.625888446707987	0.0649132412363935	Bacillota	Bacilli	RF39	UBA660	CAG-433	CAG-433 sp000433675	Bacterial secretion
K11004	122_2	6	9	0.666666666666667									Bacterial secretion
K11004	124_1	7	9	0.777777777777778									Bacterial secretion
K11004	124_2	1	1	1									Bacterial secretion
K11004	128_1	1	1	1									Bacterial secretion
K11004	137_1	1	3	0.333333333333333									Bacterial secretion
K11004	140_1	2	3	0.666666666666667									Bacterial secretion
K11004	145_1	4	6	0.666666666666667									Bacterial secretion
K11004	146_1	1	1	1									Bacterial secretion
K11004	150_1	26	31	0.838709677419355	-1.035861576165	0.0787568445163402	Bacillota	Bacilli	RF39	UBA660	CAG-302	CAG-302 sp934162325	Bacterial secretion
K11004	152_1	1	1	1									Bacterial secretion
K11004	158_1	1	1	1									Bacterial secretion
K11004	191_1	1	2	0.5									Bacterial secretion
K11004	192_1	1	4	0.25									Bacterial secretion
K11004	21_1	2	2	1									Bacterial secretion
K11004	233_4	1	1	1									Bacterial secretion
K11004	296_1	1	1	1									Bacterial secretion
K11004	310_1	1	3	0.333333333333333									Bacterial secretion
K11004	381_1	1	1	1									Bacterial secretion
K11004	386_1	1	1	1									Bacterial secretion
K11004	414_1	1	1	1									Bacterial secretion
K11004	418_1	12	46	0.260869565217391	-0.882135402996782	0.0170444218845398	Bacillota	Clostridia	Oscillospirales	Ruminococcaceae	Ruminococcus_C	Ruminococcus_C callidus	Bacterial secretion
K11004	427_1	1	1	1									Bacterial secretion
K11004	430_1	4	5	0.8									Bacterial secretion
K11004	431_1	1	1	1									Bacterial secretion
K11004	432_1	4	5	0.8									Bacterial secretion
K11004	47_1	1	1	1									Bacterial secretion
K11004	509_1	1	4	0.25									Bacterial secretion
K11004	50_1	1	2	0.5									Bacterial secretion
K11004	521_1	2	8	0.25									Bacterial secretion
K11004	54_1	1	3	0.333333333333333									Bacterial secretion
K11004	564_1	1	4	0.25									Bacterial secretion
K11004	572_1	3	3	1									Bacterial secretion
K11004	576_1	5	7	0.714285714285714									Bacterial secretion
K11004	58_1	1	1	1									Bacterial secretion
K11004	60_17	1	1	1									Bacterial secretion
K11004	634_1	1	1	1									Bacterial secretion
K11004	74_1	1	1	1									Bacterial secretion
K11004	915_1	1	3	0.333333333333333									Bacterial secretion
K11004	933_1	6	6	1									Bacterial secretion
K11004	934_1	8	11	0.727272727272727	-0.41931158710435	0.699473689670921	Verrucomicrobiota	Lentisphaeria	Victivallales	Victivallaceae	Victivallis	Victivallis lenta	Bacterial secretion
K11004	936_1	1	2	0.5									Bacterial secretion
K11004	937_1	12	13	0.923076923076923	-0.241923571364727	0.688715015596133	Verrucomicrobiota	Lentisphaeria	Victivallales	UBA1829	UBA11452	UBA11452 sp003526375	Bacterial secretion
K11004	946_1	4	4	1									Bacterial secretion
K11004	949_1	1	2	0.5									Bacterial secretion
K11528	1063_1	2	2	1									LPS / endotoxin
K11528	1063_2	1	1	1									LPS / endotoxin
K11528	1063_3	1	1	1									LPS / endotoxin
K11528	158_2	4	16	0.25	-0.546770164412668	0.238418856837908	Bacillota	Bacilli	ML615J-28	CAG-313	CAG-313	CAG-313 sp003539625	LPS / endotoxin
K11528	15_1	6	6	1									LPS / endotoxin
K11528	179_1	109	116	0.939655172413793	0.622474215001055	0.0870945140509126	Bacillota	Bacilli	Erysipelotrichales	Coprobacillaceae	Faecalibacillus	Faecalibacillus intestinalis	LPS / endotoxin
K11528	179_2	13	14	0.928571428571429	-0.708743101186255	0.139260622340075	Bacillota	Bacilli	Erysipelotrichales	Coprobacillaceae	Faecalibacillus	Faecalibacillus faecis	LPS / endotoxin
K11528	189_1	1	2	0.5									LPS / endotoxin
K11528	222_1	1	1	1									LPS / endotoxin
K11528	289_1	4	4	1									LPS / endotoxin
K11528	290_1	1	1	1									LPS / endotoxin
K11528	294_1	7	9	0.777777777777778									LPS / endotoxin
K11528	294_2	1	1	1									LPS / endotoxin
K11528	295_1	5	5	1									LPS / endotoxin
K11528	296_1	1	1	1									LPS / endotoxin
K11528	298_1	1	1	1									LPS / endotoxin
K11528	305_1	3	3	1									LPS / endotoxin
K11528	306_1	121	126	0.96031746031746	0.665519920437379	0.139287301659451	Desulfobacterota_I	Desulfovibrionia	Desulfovibrionales	Desulfovibrionaceae	Bilophila	Bilophila wadsworthia	LPS / endotoxin
K11528	306_2	2	2	1									LPS / endotoxin
K11528	307_1	1	1	1									LPS / endotoxin
K11528	419_1	4	7	0.571428571428571									LPS / endotoxin
K11528	420_1	11	14	0.785714285714286	-0.0140835315860196	0.987596417076079	Bacillota	Clostridia	Oscillospirales	Acutalibacteraceae	UMGS1071	UMGS1071 sp900542375	LPS / endotoxin
K11528	420_2	8	11	0.727272727272727	0.504812658526316	0.278627870170504	Bacillota	Clostridia	Oscillospirales	Acutalibacteraceae	UMGS1071	UMGS1071 sp900541905	LPS / endotoxin
K11528	420_3	1	1	1									LPS / endotoxin
K11528	47_1	1	1	1									LPS / endotoxin
K11528	521_1	6	8	0.75									LPS / endotoxin
K11528	529_1	2	2	1									LPS / endotoxin
K11528	639_1	1	1	1									LPS / endotoxin
K11528	657_1	2	2	1									LPS / endotoxin
K11528	658_1	1	1	1									LPS / endotoxin
K11528	659_1	1	1	1									LPS / endotoxin
K11528	660_1	1	1	1									LPS / endotoxin
K11528	946_1	1	4	0.25									LPS / endotoxin
K11528	948_1	4	11	0.363636363636364	-0.0979922819887544	0.92352297586185	Pseudomonadota	Alphaproteobacteria	RF32	CAG-239	Scatocola	Scatocola faecipullorum	LPS / endotoxin
K11528	949_1	1	2	0.5									LPS / endotoxin
K21345	27_1	105	106	0.990566037735849	0.813502492465311	0.0163572745565952	Pseudomonadota	Gammaproteobacteria	Burkholderiales	Burkholderiaceae	Sutterella	Sutterella wadsworthensis	LPS / endotoxin
K21345	28_1	21	21	1	-0.0361969092085721	0.97895269557244	Pseudomonadota	Gammaproteobacteria	Burkholderiales	Burkholderiaceae	Sutterella	Sutterella faecalis	LPS / endotoxin
K21345	28_2	8	8	1									LPS / endotoxin
K21345	29_1	70	70	1	0.159382912070147	0.86402450234671	Pseudomonadota	Gammaproteobacteria	Burkholderiales	Burkholderiaceae	Sutterella	Sutterella wadsworthensis_A	LPS / endotoxin
K21345	30_1	1	1	1									LPS / endotoxin
K21345	31_1	1	1	1									LPS / endotoxin
K21345	33_1	9	9	1									LPS / endotoxin
K21345	34_1	3	3	1									LPS / endotoxin
K21345	35_1	1	1	1									LPS / endotoxin
K21345	36_1	1	1	1									LPS / endotoxin
K21345	37_1	1	1	1									LPS / endotoxin
K21345	38_1	1	1	1									LPS / endotoxin
K21345	39_1	11	12	0.916666666666667	-1.59593253056797	0.0503680321304428	Pseudomonadota	Gammaproteobacteria	Burkholderiales	Burkholderiaceae	Duodenibacillus	Duodenibacillus sp900544335	LPS / endotoxin
K21345	40_1	40	42	0.952380952380952	0.203893836581251	0.833102298794183	Pseudomonadota	Gammaproteobacteria	Burkholderiales	Burkholderiaceae	Parasutterella	Parasutterella excrementihominis	LPS / endotoxin
K21345	40_2	32	33	0.96969696969697	-0.188519900743662	0.757559086992637	Pseudomonadota	Gammaproteobacteria	Burkholderiales	Burkholderiaceae	Parasutterella	Parasutterella gallistercoris	LPS / endotoxin
K21345	40_3	2	2	1									LPS / endotoxin
K21345	41_1	3	3	1									LPS / endotoxin
K21345	42_1	3	3	1									LPS / endotoxin
K21345	42_2	6	6	1									LPS / endotoxin
K21345	43_1	1	1	1									LPS / endotoxin
K21345	44_1	18	18	1	-0.456509804402735	0.844475629302577	Pseudomonadota	Gammaproteobacteria	Burkholderiales	Burkholderiaceae	Duodenibacillus	Duodenibacillus massiliensis	LPS / endotoxin
K21345	45_1	4	4	1									LPS / endotoxin
K21345	939_1	13	13	1	-0.582476799143684	0.274924252877668	Pseudomonadota	Gammaproteobacteria	Burkholderiales	Burkholderiaceae	Mesosutterella	Mesosutterella multiformis	LPS / endotoxin
K21345	939_2	1	1	1									LPS / endotoxin
K21345	940_1	1	1	1									LPS / endotoxin
K21345	941_1	1	1	1									LPS / endotoxin
K21345	942_1	4	6	0.666666666666667									LPS / endotoxin
K21345	943_1	1	1	1									LPS / endotoxin
K21345	944_1	1	1	1									LPS / endotoxin
